﻿<?xml version="1.0" encoding="UTF-8"?>
<site generator-info-name="WebGrab+Plus/w MDB &amp; REX Postprocess -- version V3.0.0.9 -- Jan van Straaten" site="telecablesat.fr">
  <channels>
    <channel update="i" site="telecablesat.fr" site_id="2/13eme-rue" xmltv_id="13eme RUE">13eme RUE</channel>
    <channel update="i" site="telecablesat.fr" site_id="340/2m-monde" xmltv_id="2M Monde">2M Monde</channel>
    <channel update="i" site="telecablesat.fr" site_id="3/3sat" xmltv_id="3SAT">3SAT</channel>
    <channel update="i" site="telecablesat.fr" site_id="1403/6ter" xmltv_id="6ter">6ter</channel>
    <channel update="i" site="telecablesat.fr" site_id="421/8-mont-blanc" xmltv_id="8 Mont-Blanc">8 Mont-Blanc</channel>
    <channel update="i" site="telecablesat.fr" site_id="2049/a-international-france" xmltv_id="A+ International France">A+ International France</channel>
    <channel update="i" site="telecablesat.fr" site_id="5/ab-1" xmltv_id="AB 1">AB 1</channel>
    <channel update="i" site="telecablesat.fr" site_id="254/ab-3" xmltv_id="AB 3">AB 3</channel>
    <channel update="i" site="telecablesat.fr" site_id="303/abxplore" xmltv_id="ABXPLORE">ABXPLORE</channel>
    <channel update="i" site="telecablesat.fr" site_id="10/action" xmltv_id="Action">Action</channel>
    <channel update="i" site="telecablesat.fr" site_id="388/actv" xmltv_id="ACTV">ACTV</channel>
    <channel update="i" site="telecablesat.fr" site_id="525/al-jazeera-english" xmltv_id="Al Jazeera English">Al Jazeera English</channel>
    <channel update="i" site="telecablesat.fr" site_id="524/alsace-20" xmltv_id="Alsace 20">Alsace 20</channel>
    <channel update="i" site="telecablesat.fr" site_id="2320/altice-studio" xmltv_id="Altice Studio">Altice Studio</channel>
    <channel update="i" site="telecablesat.fr" site_id="12/animaux" xmltv_id="Animaux">Animaux</channel>
    <channel update="i" site="telecablesat.fr" site_id="436/antenne-reunion" xmltv_id="Antenne Réunion">Antenne Réunion</channel>
    <channel update="i" site="telecablesat.fr" site_id="13/ard" xmltv_id="ARD">ARD</channel>
    <channel update="i" site="telecablesat.fr" site_id="111/arte" xmltv_id="Arte">Arte</channel>
    <channel update="i" site="telecablesat.fr" site_id="1140/atv-guadeloupe" xmltv_id="ATV Guadeloupe">ATV Guadeloupe</channel>
    <channel update="i" site="telecablesat.fr" site_id="1531/atv-guyane" xmltv_id="ATV Guyane">ATV Guyane</channel>
    <channel update="i" site="telecablesat.fr" site_id="295/atv-martinique" xmltv_id="ATV Martinique">ATV Martinique</channel>
    <channel update="i" site="telecablesat.fr" site_id="15/automoto" xmltv_id="Automoto">Automoto</channel>
    <channel update="i" site="telecablesat.fr" site_id="1156/azur-tv" xmltv_id="Azur TV">Azur TV</channel>
    <channel update="i" site="telecablesat.fr" site_id="23/een" xmltv_id="één">één</channel>
    <channel update="i" site="telecablesat.fr" site_id="16/bbc-1" xmltv_id="BBC 1">BBC 1</channel>
    <channel update="i" site="telecablesat.fr" site_id="17/bbc-2" xmltv_id="BBC 2">BBC 2</channel>
    <channel update="i" site="telecablesat.fr" site_id="18/bbc-entertainment" xmltv_id="BBC Entertainment">BBC Entertainment</channel>
    <channel update="i" site="telecablesat.fr" site_id="19/bbc-world-news" xmltv_id="BBC World News">BBC World News</channel>
    <channel update="i" site="telecablesat.fr" site_id="29/be-1" xmltv_id="BE 1">BE 1</channel>
    <channel update="i" site="telecablesat.fr" site_id="417/be-cine" xmltv_id="Be Ciné">Be Ciné</channel>
    <channel update="i" site="telecablesat.fr" site_id="418/be-series" xmltv_id="Be Séries">Be Séries</channel>
    <channel update="i" site="telecablesat.fr" site_id="1290/bein-sports-1" xmltv_id="beIN SPORTS 1">beIN SPORTS 1</channel>
    <channel update="i" site="telecablesat.fr" site_id="1304/bein-sports-2" xmltv_id="beIN SPORTS 2">beIN SPORTS 2</channel>
    <channel update="i" site="telecablesat.fr" site_id="1335/bein-sports-3" xmltv_id="beIN SPORTS 3">beIN SPORTS 3</channel>
    <channel update="i" site="telecablesat.fr" site_id="1342/bein-sports-max-10" xmltv_id="beIN SPORTS MAX 10">beIN SPORTS MAX 10</channel>
    <channel update="i" site="telecablesat.fr" site_id="1336/bein-sports-max-4" xmltv_id="beIN SPORTS MAX 4">beIN SPORTS MAX 4</channel>
    <channel update="i" site="telecablesat.fr" site_id="1337/bein-sports-max-5" xmltv_id="beIN SPORTS MAX 5">beIN SPORTS MAX 5</channel>
    <channel update="i" site="telecablesat.fr" site_id="1338/bein-sports-max-6" xmltv_id="beIN SPORTS MAX 6">beIN SPORTS MAX 6</channel>
    <channel update="i" site="telecablesat.fr" site_id="1339/bein-sports-max-7" xmltv_id="beIN SPORTS MAX 7">beIN SPORTS MAX 7</channel>
    <channel update="i" site="telecablesat.fr" site_id="1340/bein-sports-max-8" xmltv_id="beIN SPORTS MAX 8">beIN SPORTS MAX 8</channel>
    <channel update="i" site="telecablesat.fr" site_id="1341/bein-sports-max-9" xmltv_id="beIN SPORTS MAX 9">beIN SPORTS MAX 9</channel>
    <channel update="i" site="telecablesat.fr" site_id="1960/bet" xmltv_id="BET">BET</channel>
    <channel update="i" site="telecablesat.fr" site_id="1073/bfm-business" xmltv_id="BFM Business">BFM Business</channel>
    <channel update="i" site="telecablesat.fr" site_id="116/bfm-lyon-metropole" xmltv_id="BFM Lyon Métropole">BFM Lyon Métropole</channel>
    <channel update="i" site="telecablesat.fr" site_id="481/bfmtv" xmltv_id="BFMTV">BFMTV</channel>
    <channel update="i" site="telecablesat.fr" site_id="924/boing" xmltv_id="Boing">Boing</channel>
    <channel update="i" site="telecablesat.fr" site_id="321/boomerang" xmltv_id="Boomerang">Boomerang</channel>
    <channel update="i" site="telecablesat.fr" site_id="382/bx1" xmltv_id="BX1">BX1</channel>
    <channel update="i" site="telecablesat.fr" site_id="445/c8" xmltv_id="C8">C8</channel>
    <channel update="i" site="telecablesat.fr" site_id="389/canal-c" xmltv_id="Canal C">Canal C</channel>
    <channel update="i" site="telecablesat.fr" site_id="32/canal-j" xmltv_id="Canal J">Canal J</channel>
    <channel update="i" site="telecablesat.fr" site_id="936/canal-z" xmltv_id="Canal Z">Canal Z</channel>
    <channel update="i" site="telecablesat.fr" site_id="386/canal-zoom" xmltv_id="Canal Zoom">Canal Zoom</channel>
    <channel update="i" site="telecablesat.fr" site_id="34/canal" xmltv_id="Canal+">Canal+</channel>
    <channel update="i" site="telecablesat.fr" site_id="376/canal-antilles" xmltv_id="Canal+ Antilles">Canal+ Antilles</channel>
    <channel update="i" site="telecablesat.fr" site_id="33/canal-cinema" xmltv_id="Canal+ Cinéma">Canal+ Cinéma</channel>
    <channel update="i" site="telecablesat.fr" site_id="30/canal-decale" xmltv_id="Canal+ Décalé">Canal+ Décalé</channel>
    <channel update="i" site="telecablesat.fr" site_id="657/canal-family" xmltv_id="Canal+ Family">Canal+ Family</channel>
    <channel update="i" site="telecablesat.fr" site_id="1563/canal-series" xmltv_id="Canal+ Séries">Canal+ Séries</channel>
    <channel update="i" site="telecablesat.fr" site_id="35/canal-sport" xmltv_id="Canal+ Sport">Canal+ Sport</channel>
    <channel update="i" site="telecablesat.fr" site_id="24/canvas" xmltv_id="Canvas">Canvas</channel>
    <channel update="i" site="telecablesat.fr" site_id="36/cartoon-network" xmltv_id="Cartoon Network">Cartoon Network</channel>
    <channel update="i" site="telecablesat.fr" site_id="318/cgtn" xmltv_id="CGTN">CGTN</channel>
    <channel update="i" site="telecablesat.fr" site_id="38/chasse-et-peche" xmltv_id="Chasse et pêche">Chasse et pêche</channel>
    <channel update="i" site="telecablesat.fr" site_id="1399/cherie-25" xmltv_id="Chérie 25">Chérie 25</channel>
    <channel update="i" site="telecablesat.fr" site_id="287/cine-classic" xmltv_id="Ciné+ Classic">Ciné+ Classic</channel>
    <channel update="i" site="telecablesat.fr" site_id="437/cine-classic-belgique" xmltv_id="Ciné+ Classic Belgique">Ciné+ Classic Belgique</channel>
    <channel update="i" site="telecablesat.fr" site_id="285/cine-club" xmltv_id="Ciné+ Club">Ciné+ Club</channel>
    <channel update="i" site="telecablesat.fr" site_id="283/cine-emotion" xmltv_id="Ciné+ Emotion">Ciné+ Emotion</channel>
    <channel update="i" site="telecablesat.fr" site_id="401/cine-famiz" xmltv_id="Ciné+ Famiz">Ciné+ Famiz</channel>
    <channel update="i" site="telecablesat.fr" site_id="284/cine-frisson" xmltv_id="Ciné+ Frisson">Ciné+ Frisson</channel>
    <channel update="i" site="telecablesat.fr" site_id="317/cine-frisson-belgique" xmltv_id="Ciné+ Frisson Belgique">Ciné+ Frisson Belgique</channel>
    <channel update="i" site="telecablesat.fr" site_id="282/cine-premier" xmltv_id="Ciné+ Premier">Ciné+ Premier</channel>
    <channel update="i" site="telecablesat.fr" site_id="294/cine-premier-belgique" xmltv_id="Ciné+ Premier Belgique">Ciné+ Premier Belgique</channel>
    <channel update="i" site="telecablesat.fr" site_id="2781/clique-tv" xmltv_id="Clique TV">Clique TV</channel>
    <channel update="i" site="telecablesat.fr" site_id="50/club-rtl" xmltv_id="Club RTL">Club RTL</channel>
    <channel update="i" site="telecablesat.fr" site_id="226/cnews" xmltv_id="CNEWS">CNEWS</channel>
    <channel update="i" site="telecablesat.fr" site_id="53/cnn" xmltv_id="CNN">CNN</channel>
    <channel update="i" site="telecablesat.fr" site_id="54/comedie" xmltv_id="Comédie+">Comédie+</channel>
    <channel update="i" site="telecablesat.fr" site_id="2752/comedy-central" xmltv_id="Comedy Central">Comedy Central</channel>
    <channel update="i" site="telecablesat.fr" site_id="2037/crime-district" xmltv_id="Crime District">Crime District</channel>
    <channel update="i" site="telecablesat.fr" site_id="458/cstar" xmltv_id="CSTAR">CSTAR</channel>
    <channel update="i" site="telecablesat.fr" site_id="57/demain-tv" xmltv_id="Demain TV">Demain TV</channel>
    <channel update="i" site="telecablesat.fr" site_id="400/discovery-channel" xmltv_id="Discovery Channel">Discovery Channel</channel>
    <channel update="i" site="telecablesat.fr" site_id="2324/discovery-family" xmltv_id="Discovery Family">Discovery Family</channel>
    <channel update="i" site="telecablesat.fr" site_id="2184/discovery-investigation" xmltv_id="Discovery Investigation">Discovery Investigation</channel>
    <channel update="i" site="telecablesat.fr" site_id="1374/discovery-science" xmltv_id="Discovery Science">Discovery Science</channel>
    <channel update="i" site="telecablesat.fr" site_id="58/disney-channel" xmltv_id="Disney Channel">Disney Channel</channel>
    <channel update="i" site="telecablesat.fr" site_id="1967/disney-channel-wallonia" xmltv_id="Disney Channel Wallonia">Disney Channel Wallonia</channel>
    <channel update="i" site="telecablesat.fr" site_id="652/disney-cinema" xmltv_id="Disney Cinema">Disney Cinema</channel>
    <channel update="i" site="telecablesat.fr" site_id="300/disney-junior" xmltv_id="Disney Junior">Disney Junior</channel>
    <channel update="i" site="telecablesat.fr" site_id="79/disney-xd" xmltv_id="Disney XD">Disney XD</channel>
    <channel update="i" site="telecablesat.fr" site_id="560/dorcel-tv" xmltv_id="Dorcel TV">Dorcel TV</channel>
    <channel update="i" site="telecablesat.fr" site_id="61/dw-english" xmltv_id="DW (English)">DW (English)</channel>
    <channel update="i" site="telecablesat.fr" site_id="405/e" xmltv_id="E">E</channel>
    <channel update="i" site="telecablesat.fr" site_id="2024/eleven-sports-1" xmltv_id="Eleven Sports 1">Eleven Sports 1</channel>
    <channel update="i" site="telecablesat.fr" site_id="2025/eleven-sports-2" xmltv_id="Eleven Sports 2">Eleven Sports 2</channel>
    <channel update="i" site="telecablesat.fr" site_id="2381/eleven-sports-3" xmltv_id="Eleven Sports 3">Eleven Sports 3</channel>
    <channel update="i" site="telecablesat.fr" site_id="403/ellegirl" xmltv_id="ElleGirl">ElleGirl</channel>
    <channel update="i" site="telecablesat.fr" site_id="64/equidia" xmltv_id="Equidia">Equidia</channel>
    <channel update="i" site="telecablesat.fr" site_id="1190/eurochannel" xmltv_id="Eurochannel">Eurochannel</channel>
    <channel update="i" site="telecablesat.fr" site_id="140/euronews" xmltv_id="Euronews">Euronews</channel>
    <channel update="i" site="telecablesat.fr" site_id="76/eurosport-1" xmltv_id="Eurosport 1">Eurosport 1</channel>
    <channel update="i" site="telecablesat.fr" site_id="439/eurosport-2" xmltv_id="Eurosport 2">Eurosport 2</channel>
    <channel update="i" site="telecablesat.fr" site_id="4/france-2" xmltv_id="France 2">France 2</channel>
    <channel update="i" site="telecablesat.fr" site_id="529/france-24" xmltv_id="France 24">France 24</channel>
    <channel update="i" site="telecablesat.fr" site_id="80/france-3" xmltv_id="France 3">France 3</channel>
    <channel update="i" site="telecablesat.fr" site_id="1921/france-3-alpes" xmltv_id="France 3 Alpes">France 3 Alpes</channel>
    <channel update="i" site="telecablesat.fr" site_id="1922/france-3-alsace" xmltv_id="France 3 Alsace">France 3 Alsace</channel>
    <channel update="i" site="telecablesat.fr" site_id="1923/france-3-aquitaine" xmltv_id="France 3 Aquitaine">France 3 Aquitaine</channel>
    <channel update="i" site="telecablesat.fr" site_id="1924/france-3-auvergne" xmltv_id="France 3 Auvergne">France 3 Auvergne</channel>
    <channel update="i" site="telecablesat.fr" site_id="1925/france-3-basse-normandie" xmltv_id="France 3 Basse-Normandie">France 3 Basse-Normandie</channel>
    <channel update="i" site="telecablesat.fr" site_id="1926/france-3-bourgogne" xmltv_id="France 3 Bourgogne">France 3 Bourgogne</channel>
    <channel update="i" site="telecablesat.fr" site_id="1927/france-3-bretagne" xmltv_id="France 3 Bretagne">France 3 Bretagne</channel>
    <channel update="i" site="telecablesat.fr" site_id="1931/france-3-cote-d-azur" xmltv_id="France 3 Côte d Azur">France 3 Côte d Azur</channel>
    <channel update="i" site="telecablesat.fr" site_id="1928/france-3-centre-val-de-loire" xmltv_id="France 3 Centre-Val de Loire">France 3 Centre-Val de Loire</channel>
    <channel update="i" site="telecablesat.fr" site_id="1929/france-3-champagne-ardennes" xmltv_id="France 3 Champagne-Ardennes">France 3 Champagne-Ardennes</channel>
    <channel update="i" site="telecablesat.fr" site_id="308/france-3-corse-via-stella" xmltv_id="France 3 Corse Via Stella">France 3 Corse Via Stella</channel>
    <channel update="i" site="telecablesat.fr" site_id="1932/france-3-franche-comte" xmltv_id="France 3 Franche-Comté">France 3 Franche-Comté</channel>
    <channel update="i" site="telecablesat.fr" site_id="1933/france-3-haute-normandie" xmltv_id="France 3 Haute-Normandie">France 3 Haute-Normandie</channel>
    <channel update="i" site="telecablesat.fr" site_id="1934/france-3-languedoc-roussillon" xmltv_id="France 3 Languedoc-Roussillon">France 3 Languedoc-Roussillon</channel>
    <channel update="i" site="telecablesat.fr" site_id="1935/france-3-limousin" xmltv_id="France 3 Limousin">France 3 Limousin</channel>
    <channel update="i" site="telecablesat.fr" site_id="1936/france-3-lorraine" xmltv_id="France 3 Lorraine">France 3 Lorraine</channel>
    <channel update="i" site="telecablesat.fr" site_id="1937/france-3-midi-pyrenees" xmltv_id="France 3 Midi-Pyrénées">France 3 Midi-Pyrénées</channel>
    <channel update="i" site="telecablesat.fr" site_id="1938/france-3-nord-pas-de-calais" xmltv_id="France 3 Nord Pas-de-Calais">France 3 Nord Pas-de-Calais</channel>
    <channel update="i" site="telecablesat.fr" site_id="1939/france-3-paris-ile-de-france" xmltv_id="France 3 Paris Ile-de-France">France 3 Paris Ile-de-France</channel>
    <channel update="i" site="telecablesat.fr" site_id="1940/france-3-pays-de-la-loire" xmltv_id="France 3 Pays de la Loire">France 3 Pays de la Loire</channel>
    <channel update="i" site="telecablesat.fr" site_id="1941/france-3-picardie" xmltv_id="France 3 Picardie">France 3 Picardie</channel>
    <channel update="i" site="telecablesat.fr" site_id="1942/france-3-poitou-charentes" xmltv_id="France 3 Poitou-Charentes">France 3 Poitou-Charentes</channel>
    <channel update="i" site="telecablesat.fr" site_id="1943/france-3-provence-alpes" xmltv_id="France 3 Provence-Alpes">France 3 Provence-Alpes</channel>
    <channel update="i" site="telecablesat.fr" site_id="1944/france-3-rhone-alpes" xmltv_id="France 3 Rhône-Alpes">France 3 Rhône-Alpes</channel>
    <channel update="i" site="telecablesat.fr" site_id="78/france-4" xmltv_id="France 4">France 4</channel>
    <channel update="i" site="telecablesat.fr" site_id="47/france-5" xmltv_id="France 5">France 5</channel>
    <channel update="i" site="telecablesat.fr" site_id="160/france-o" xmltv_id="France Ô">France Ô</channel>
    <channel update="i" site="telecablesat.fr" site_id="2111/franceinfo" xmltv_id="Franceinfo">Franceinfo</channel>
    <channel update="i" site="telecablesat.fr" site_id="87/game-one" xmltv_id="Game One">Game One</channel>
    <channel update="i" site="telecablesat.fr" site_id="1166/golf-channel" xmltv_id="Golf Channel">Golf Channel</channel>
    <channel update="i" site="telecablesat.fr" site_id="1295/golf" xmltv_id="Golf+">Golf+</channel>
    <channel update="i" site="telecablesat.fr" site_id="930/grand-lille-tv" xmltv_id="Grand Lille TV">Grand Lille TV</channel>
    <channel update="i" site="telecablesat.fr" site_id="329/guadeloupe-la-1ere" xmltv_id="Guadeloupe la 1ère">Guadeloupe la 1ère</channel>
    <channel update="i" site="telecablesat.fr" site_id="482/gulli" xmltv_id="Gulli">Gulli</channel>
    <channel update="i" site="telecablesat.fr" site_id="260/guyane-la-1ere" xmltv_id="Guyane la 1ère">Guyane la 1ère</channel>
    <channel update="i" site="telecablesat.fr" site_id="88/histoire-tv" xmltv_id="Histoire TV">Histoire TV</channel>
    <channel update="i" site="telecablesat.fr" site_id="416/hustler-tv" xmltv_id="Hustler TV">Hustler TV</channel>
    <channel update="i" site="telecablesat.fr" site_id="781/i24news" xmltv_id="I24news">I24news</channel>
    <channel update="i" site="telecablesat.fr" site_id="94/infosport" xmltv_id="Infosport+">Infosport+</channel>
    <channel update="i" site="telecablesat.fr" site_id="1585/j-one" xmltv_id="J-One">J-One</channel>
    <channel update="i" site="telecablesat.fr" site_id="1280/ketnet" xmltv_id="Ketnet">Ketnet</channel>
    <channel update="i" site="telecablesat.fr" site_id="110/kto" xmltv_id="KTO">KTO</channel>
    <channel update="i" site="telecablesat.fr" site_id="1401/l-equipe" xmltv_id="L Equipe">L Equipe</channel>
    <channel update="i" site="telecablesat.fr" site_id="234/la-chaine-parlementaire" xmltv_id="La Chaîne parlementaire">La Chaîne parlementaire</channel>
    <channel update="i" site="telecablesat.fr" site_id="187/la-deux" xmltv_id="La Deux">La Deux</channel>
    <channel update="i" site="telecablesat.fr" site_id="892/la-trois" xmltv_id="La Trois">La Trois</channel>
    <channel update="i" site="telecablesat.fr" site_id="164/la-une" xmltv_id="La Une">La Une</channel>
    <channel update="i" site="telecablesat.fr" site_id="112/lci" xmltv_id="LCI">LCI</channel>
    <channel update="i" site="telecablesat.fr" site_id="535/lm-tv-sarthe" xmltv_id="LM TV Sarthe">LM TV Sarthe</channel>
    <channel update="i" site="telecablesat.fr" site_id="118/m6" xmltv_id="M6">M6</channel>
    <channel update="i" site="telecablesat.fr" site_id="683/man-x" xmltv_id="Man-X">Man-X</channel>
    <channel update="i" site="telecablesat.fr" site_id="6/mangas" xmltv_id="Mangas">Mangas</channel>
    <channel update="i" site="telecablesat.fr" site_id="328/martinique-la-1ere" xmltv_id="Martinique la 1ère">Martinique la 1ère</channel>
    <channel update="i" site="telecablesat.fr" site_id="393/matele" xmltv_id="MAtélé">MAtélé</channel>
    <channel update="i" site="telecablesat.fr" site_id="1080/mayotte-la-1ere" xmltv_id="Mayotte la 1ère">Mayotte la 1ère</channel>
    <channel update="i" site="telecablesat.fr" site_id="987/mce-ma-chaine-etudiante" xmltv_id="MCE (Ma Chaîne Etudiante)">MCE (Ma Chaîne Etudiante)</channel>
    <channel update="i" site="telecablesat.fr" site_id="121/mcm" xmltv_id="MCM">MCM</channel>
    <channel update="i" site="telecablesat.fr" site_id="265/melody" xmltv_id="Melody">Melody</channel>
    <channel update="i" site="telecablesat.fr" site_id="2321/melody-d-afrique" xmltv_id="Melody d Afrique">Melody d Afrique</channel>
    <channel update="i" site="telecablesat.fr" site_id="1452/men-s-up" xmltv_id="Men s UP">Men s UP</channel>
    <channel update="i" site="telecablesat.fr" site_id="125/mezzo" xmltv_id="Mezzo">Mezzo</channel>
    <channel update="i" site="telecablesat.fr" site_id="907/mezzo-live-hd" xmltv_id="Mezzo Live HD">Mezzo Live HD</channel>
    <channel update="i" site="telecablesat.fr" site_id="1045/mirabelle-tv" xmltv_id="Mirabelle TV">Mirabelle TV</channel>
    <channel update="i" site="telecablesat.fr" site_id="128/mtv" xmltv_id="MTV">MTV</channel>
    <channel update="i" site="telecablesat.fr" site_id="1072/museum" xmltv_id="Museum">Museum</channel>
    <channel update="i" site="telecablesat.fr" site_id="2301/my-cuisine" xmltv_id="My Cuisine">My Cuisine</channel>
    <channel update="i" site="telecablesat.fr" site_id="829/myzen-tv" xmltv_id="MyZen.tv">MyZen.tv</channel>
    <channel update="i" site="telecablesat.fr" site_id="243/national-geographic" xmltv_id="National Geographic">National Geographic</channel>
    <channel update="i" site="telecablesat.fr" site_id="719/national-geographic-wild" xmltv_id="National Geographic Wild">National Geographic Wild</channel>
    <channel update="i" site="telecablesat.fr" site_id="415/nautical-channel" xmltv_id="Nautical Channel">Nautical Channel</channel>
    <channel update="i" site="telecablesat.fr" site_id="832/nick-jr" xmltv_id="Nick Jr">Nick Jr</channel>
    <channel update="i" site="telecablesat.fr" site_id="473/nickelodeon" xmltv_id="Nickelodéon">Nickelodéon</channel>
    <channel update="i" site="telecablesat.fr" site_id="1968/nickelodeon-wallonia" xmltv_id="Nickelodéon Wallonia">Nickelodéon Wallonia</channel>
    <channel update="i" site="telecablesat.fr" site_id="888/nickelodeon-junior" xmltv_id="Nickelodeon Junior">Nickelodeon Junior</channel>
    <channel update="i" site="telecablesat.fr" site_id="1461/nollywood-tv" xmltv_id="Nollywood TV">Nollywood TV</channel>
    <channel update="i" site="telecablesat.fr" site_id="1408/non-stop-people-hd" xmltv_id="Non Stop People HD">Non Stop People HD</channel>
    <channel update="i" site="telecablesat.fr" site_id="1833/notele" xmltv_id="NoTélé">NoTélé</channel>
    <channel update="i" site="telecablesat.fr" site_id="240/nouvelle-caledonie-la-1ere" xmltv_id="Nouvelle-Calédonie la 1ère">Nouvelle-Calédonie la 1ère</channel>
    <channel update="i" site="telecablesat.fr" site_id="1832/novelas-tv" xmltv_id="Novelas TV">Novelas TV</channel>
    <channel update="i" site="telecablesat.fr" site_id="444/nrj-12" xmltv_id="NRJ 12">NRJ 12</channel>
    <channel update="i" site="telecablesat.fr" site_id="732/ocs-choc" xmltv_id="OCS Choc">OCS Choc</channel>
    <channel update="i" site="telecablesat.fr" site_id="733/ocs-city" xmltv_id="OCS City">OCS City</channel>
    <channel update="i" site="telecablesat.fr" site_id="734/ocs-geants" xmltv_id="OCS Géants">OCS Géants</channel>
    <channel update="i" site="telecablesat.fr" site_id="730/ocs-max" xmltv_id="OCS Max">OCS Max</channel>
    <channel update="i" site="telecablesat.fr" site_id="463/oltv" xmltv_id="OLTV">OLTV</channel>
    <channel update="i" site="telecablesat.fr" site_id="517/onzeo" xmltv_id="Onzéo">Onzéo</channel>
    <channel update="i" site="telecablesat.fr" site_id="1562/paramount-channel" xmltv_id="Paramount Channel">Paramount Channel</channel>
    <channel update="i" site="telecablesat.fr" site_id="145/paris-premiere" xmltv_id="Paris Première">Paris Première</channel>
    <channel update="i" site="telecablesat.fr" site_id="406/pink-tv" xmltv_id="Pink TV">Pink TV</channel>
    <channel update="i" site="telecablesat.fr" site_id="344/piwi" xmltv_id="Piwi+">Piwi+</channel>
    <channel update="i" site="telecablesat.fr" site_id="147/planete" xmltv_id="Planète+">Planète+</channel>
    <channel update="i" site="telecablesat.fr" site_id="402/planete-aventure-experience" xmltv_id="Planète+ Aventure Expérience">Planète+ Aventure Expérience</channel>
    <channel update="i" site="telecablesat.fr" site_id="662/planete-crime-investigation" xmltv_id="Planète+ Crime Investigation">Planète+ Crime Investigation</channel>
    <channel update="i" site="telecablesat.fr" site_id="377/plug-rtl" xmltv_id="Plug RTL">Plug RTL</channel>
    <channel update="i" site="telecablesat.fr" site_id="2326/polar" xmltv_id="Polar+">Polar+</channel>
    <channel update="i" site="telecablesat.fr" site_id="964/pro7" xmltv_id="Pro7">Pro7</channel>
    <channel update="i" site="telecablesat.fr" site_id="1075/proximus-11" xmltv_id="Proximus 11">Proximus 11</channel>
    <channel update="i" site="telecablesat.fr" site_id="154/rai-due" xmltv_id="Rai Due">Rai Due</channel>
    <channel update="i" site="telecablesat.fr" site_id="155/rai-tre" xmltv_id="Rai Tre">Rai Tre</channel>
    <channel update="i" site="telecablesat.fr" site_id="156/rai-uno" xmltv_id="Rai Uno">Rai Uno</channel>
    <channel update="i" site="telecablesat.fr" site_id="245/reunion-la-1ere" xmltv_id="Réunion la 1ère">Réunion la 1ère</channel>
    <channel update="i" site="telecablesat.fr" site_id="1400/rmc-decouverte" xmltv_id="RMC Découverte">RMC Découverte</channel>
    <channel update="i" site="telecablesat.fr" site_id="2665/rmc-sport-1" xmltv_id="RMC Sport 1">RMC Sport 1</channel>
    <channel update="i" site="telecablesat.fr" site_id="2666/rmc-sport-2" xmltv_id="RMC Sport 2">RMC Sport 2</channel>
    <channel update="i" site="telecablesat.fr" site_id="2667/rmc-sport-3" xmltv_id="RMC Sport 3">RMC Sport 3</channel>
    <channel update="i" site="telecablesat.fr" site_id="1382/rmc-sport-4" xmltv_id="RMC Sport 4">RMC Sport 4</channel>
    <channel update="i" site="telecablesat.fr" site_id="2095/rmc-sport-access-1" xmltv_id="RMC Sport Access 1">RMC Sport Access 1</channel>
    <channel update="i" site="telecablesat.fr" site_id="675/rmc-sport-access-2" xmltv_id="RMC Sport Access 2">RMC Sport Access 2</channel>
    <channel update="i" site="telecablesat.fr" site_id="2391/rmc-sport-access-3" xmltv_id="RMC Sport Access 3">RMC Sport Access 3</channel>
    <channel update="i" site="telecablesat.fr" site_id="2673/rmc-sport-live-10" xmltv_id="RMC Sport Live 10">RMC Sport Live 10</channel>
    <channel update="i" site="telecablesat.fr" site_id="2674/rmc-sport-live-11" xmltv_id="RMC Sport Live 11">RMC Sport Live 11</channel>
    <channel update="i" site="telecablesat.fr" site_id="2675/rmc-sport-live-12" xmltv_id="RMC Sport Live 12">RMC Sport Live 12</channel>
    <channel update="i" site="telecablesat.fr" site_id="2676/rmc-sport-live-13" xmltv_id="RMC Sport Live 13">RMC Sport Live 13</channel>
    <channel update="i" site="telecablesat.fr" site_id="2677/rmc-sport-live-14" xmltv_id="RMC Sport Live 14">RMC Sport Live 14</channel>
    <channel update="i" site="telecablesat.fr" site_id="2678/rmc-sport-live-15" xmltv_id="RMC Sport Live 15">RMC Sport Live 15</channel>
    <channel update="i" site="telecablesat.fr" site_id="2679/rmc-sport-live-16" xmltv_id="RMC Sport Live 16">RMC Sport Live 16</channel>
    <channel update="i" site="telecablesat.fr" site_id="2668/rmc-sport-live-5" xmltv_id="RMC Sport Live 5">RMC Sport Live 5</channel>
    <channel update="i" site="telecablesat.fr" site_id="2669/rmc-sport-live-6" xmltv_id="RMC Sport Live 6">RMC Sport Live 6</channel>
    <channel update="i" site="telecablesat.fr" site_id="2670/rmc-sport-live-7" xmltv_id="RMC Sport Live 7">RMC Sport Live 7</channel>
    <channel update="i" site="telecablesat.fr" site_id="2671/rmc-sport-live-8" xmltv_id="RMC Sport Live 8">RMC Sport Live 8</channel>
    <channel update="i" site="telecablesat.fr" site_id="2672/rmc-sport-live-9" xmltv_id="RMC Sport Live 9">RMC Sport Live 9</channel>
    <channel update="i" site="telecablesat.fr" site_id="2096/rmc-sport-news" xmltv_id="RMC Sport News">RMC Sport News</channel>
    <channel update="i" site="telecablesat.fr" site_id="2029/rmc-sport-uhd" xmltv_id="RMC Sport UHD">RMC Sport UHD</channel>
    <channel update="i" site="telecablesat.fr" site_id="1402/rmc-story" xmltv_id="RMC Story">RMC Story</channel>
    <channel update="i" site="telecablesat.fr" site_id="822/rouge-tv" xmltv_id="Rouge TV">Rouge TV</channel>
    <channel update="i" site="telecablesat.fr" site_id="200/rsi-la-1" xmltv_id="RSI LA 1">RSI LA 1</channel>
    <channel update="i" site="telecablesat.fr" site_id="201/rsi-la-2" xmltv_id="RSI LA 2">RSI LA 2</channel>
    <channel update="i" site="telecablesat.fr" site_id="390/rtc-tele-liege" xmltv_id="RTC Télé Liège">RTC Télé Liège</channel>
    <channel update="i" site="telecablesat.fr" site_id="115/rtl-9" xmltv_id="RTL 9">RTL 9</channel>
    <channel update="i" site="telecablesat.fr" site_id="168/rtl-tvi" xmltv_id="RTL TVI">RTL TVI</channel>
    <channel update="i" site="telecablesat.fr" site_id="169/rtpi" xmltv_id="RTPI">RTPI</channel>
    <channel update="i" site="telecablesat.fr" site_id="202/rts-1" xmltv_id="RTS 1">RTS 1</channel>
    <channel update="i" site="telecablesat.fr" site_id="183/rts-2" xmltv_id="RTS 2">RTS 2</channel>
    <channel update="i" site="telecablesat.fr" site_id="1094/saint-pierre-et-miquelon-la-1ere" xmltv_id="Saint-Pierre et Miquelon la 1ère">Saint-Pierre et Miquelon la 1ère</channel>
    <channel update="i" site="telecablesat.fr" site_id="63/science-vie-tv" xmltv_id="Science &amp; Vie TV">Science &amp; Vie TV</channel>
    <channel update="i" site="telecablesat.fr" site_id="173/seasons" xmltv_id="Seasons">Seasons</channel>
    <channel update="i" site="telecablesat.fr" site_id="49/serieclub" xmltv_id="serieclub">serieclub</channel>
    <channel update="i" site="telecablesat.fr" site_id="835/stingray-brava" xmltv_id="Stingray Brava">Stingray Brava</channel>
    <channel update="i" site="telecablesat.fr" site_id="1357/stingray-djazz" xmltv_id="Stingray Djazz">Stingray Djazz</channel>
    <channel update="i" site="telecablesat.fr" site_id="2090/stingray-festival-4k" xmltv_id="Stingray Festival 4K">Stingray Festival 4K</channel>
    <channel update="i" site="telecablesat.fr" site_id="604/stingray-i-concerts" xmltv_id="Stingray i-Concerts">Stingray i-Concerts</channel>
    <channel update="i" site="telecablesat.fr" site_id="833/sundance-tv" xmltv_id="Sundance TV">Sundance TV</channel>
    <channel update="i" site="telecablesat.fr" site_id="479/syfy" xmltv_id="Syfy">Syfy</channel>
    <channel update="i" site="telecablesat.fr" site_id="537/tele-grenoble-isere" xmltv_id="Télé Grenoble Isère">Télé Grenoble Isère</channel>
    <channel update="i" site="telecablesat.fr" site_id="387/tele-mb" xmltv_id="Télé MB">Télé MB</channel>
    <channel update="i" site="telecablesat.fr" site_id="383/tele-sambre" xmltv_id="Télé Sambre">Télé Sambre</channel>
    <channel update="i" site="telecablesat.fr" site_id="491/telenantes" xmltv_id="Télénantes">Télénantes</channel>
    <channel update="i" site="telecablesat.fr" site_id="197/teletoon" xmltv_id="TéléToon+">TéléToon+</channel>
    <channel update="i" site="telecablesat.fr" site_id="191/teva" xmltv_id="Téva">Téva</channel>
    <channel update="i" site="telecablesat.fr" site_id="185/tcm-cinema" xmltv_id="TCM Cinéma">TCM Cinéma</channel>
    <channel update="i" site="telecablesat.fr" site_id="192/tf1" xmltv_id="TF1">TF1</channel>
    <channel update="i" site="telecablesat.fr" site_id="1404/tf1-series-films" xmltv_id="TF1 Séries Films">TF1 Séries Films</channel>
    <channel update="i" site="telecablesat.fr" site_id="446/tfx" xmltv_id="TFX">TFX</channel>
    <channel update="i" site="telecablesat.fr" site_id="229/tiji" xmltv_id="TIJI">TIJI</channel>
    <channel update="i" site="telecablesat.fr" site_id="195/tmc" xmltv_id="TMC">TMC</channel>
    <channel update="i" site="telecablesat.fr" site_id="2040/toonami" xmltv_id="Toonami">Toonami</channel>
    <channel update="i" site="telecablesat.fr" site_id="7/toute-l-histoire" xmltv_id="Toute l histoire">Toute l histoire</channel>
    <channel update="i" site="telecablesat.fr" site_id="1168/trace-sport-stars" xmltv_id="TRACE Sport Stars">TRACE Sport Stars</channel>
    <channel update="i" site="telecablesat.fr" site_id="1776/trek" xmltv_id="Trek">Trek</channel>
    <channel update="i" site="telecablesat.fr" site_id="385/tv-com" xmltv_id="TV COM">TV COM</channel>
    <channel update="i" site="telecablesat.fr" site_id="392/tv-lux" xmltv_id="TV Lux">TV Lux</channel>
    <channel update="i" site="telecablesat.fr" site_id="540/tv-tours" xmltv_id="TV Tours">TV Tours</channel>
    <channel update="i" site="telecablesat.fr" site_id="205/tv5monde" xmltv_id="TV5MONDE">TV5MONDE</channel>
    <channel update="i" site="telecablesat.fr" site_id="232/tv5monde-europe" xmltv_id="TV5MONDE Europe">TV5MONDE Europe</channel>
    <channel update="i" site="telecablesat.fr" site_id="273/tv7-bordeaux" xmltv_id="TV7 Bordeaux">TV7 Bordeaux</channel>
    <channel update="i" site="telecablesat.fr" site_id="225/tvbreizh" xmltv_id="TvBreizh">TvBreizh</channel>
    <channel update="i" site="telecablesat.fr" site_id="208/tve" xmltv_id="TVE">TVE</channel>
    <channel update="i" site="telecablesat.fr" site_id="206/tve-1" xmltv_id="TVE 1">TVE 1</channel>
    <channel update="i" site="telecablesat.fr" site_id="207/tve-2" xmltv_id="TVE 2">TVE 2</channel>
    <channel update="i" site="telecablesat.fr" site_id="539/tvr-rennes-35-bretagne" xmltv_id="TVR Rennes 35 Bretagne">TVR Rennes 35 Bretagne</channel>
    <channel update="i" site="telecablesat.fr" site_id="492/tvsud-marseille" xmltv_id="TVSUD Marseille">TVSUD Marseille</channel>
    <channel update="i" site="telecablesat.fr" site_id="451/ushuaia-tv" xmltv_id="Ushuaïa TV">Ushuaïa TV</channel>
    <channel update="i" site="telecablesat.fr" site_id="391/vedia" xmltv_id="Vedia">Vedia</channel>
    <channel update="i" site="telecablesat.fr" site_id="704/via-occitanie-montpellier" xmltv_id="Vià Occitanie Montpellier">Vià Occitanie Montpellier</channel>
    <channel update="i" site="telecablesat.fr" site_id="538/via-occitanie-pays-gardois" xmltv_id="Vià Occitanie Pays Gardois">Vià Occitanie Pays Gardois</channel>
    <channel update="i" site="telecablesat.fr" site_id="2171/vice-tv" xmltv_id="Vice TV">Vice TV</channel>
    <channel update="i" site="telecablesat.fr" site_id="1144/voo-foot" xmltv_id="Voo Foot">Voo Foot</channel>
    <channel update="i" site="telecablesat.fr" site_id="413/voosport-world-1" xmltv_id="VOOsport World 1">VOOsport World 1</channel>
    <channel update="i" site="telecablesat.fr" site_id="414/voosport-world-2" xmltv_id="VOOsport World 2">VOOsport World 2</channel>
    <channel update="i" site="telecablesat.fr" site_id="472/voosport-world-3" xmltv_id="VOOsport World 3">VOOsport World 3</channel>
    <channel update="i" site="telecablesat.fr" site_id="1095/vosges-television" xmltv_id="Vosges Télévision">Vosges Télévision</channel>
    <channel update="i" site="telecablesat.fr" site_id="212/voyage" xmltv_id="Voyage">Voyage</channel>
    <channel update="i" site="telecablesat.fr" site_id="215/vtm" xmltv_id="VTM">VTM</channel>
    <channel update="i" site="telecablesat.fr" site_id="119/w9" xmltv_id="W9">W9</channel>
    <channel update="i" site="telecablesat.fr" site_id="519/wallis-et-futuna-la-1ere" xmltv_id="Wallis et Futuna la 1ère">Wallis et Futuna la 1ère</channel>
    <channel update="i" site="telecablesat.fr" site_id="2334/warner-tv" xmltv_id="Warner TV">Warner TV</channel>
    <channel update="i" site="telecablesat.fr" site_id="809/weo" xmltv_id="Wéo">Wéo</channel>
    <channel update="i" site="telecablesat.fr" site_id="218/xxl" xmltv_id="XXL">XXL</channel>
    <channel update="i" site="telecablesat.fr" site_id="219/zdf" xmltv_id="ZDF">ZDF</channel>
  </channels>
</site>