﻿<?xml version="1.0" encoding="UTF-8"?>
<site generator-info-name="WebGrab+Plus/w MDB &amp; REX Postprocess -- version V3.0.0.5 -- Jan van Straaten" site="telepoche.fr">
  <channels>
    <channel update="i" site="telepoche.fr" site_id="tf1" xmltv_id="TF1">TF1</channel>
    <channel update="i" site="telepoche.fr" site_id="france2" xmltv_id="FRANCE 2">FRANCE 2</channel>
    <channel update="i" site="telepoche.fr" site_id="france3" xmltv_id="FRANCE 3">FRANCE 3</channel>
    <channel update="i" site="telepoche.fr" site_id="canalplus" xmltv_id="CANAL +">CANAL +</channel>
    <channel update="i" site="telepoche.fr" site_id="france5" xmltv_id="FRANCE 5">FRANCE 5</channel>
    <channel update="i" site="telepoche.fr" site_id="m6" xmltv_id="M6">M6</channel>
    <channel update="i" site="telepoche.fr" site_id="arte" xmltv_id="ARTE">ARTE</channel>
    <channel update="i" site="telepoche.fr" site_id="c8" xmltv_id="C8">C8</channel>
    <channel update="i" site="telepoche.fr" site_id="w9" xmltv_id="W9">W9</channel>
    <channel update="i" site="telepoche.fr" site_id="tmc" xmltv_id="TMC">TMC</channel>
    <channel update="i" site="telepoche.fr" site_id="tfx" xmltv_id="TFX">TFX</channel>
    <channel update="i" site="telepoche.fr" site_id="nrj12" xmltv_id="NRJ 12">NRJ 12</channel>
    <channel update="i" site="telepoche.fr" site_id="publicsenatlcpan" xmltv_id="PUBLIC SENAT - LCP AN">PUBLIC SENAT - LCP AN</channel>
    <channel update="i" site="telepoche.fr" site_id="france4" xmltv_id="FRANCE 4">FRANCE 4</channel>
    <channel update="i" site="telepoche.fr" site_id="bfmtv" xmltv_id="BFM TV">BFM TV</channel>
    <channel update="i" site="telepoche.fr" site_id="cnews" xmltv_id="CNEWS">CNEWS</channel>
    <channel update="i" site="telepoche.fr" site_id="cstar" xmltv_id="CSTAR">CSTAR</channel>
    <channel update="i" site="telepoche.fr" site_id="gulli" xmltv_id="GULLI">GULLI</channel>
    <channel update="i" site="telepoche.fr" site_id="franceo" xmltv_id="FRANCE Ô">FRANCE Ô</channel>
    <channel update="i" site="telepoche.fr" site_id="tf1seriesfilms" xmltv_id="TF1 SERIES FILMS">TF1 SERIES FILMS</channel>
    <channel update="i" site="telepoche.fr" site_id="lequipe" xmltv_id="L'EQUIPE">L'EQUIPE</channel>
    <channel update="i" site="telepoche.fr" site_id="6ter" xmltv_id="6TER">6TER</channel>
    <channel update="i" site="telepoche.fr" site_id="rmcstory" xmltv_id="RMC STORY">RMC STORY</channel>
    <channel update="i" site="telepoche.fr" site_id="rmcdecouverte" xmltv_id="RMC DECOUVERTE">RMC DECOUVERTE</channel>
    <channel update="i" site="telepoche.fr" site_id="cherie25" xmltv_id="CHERIE 25">CHERIE 25</channel>
    <channel update="i" site="telepoche.fr" site_id="lcp100%" xmltv_id="LCP 100%">LCP 100%</channel>
    <channel update="i" site="telepoche.fr" site_id="teva" xmltv_id="TEVA">TEVA</channel>
    <channel update="i" site="telepoche.fr" site_id="tv5mondefbs" xmltv_id="TV5 MONDE FBS">TV5 MONDE FBS</channel>
    <channel update="i" site="telepoche.fr" site_id="parispremiere" xmltv_id="PARIS PREMIERE">PARIS PREMIERE</channel>
    <channel update="i" site="telepoche.fr" site_id="rtl9" xmltv_id="RTL 9">RTL 9</channel>
    <channel update="i" site="telepoche.fr" site_id="ab1" xmltv_id="AB1">AB1</channel>
    <channel update="i" site="telepoche.fr" site_id="tvbreizh" xmltv_id="TV BREIZH">TV BREIZH</channel>
    <channel update="i" site="telepoche.fr" site_id="mcm" xmltv_id="MCM">MCM</channel>
    <channel update="i" site="telepoche.fr" site_id="canalpluscinema" xmltv_id="CANAL + CINEMA">CANAL + CINEMA</channel>
    <channel update="i" site="telepoche.fr" site_id="canalplussport" xmltv_id="CANAL + SPORT">CANAL + SPORT</channel>
    <channel update="i" site="telepoche.fr" site_id="canalplusseries" xmltv_id="CANAL + SERIES">CANAL + SERIES</channel>
    <channel update="i" site="telepoche.fr" site_id="canalplusfamily" xmltv_id="CANAL + FAMILY">CANAL + FAMILY</channel>
    <channel update="i" site="telepoche.fr" site_id="canalplusdecale" xmltv_id="CANAL + DECALE">CANAL + DECALE</channel>
    <channel update="i" site="telepoche.fr" site_id="ocsmax" xmltv_id="OCS MAX">OCS MAX</channel>
    <channel update="i" site="telepoche.fr" site_id="ocscity" xmltv_id="OCS CITY">OCS CITY</channel>
    <channel update="i" site="telepoche.fr" site_id="ocschoc" xmltv_id="OCS CHOC">OCS CHOC</channel>
    <channel update="i" site="telepoche.fr" site_id="ocsgeants" xmltv_id="OCS GEANTS">OCS GEANTS</channel>
    <channel update="i" site="telepoche.fr" site_id="polar" xmltv_id="POLAR">POLAR</channel>
    <channel update="i" site="telepoche.fr" site_id="cinefx" xmltv_id="CINE FX">CINE FX</channel>
    <channel update="i" site="telepoche.fr" site_id="cinepluspremier" xmltv_id="CINE + PREMIER">CINE + PREMIER</channel>
    <channel update="i" site="telepoche.fr" site_id="cineplusemotion" xmltv_id="CINE + EMOTION">CINE + EMOTION</channel>
    <channel update="i" site="telepoche.fr" site_id="cineplusfamiz" xmltv_id="CINE + FAMIZ">CINE + FAMIZ</channel>
    <channel update="i" site="telepoche.fr" site_id="cineplusclub" xmltv_id="CINE + CLUB">CINE + CLUB</channel>
    <channel update="i" site="telepoche.fr" site_id="cineplusclassic" xmltv_id="CINE + CLASSIC">CINE + CLASSIC</channel>
    <channel update="i" site="telepoche.fr" site_id="disneychannelplus1" xmltv_id="DISNEY CHANNEL +1">DISNEY CHANNEL +1</channel>
    <channel update="i" site="telepoche.fr" site_id="disneychannel" xmltv_id="DISNEY CHANNEL">DISNEY CHANNEL</channel>
    <channel update="i" site="telepoche.fr" site_id="boomerang" xmltv_id="BOOMERANG">BOOMERANG</channel>
    <channel update="i" site="telepoche.fr" site_id="piwiplus" xmltv_id="PIWI +">PIWI +</channel>
    <channel update="i" site="telepoche.fr" site_id="babytv" xmltv_id="BABY TV">BABY TV</channel>
    <channel update="i" site="telepoche.fr" site_id="boing" xmltv_id="BOING">BOING</channel>
    <channel update="i" site="telepoche.fr" site_id="equidia" xmltv_id="EQUIDIA">EQUIDIA</channel>
    <channel update="i" site="telepoche.fr" site_id="automoto" xmltv_id="AUTOMOTO">AUTOMOTO</channel>
    <channel update="i" site="telepoche.fr" site_id="beinsports1" xmltv_id="BEIN SPORTS 1">BEIN SPORTS 1</channel>
    <channel update="i" site="telepoche.fr" site_id="beinsports2" xmltv_id="BEIN SPORTS 2">BEIN SPORTS 2</channel>
    <channel update="i" site="telepoche.fr" site_id="eurosport" xmltv_id="EUROSPORT">EUROSPORT</channel>
    <channel update="i" site="telepoche.fr" site_id="eurosport2" xmltv_id="EUROSPORT 2">EUROSPORT 2</channel>
    <channel update="i" site="telepoche.fr" site_id="nauticalchannel" xmltv_id="NAUTICAL CHANNEL">NAUTICAL CHANNEL</channel>
    <channel update="i" site="telepoche.fr" site_id="tracesportsstars" xmltv_id="TRACE SPORTS STARS">TRACE SPORTS STARS</channel>
    <channel update="i" site="telepoche.fr" site_id="girondinstv" xmltv_id="GIRONDINS TV">GIRONDINS TV</channel>
    <channel update="i" site="telepoche.fr" site_id="lci" xmltv_id="LCI">LCI</channel>
    <channel update="i" site="telepoche.fr" site_id="bfmbusiness" xmltv_id="BFM BUSINESS">BFM BUSINESS</channel>
    <channel update="i" site="telepoche.fr" site_id="euronews" xmltv_id="EURONEWS">EURONEWS</channel>
    <channel update="i" site="telepoche.fr" site_id="france24fr" xmltv_id="FRANCE 24 FR">FRANCE 24 FR</channel>
    <channel update="i" site="telepoche.fr" site_id="montagnetv" xmltv_id="MONTAGNE TV">MONTAGNE TV</channel>
    <channel update="i" site="telepoche.fr" site_id="ushuaiatv" xmltv_id="USHUAIA TV">USHUAIA TV</channel>
    <channel update="i" site="telepoche.fr" site_id="histoire" xmltv_id="HISTOIRE">HISTOIRE</channel>
    <channel update="i" site="telepoche.fr" site_id="animaux" xmltv_id="ANIMAUX">ANIMAUX</channel>
    <channel update="i" site="telepoche.fr" site_id="chasseetpeche" xmltv_id="CHASSE &amp; PECHE">CHASSE &amp; PECHE</channel>
    <channel update="i" site="telepoche.fr" site_id="toutelhistoire" xmltv_id="TOUTE L'HISTOIRE">TOUTE L'HISTOIRE</channel>
    <channel update="i" site="telepoche.fr" site_id="nolife" xmltv_id="NOLIFE">NOLIFE</channel>
    <channel update="i" site="telepoche.fr" site_id="gameone" xmltv_id="GAME ONE">GAME ONE</channel>
    <channel update="i" site="telepoche.fr" site_id="traceurban" xmltv_id="TRACE URBAN">TRACE URBAN</channel>
    <channel update="i" site="telepoche.fr" site_id="nrjhits" xmltv_id="NRJ HITS">NRJ HITS</channel>
    <channel update="i" site="telepoche.fr" site_id="m6music" xmltv_id="M6 MUSIC">M6 MUSIC</channel>
    <channel update="i" site="telepoche.fr" site_id="mcmtop" xmltv_id="MCM TOP">MCM TOP</channel>
    <channel update="i" site="telepoche.fr" site_id="tracetropical" xmltv_id="TRACE TROPICAL">TRACE TROPICAL</channel>
    <channel update="i" site="telepoche.fr" site_id="mezzo" xmltv_id="MEZZO">MEZZO</channel>
    <channel update="i" site="telepoche.fr" site_id="mezzolivehd" xmltv_id="MEZZO LIVE HD">MEZZO LIVE HD</channel>
    <channel update="i" site="telepoche.fr" site_id="mensup" xmltv_id="MEN'S UP">MEN'S UP</channel>
    <channel update="i" site="telepoche.fr" site_id="kto" xmltv_id="KTO">KTO</channel>
    <channel update="i" site="telepoche.fr" site_id="cnninternational" xmltv_id="CNN INTERNATIONAL">CNN INTERNATIONAL</channel>
    <channel update="i" site="telepoche.fr" site_id="cnbc" xmltv_id="CNBC">CNBC</channel>
    <channel update="i" site="telepoche.fr" site_id="bbcworld" xmltv_id="BBC WORLD">BBC WORLD</channel>
    <channel update="i" site="telepoche.fr" site_id="aljazeerauk" xmltv_id="AL JAZEERA UK">AL JAZEERA UK</channel>
    <channel update="i" site="telepoche.fr" site_id="i24news" xmltv_id="I24NEWS">I24NEWS</channel>
    <channel update="i" site="telepoche.fr" site_id="m6boutique" xmltv_id="M6 BOUTIQUE">M6 BOUTIQUE</channel>
    <channel update="i" site="telepoche.fr" site_id="bestofshopping" xmltv_id="BEST OF SHOPPING">BEST OF SHOPPING</channel>
    <channel update="i" site="telepoche.fr" site_id="astrocentertv" xmltv_id="ASTROCENTER TV">ASTROCENTER TV</channel>
    <channel update="i" site="telepoche.fr" site_id="luckyjacktv" xmltv_id="LUCKY JACK TV">LUCKY JACK TV</channel>
    <channel update="i" site="telepoche.fr" site_id="grandlilletv" xmltv_id="GRAND LILLE TV">GRAND LILLE TV</channel>
    <channel update="i" site="telepoche.fr" site_id="cctvf" xmltv_id="CCTV-F">CCTV-F</channel>
    <channel update="i" site="telepoche.fr" site_id="oltv" xmltv_id="OLTV">OLTV</channel>
    <channel update="i" site="telepoche.fr" site_id="vivolta" xmltv_id="VIVOLTA">VIVOLTA</channel>
    <channel update="i" site="telepoche.fr" site_id="ellegirl" xmltv_id="ELLE GIRL">ELLE GIRL</channel>
    <channel update="i" site="telepoche.fr" site_id="scienceetvietv" xmltv_id="SCIENCE &amp; VIE TV">SCIENCE &amp; VIE TV</channel>
    <channel update="i" site="telepoche.fr" site_id="paramountchannel" xmltv_id="PARAMOUNT CHANNEL">PARAMOUNT CHANNEL</channel>
    <channel update="i" site="telepoche.fr" site_id="nationalgeographicchannel" xmltv_id="NATIONAL GEOGRAPHIC CHANNEL">NATIONAL GEOGRAPHIC CHANNEL</channel>
    <channel update="i" site="telepoche.fr" site_id="nationalgeographicwild" xmltv_id="NATIONAL GEOGRAPHIC WILD">NATIONAL GEOGRAPHIC WILD</channel>
    <channel update="i" site="telepoche.fr" site_id="voyage" xmltv_id="VOYAGE">VOYAGE</channel>
    <channel update="i" site="telepoche.fr" site_id="ofivetv" xmltv_id="OFIVE TV">OFIVE TV</channel>
    <channel update="i" site="telepoche.fr" site_id="just4talent" xmltv_id="JUST4TALENT">JUST4TALENT</channel>
    <channel update="i" site="telepoche.fr" site_id="bloombergtv" xmltv_id="BLOOMBERG TV">BLOOMBERG TV</channel>
    <channel update="i" site="telepoche.fr" site_id="publicsenat2424" xmltv_id="PUBLIC SENAT 24/24">PUBLIC SENAT 24/24</channel>
    <channel update="i" site="telepoche.fr" site_id="fashiontv" xmltv_id="FASHION TV">FASHION TV</channel>
    <channel update="i" site="telepoche.fr" site_id="luxetv" xmltv_id="LUXE TV">LUXE TV</channel>
    <channel update="i" site="telepoche.fr" site_id="mcetv" xmltv_id="MCE TV">MCE TV</channel>
    <channel update="i" site="telepoche.fr" site_id="tv7bordeaux" xmltv_id="TV7 BORDEAUX">TV7 BORDEAUX</channel>
    <channel update="i" site="telepoche.fr" site_id="8montblanc" xmltv_id="8 MONT-BLANC">8 MONT-BLANC</channel>
    <channel update="i" site="telepoche.fr" site_id="telegrenoble" xmltv_id="TELE GRENOBLE">TELE GRENOBLE</channel>
    <channel update="i" site="telepoche.fr" site_id="stingrayclassica" xmltv_id="STINGRAY CLASSICA">STINGRAY CLASSICA</channel>
    <channel update="i" site="telepoche.fr" site_id="gongmax" xmltv_id="GONG MAX">GONG MAX</channel>
    <channel update="i" site="telepoche.fr" site_id="rmcsport1" xmltv_id="RMC SPORT 1">RMC SPORT 1</channel>
    <channel update="i" site="telepoche.fr" site_id="rmcsport2" xmltv_id="RMC SPORT 2">RMC SPORT 2</channel>
    <channel update="i" site="telepoche.fr" site_id="rmcsport3" xmltv_id="RMC SPORT 3">RMC SPORT 3</channel>
    <channel update="i" site="telepoche.fr" site_id="13emerue" xmltv_id="13EME RUE">13EME RUE</channel>
    <channel update="i" site="telepoche.fr" site_id="syfy" xmltv_id="SYFY">SYFY</channel>
    <channel update="i" site="telepoche.fr" site_id="mtv" xmltv_id="MTV">MTV</channel>
    <channel update="i" site="telepoche.fr" site_id="jone" xmltv_id="J-ONE">J-ONE</channel>
    <channel update="i" site="telepoche.fr" site_id="action" xmltv_id="ACTION">ACTION</channel>
    <channel update="i" site="telepoche.fr" site_id="canalj" xmltv_id="CANAL J">CANAL J</channel>
    <channel update="i" site="telepoche.fr" site_id="cartoonnetwork" xmltv_id="CARTOON NETWORK">CARTOON NETWORK</channel>
    <channel update="i" site="telepoche.fr" site_id="cineplusfrisson" xmltv_id="CINE + FRISSON">CINE + FRISSON</channel>
    <channel update="i" site="telepoche.fr" site_id="cinepluspremierbe" xmltv_id="CINE + PREMIER BE">CINE + PREMIER BE</channel>
    <channel update="i" site="telepoche.fr" site_id="clubrtl" xmltv_id="CLUB RTL">CLUB RTL</channel>
    <channel update="i" site="telepoche.fr" site_id="comedieplus" xmltv_id="COMEDIE +">COMEDIE +</channel>
    <channel update="i" site="telepoche.fr" site_id="discoverychannel" xmltv_id="DISCOVERY CHANNEL">DISCOVERY CHANNEL</channel>
    <channel update="i" site="telepoche.fr" site_id="discoveryscience" xmltv_id="DISCOVERY SCIENCE">DISCOVERY SCIENCE</channel>
    <channel update="i" site="telepoche.fr" site_id="disneyjunior" xmltv_id="DISNEY JUNIOR">DISNEY JUNIOR</channel>
    <channel update="i" site="telepoche.fr" site_id="eentertainment" xmltv_id="E! ENTERTAINMENT">E! ENTERTAINMENT</channel>
    <channel update="i" site="telepoche.fr" site_id="infosportplus" xmltv_id="INFOSPORT +">INFOSPORT +</channel>
    <channel update="i" site="telepoche.fr" site_id="laune" xmltv_id="LA UNE">LA UNE</channel>
    <channel update="i" site="telepoche.fr" site_id="ladeux" xmltv_id="LA DEUX">LA DEUX</channel>
    <channel update="i" site="telepoche.fr" site_id="latrois" xmltv_id="LA TROIS">LA TROIS</channel>
    <channel update="i" site="telepoche.fr" site_id="mangas" xmltv_id="MANGAS">MANGAS</channel>
    <channel update="i" site="telepoche.fr" site_id="mtvhitsinternational" xmltv_id="MTV HITS INTERNATIONAL">MTV HITS INTERNATIONAL</channel>
    <channel update="i" site="telepoche.fr" site_id="nickelodeon" xmltv_id="NICKELODEON">NICKELODEON</channel>
    <channel update="i" site="telepoche.fr" site_id="planeteplus" xmltv_id="PLANETE +">PLANETE +</channel>
    <channel update="i" site="telepoche.fr" site_id="planeteplusae" xmltv_id="PLANETE+ AE">PLANETE+ AE</channel>
    <channel update="i" site="telepoche.fr" site_id="planeteplusci" xmltv_id="PLANETE+ CI">PLANETE+ CI</channel>
    <channel update="i" site="telepoche.fr" site_id="plugrtl" xmltv_id="PLUG RTL">PLUG RTL</channel>
    <channel update="i" site="telepoche.fr" site_id="rtltvi" xmltv_id="RTL TVI">RTL TVI</channel>
    <channel update="i" site="telepoche.fr" site_id="rts1" xmltv_id="RTS 1">RTS 1</channel>
    <channel update="i" site="telepoche.fr" site_id="rts2" xmltv_id="RTS 2">RTS 2</channel>
    <channel update="i" site="telepoche.fr" site_id="seasonsplus" xmltv_id="SEASONS +">SEASONS +</channel>
    <channel update="i" site="telepoche.fr" site_id="serieclub" xmltv_id="SERIE CLUB">SERIE CLUB</channel>
    <channel update="i" site="telepoche.fr" site_id="teletoonplus" xmltv_id="TELETOON +">TELETOON +</channel>
    <channel update="i" site="telepoche.fr" site_id="tiji" xmltv_id="TIJI">TIJI</channel>
    <channel update="i" site="telepoche.fr" site_id="mcsbienetre" xmltv_id="MCS BIEN ETRE">MCS BIEN ETRE</channel>
    <channel update="i" site="telepoche.fr" site_id="lachainemeteo" xmltv_id="LA CHAINE METEO">LA CHAINE METEO</channel>
    <channel update="i" site="telepoche.fr" site_id="golfplus" xmltv_id="GOLF +">GOLF +</channel>
    <channel update="i" site="telepoche.fr" site_id="extremesportschannel" xmltv_id="EXTREME SPORTS CHANNEL">EXTREME SPORTS CHANNEL</channel>
    <channel update="i" site="telepoche.fr" site_id="nickelodeonjunior" xmltv_id="NICKELODEON JUNIOR">NICKELODEON JUNIOR</channel>
    <channel update="i" site="telepoche.fr" site_id="disneyxd" xmltv_id="DISNEY XD">DISNEY XD</channel>
    <channel update="i" site="telepoche.fr" site_id="dorceltv" xmltv_id="DORCEL TV">DORCEL TV</channel>
    <channel update="i" site="telepoche.fr" site_id="xxl" xmltv_id="XXL">XXL</channel>
    <channel update="i" site="telepoche.fr" site_id="be1" xmltv_id="BE 1">BE 1</channel>
    <channel update="i" site="telepoche.fr" site_id="becine" xmltv_id="BE CINE">BE CINE</channel>
    <channel update="i" site="telepoche.fr" site_id="beseries" xmltv_id="BE SERIES">BE SERIES</channel>
    <channel update="i" site="telepoche.fr" site_id="voosportworld1" xmltv_id="VOOsport World 1">VOOsport World 1</channel>
    <channel update="i" site="telepoche.fr" site_id="voosportworld2" xmltv_id="VOOsport World 2">VOOsport World 2</channel>
    <channel update="i" site="telepoche.fr" site_id="cineplusclassicbe" xmltv_id="CINE + CLASSIC BE">CINE + CLASSIC BE</channel>
    <channel update="i" site="telepoche.fr" site_id="cineplusfrissonbe" xmltv_id="CINE + FRISSON BE">CINE + FRISSON BE</channel>
    <channel update="i" site="telepoche.fr" site_id="brazzerstv" xmltv_id="BRAZZERS TV">BRAZZERS TV</channel>
    <channel update="i" site="telepoche.fr" site_id="stingraycmusic" xmltv_id="STINGRAY CMUSIC">STINGRAY CMUSIC</channel>
    <channel update="i" site="telepoche.fr" site_id="stingrayconcerts" xmltv_id="STINGRAY CONCERTS">STINGRAY CONCERTS</channel>
    <channel update="i" site="telepoche.fr" site_id="karaokechannel" xmltv_id="KARAOKE CHANNEL">KARAOKE CHANNEL</channel>
    <channel update="i" site="telepoche.fr" site_id="myzentv" xmltv_id="MY ZEN TV">MY ZEN TV</channel>
    <channel update="i" site="telepoche.fr" site_id="trek" xmltv_id="TREK">TREK</channel>
    <channel update="i" site="telepoche.fr" site_id="vh1" xmltv_id="VH1">VH1</channel>
    <channel update="i" site="telepoche.fr" site_id="vh1classic" xmltv_id="VH1 CLASSIC">VH1 CLASSIC</channel>
  </channels>
</site>