﻿<?xml version="1.0" encoding="UTF-8"?>
<site generator-info-name="WebGrab+Plus/w MDB &amp; REX Postprocess -- version V3.0.3.2 -- Jan van Straaten" site="tv5monde.com">
  <channels>
    <channel update="i" site="tv5monde.com" site_id="afrique" xmltv_id="TV5MONDE Afrique">TV5MONDE Afrique</channel>
    <channel update="i" site="tv5monde.com" site_id="amerique-latine-et-caraibes" xmltv_id="TV5MONDE Amérique latine et Caraïbes">TV5MONDE Amérique latine et Caraïbes</channel>
    <channel update="i" site="tv5monde.com" site_id="asie" xmltv_id="TV5MONDE Asie">TV5MONDE Asie</channel>
    <channel update="i" site="tv5monde.com" site_id="etats-unis" xmltv_id="TV5MONDE États-Unis">TV5MONDE États-Unis</channel>
    <channel update="i" site="tv5monde.com" site_id="europe" xmltv_id="TV5MONDE Europe">TV5MONDE Europe</channel>
    <channel update="i" site="tv5monde.com" site_id="france-belgique-suisse" xmltv_id="TV5MONDE France Belgique Suisse">TV5MONDE France Belgique Suisse</channel>
    <channel update="i" site="tv5monde.com" site_id="maghreb-orient" xmltv_id="TV5MONDE Maghreb-Orient">TV5MONDE Maghreb-Orient</channel>
    <channel update="i" site="tv5monde.com" site_id="pacifique" xmltv_id="TV5MONDE Pacifique">TV5MONDE Pacifique</channel>
  </channels>
</site>