﻿<?xml version="1.0" encoding="UTF-8"?>
<site generator-info-name="WebGrab+Plus/w MDB &amp; REX Postprocess -- version V3.0.0.8 -- Jan van Straaten" site="tvmustra.hu">
  <channels>
    <channel update="i" site="tvmustra.hu" site_id="360TUNEBOX" xmltv_id="360TuneBox">360TuneBox</channel>
    <channel update="i" site="tvmustra.hu" site_id="3SAT" xmltv_id="3Sat">3Sat</channel>
    <channel update="i" site="tvmustra.hu" site_id="ALJAZEERA" xmltv_id="Al Jazeera">Al Jazeera</channel>
    <channel update="i" site="tvmustra.hu" site_id="AMC" xmltv_id="AMC">AMC</channel>
    <channel update="i" site="tvmustra.hu" site_id="ANIMALPLANET" xmltv_id="Animal Planet">Animal Planet</channel>
    <channel update="i" site="tvmustra.hu" site_id="ANIMALPLANETHD" xmltv_id="Animal Planet HD">Animal Planet HD</channel>
    <channel update="i" site="tvmustra.hu" site_id="ARD" xmltv_id="ARD1">ARD1</channel>
    <channel update="i" site="tvmustra.hu" site_id="ARTE" xmltv_id="Arte">Arte</channel>
    <channel update="i" site="tvmustra.hu" site_id="ATV" xmltv_id="ATV">ATV</channel>
    <channel update="i" site="tvmustra.hu" site_id="ATVSPIRIT" xmltv_id="ATV SPIRIT">ATV SPIRIT</channel>
    <channel update="i" site="tvmustra.hu" site_id="AXN" xmltv_id="AXN">AXN</channel>
    <channel update="i" site="tvmustra.hu" site_id="BABYTV" xmltv_id="Baby TV">Baby TV</channel>
    <channel update="i" site="tvmustra.hu" site_id="BABYFIRST" xmltv_id="Babyfirst">Babyfirst</channel>
    <channel update="i" site="tvmustra.hu" site_id="BALATONTV" xmltv_id="Balaton TV">Balaton TV</channel>
    <channel update="i" site="tvmustra.hu" site_id="BBCEARTH" xmltv_id="BBC Earth">BBC Earth</channel>
    <channel update="i" site="tvmustra.hu" site_id="BBCENTERTAINMENT" xmltv_id="BBC Entertainment">BBC Entertainment</channel>
    <channel update="i" site="tvmustra.hu" site_id="BONUMTV" xmltv_id="Bonum TV">Bonum TV</channel>
    <channel update="i" site="tvmustra.hu" site_id="BOOMERANG" xmltv_id="Boomerang">Boomerang</channel>
    <channel update="i" site="tvmustra.hu" site_id="BRAZZERSTVEUROPE" xmltv_id="Brazzers TV Europe">Brazzers TV Europe</channel>
    <channel update="i" site="tvmustra.hu" site_id="CARTOON" xmltv_id="Cartoon Network">Cartoon Network</channel>
    <channel update="i" site="tvmustra.hu" site_id="CBSREALITY" xmltv_id="CBS Reality">CBS Reality</channel>
    <channel update="i" site="tvmustra.hu" site_id="CINEMAX" xmltv_id="Cinemax">Cinemax</channel>
    <channel update="i" site="tvmustra.hu" site_id="CINEMAX2" xmltv_id="Cinemax 2">Cinemax 2</channel>
    <channel update="i" site="tvmustra.hu" site_id="COMEDY" xmltv_id="Comedy Central">Comedy Central</channel>
    <channel update="i" site="tvmustra.hu" site_id="COMEDYFAMILY" xmltv_id="Comedy Central Family">Comedy Central Family</channel>
    <channel update="i" site="tvmustra.hu" site_id="COOL" xmltv_id="Cool TV">Cool TV</channel>
    <channel update="i" site="tvmustra.hu" site_id="CRIME_INVESTIGATION" xmltv_id="Crime + Investigation">Crime + Investigation</channel>
    <channel update="i" site="tvmustra.hu" site_id="D1" xmltv_id="D1">D1</channel>
    <channel update="i" site="tvmustra.hu" site_id="DAVINCILEARNING" xmltv_id="Da Vinci Tv">Da Vinci Tv</channel>
    <channel update="i" site="tvmustra.hu" site_id="DIGIANIMALWORLD" xmltv_id="DIGI Animal World">DIGI Animal World</channel>
    <channel update="i" site="tvmustra.hu" site_id="DIGILIFE" xmltv_id="DIGI Life">DIGI Life</channel>
    <channel update="i" site="tvmustra.hu" site_id="DIGISPORT1" xmltv_id="DIGI Sport 1">DIGI Sport 1</channel>
    <channel update="i" site="tvmustra.hu" site_id="DIGISPORT1HD" xmltv_id="DIGI Sport 1 HD">DIGI Sport 1 HD</channel>
    <channel update="i" site="tvmustra.hu" site_id="DIGISPORT2" xmltv_id="DIGI Sport 2">DIGI Sport 2</channel>
    <channel update="i" site="tvmustra.hu" site_id="DIGISPORT2HD" xmltv_id="DIGI Sport 2 HD">DIGI Sport 2 HD</channel>
    <channel update="i" site="tvmustra.hu" site_id="DIGISPORT3" xmltv_id="DIGI Sport 3">DIGI Sport 3</channel>
    <channel update="i" site="tvmustra.hu" site_id="DIGISPORT3HD" xmltv_id="DIGI Sport 3 HD">DIGI Sport 3 HD</channel>
    <channel update="i" site="tvmustra.hu" site_id="DIGIWORLD" xmltv_id="DIGI World">DIGI World</channel>
    <channel update="i" site="tvmustra.hu" site_id="DIKHTV" xmltv_id="Dikh TV">Dikh TV</channel>
    <channel update="i" site="tvmustra.hu" site_id="DISCOVERYCHANNEL" xmltv_id="Discovery Channel">Discovery Channel</channel>
    <channel update="i" site="tvmustra.hu" site_id="DISCOVERYHD" xmltv_id="Discovery HD Showcase">Discovery HD Showcase</channel>
    <channel update="i" site="tvmustra.hu" site_id="DISCOVERYSCIENCE" xmltv_id="Discovery Science">Discovery Science</channel>
    <channel update="i" site="tvmustra.hu" site_id="DISCOVERYTURBOXTRA" xmltv_id="Discovery Turbo Xtra">Discovery Turbo Xtra</channel>
    <channel update="i" site="tvmustra.hu" site_id="DISNEY" xmltv_id="Disney Channel">Disney Channel</channel>
    <channel update="i" site="tvmustra.hu" site_id="DOCUBOX" xmltv_id="Docubox">Docubox</channel>
    <channel update="i" site="tvmustra.hu" site_id="DUCKTV" xmltv_id="Duck Tv">Duck Tv</channel>
    <channel update="i" site="tvmustra.hu" site_id="DUNA" xmltv_id="Duna TV">Duna TV</channel>
    <channel update="i" site="tvmustra.hu" site_id="DUNAWORLD" xmltv_id="Duna World">Duna World</channel>
    <channel update="i" site="tvmustra.hu" site_id="E_ENTERTAINMENT" xmltv_id="E! Entertainment">E! Entertainment</channel>
    <channel update="i" site="tvmustra.hu" site_id="ENGLISH_CLUB_TV" xmltv_id="English Club TV">English Club TV</channel>
    <channel update="i" site="tvmustra.hu" site_id="EPICDRAMA" xmltv_id="Epic Drama">Epic Drama</channel>
    <channel update="i" site="tvmustra.hu" site_id="EROX" xmltv_id="Eroxxx HD">Eroxxx HD</channel>
    <channel update="i" site="tvmustra.hu" site_id="EURONEWS" xmltv_id="Euronews">Euronews</channel>
    <channel update="i" site="tvmustra.hu" site_id="EUROSPORT" xmltv_id="Eurosport">Eurosport</channel>
    <channel update="i" site="tvmustra.hu" site_id="EUROSPORT2" xmltv_id="Eurosport 2">Eurosport 2</channel>
    <channel update="i" site="tvmustra.hu" site_id="EXTREMESPORTS" xmltv_id="Extreme Sports">Extreme Sports</channel>
    <channel update="i" site="tvmustra.hu" site_id="FTV" xmltv_id="Fashion TV Europe">Fashion TV Europe</channel>
    <channel update="i" site="tvmustra.hu" site_id="FASHIONBOX" xmltv_id="Fashionbox">Fashionbox</channel>
    <channel update="i" site="tvmustra.hu" site_id="FEM3" xmltv_id="Fem3">Fem3</channel>
    <channel update="i" site="tvmustra.hu" site_id="FIGHTBOX" xmltv_id="FightBox">FightBox</channel>
    <channel update="i" site="tvmustra.hu" site_id="FILMCAFE" xmltv_id="Film Café">Film Café</channel>
    <channel update="i" site="tvmustra.hu" site_id="FILMMANIA" xmltv_id="Film Mánia">Film Mánia</channel>
    <channel update="i" site="tvmustra.hu" site_id="FILMPLUSSZ" xmltv_id="Film+">Film+</channel>
    <channel update="i" site="tvmustra.hu" site_id="FILM4" xmltv_id="Film4">Film4</channel>
    <channel update="i" site="tvmustra.hu" site_id="FILMBOX" xmltv_id="Filmbox">Filmbox</channel>
    <channel update="i" site="tvmustra.hu" site_id="FILMBOXARTHOUSE" xmltv_id="Filmbox Arthouse">Filmbox Arthouse</channel>
    <channel update="i" site="tvmustra.hu" site_id="FILMBOXHD" xmltv_id="Filmbox Extra HD">Filmbox Extra HD</channel>
    <channel update="i" site="tvmustra.hu" site_id="FILMBOXFAMILY" xmltv_id="Filmbox Family">Filmbox Family</channel>
    <channel update="i" site="tvmustra.hu" site_id="FILMBOXPLUS" xmltv_id="Filmbox Plus">Filmbox Plus</channel>
    <channel update="i" site="tvmustra.hu" site_id="FILMBOXPREMIUM" xmltv_id="FilmBox Prémium">FilmBox Prémium</channel>
    <channel update="i" site="tvmustra.hu" site_id="FILMNOW" xmltv_id="FilmNow">FilmNow</channel>
    <channel update="i" site="tvmustra.hu" site_id="FINELIVING" xmltv_id="Fine Living">Fine Living</channel>
    <channel update="i" site="tvmustra.hu" site_id="FH" xmltv_id="Fishing and Hunting Channel">Fishing and Hunting Channel</channel>
    <channel update="i" site="tvmustra.hu" site_id="FITHD" xmltv_id="Fit HD">Fit HD</channel>
    <channel update="i" site="tvmustra.hu" site_id="FOODNETWORK" xmltv_id="Food Network">Food Network</channel>
    <channel update="i" site="tvmustra.hu" site_id="FONIXTV" xmltv_id="Főnix Tv">Főnix Tv</channel>
    <channel update="i" site="tvmustra.hu" site_id="FTVHD" xmltv_id="FTV HD">FTV HD</channel>
    <channel update="i" site="tvmustra.hu" site_id="FUNBOX" xmltv_id="FunBox UHD">FunBox UHD</channel>
    <channel update="i" site="tvmustra.hu" site_id="GALAXY4" xmltv_id="Galaxy4">Galaxy4</channel>
    <channel update="i" site="tvmustra.hu" site_id="GAMETOON" xmltv_id="Gametoon">Gametoon</channel>
    <channel update="i" site="tvmustra.hu" site_id="HIT_MUSIC" xmltv_id="H!T Music Channel">H!T Music Channel</channel>
    <channel update="i" site="tvmustra.hu" site_id="HATOSCSATORNA" xmltv_id="Hatos csatorna">Hatos csatorna</channel>
    <channel update="i" site="tvmustra.hu" site_id="HBO" xmltv_id="HBO">HBO</channel>
    <channel update="i" site="tvmustra.hu" site_id="HBO2" xmltv_id="HBO 2">HBO 2</channel>
    <channel update="i" site="tvmustra.hu" site_id="HBO3" xmltv_id="HBO 3">HBO 3</channel>
    <channel update="i" site="tvmustra.hu" site_id="HGTV" xmltv_id="HGTV">HGTV</channel>
    <channel update="i" site="tvmustra.hu" site_id="HIRTV" xmltv_id="HIR TV">HIR TV</channel>
    <channel update="i" site="tvmustra.hu" site_id="THEHISTORYCHANNEL" xmltv_id="History Channel">History Channel</channel>
    <channel update="i" site="tvmustra.hu" site_id="HISTORY2" xmltv_id="History2">History2</channel>
    <channel update="i" site="tvmustra.hu" site_id="HRT1" xmltv_id="HRT-1">HRT-1</channel>
    <channel update="i" site="tvmustra.hu" site_id="HUMORPLUSZ" xmltv_id="Humor+">Humor+</channel>
    <channel update="i" site="tvmustra.hu" site_id="HUSTLERTV" xmltv_id="Hustler TV">Hustler TV</channel>
    <channel update="i" site="tvmustra.hu" site_id="ICONCERT" xmltv_id="iConcert HD">iConcert HD</channel>
    <channel update="i" site="tvmustra.hu" site_id="DISCOVERYID" xmltv_id="ID: Investigation Discovery">ID: Investigation Discovery</channel>
    <channel update="i" site="tvmustra.hu" site_id="IZAURATV" xmltv_id="Izaura TV">Izaura TV</channel>
    <channel update="i" site="tvmustra.hu" site_id="JIMJAM" xmltv_id="JimJam">JimJam</channel>
    <channel update="i" site="tvmustra.hu" site_id="JOCKYTV" xmltv_id="Jocky TV">Jocky TV</channel>
    <channel update="i" site="tvmustra.hu" site_id="KIKA" xmltv_id="Kika">Kika</channel>
    <channel update="i" site="tvmustra.hu" site_id="KIWITV" xmltv_id="KiWi TV">KiWi TV</channel>
    <channel update="i" site="tvmustra.hu" site_id="LICHITV" xmltv_id="LiChi TV">LiChi TV</channel>
    <channel update="i" site="tvmustra.hu" site_id="LIFETV" xmltv_id="LifeTv">LifeTv</channel>
    <channel update="i" site="tvmustra.hu" site_id="M1HD" xmltv_id="m1 HD">m1 HD</channel>
    <channel update="i" site="tvmustra.hu" site_id="M2HD" xmltv_id="m2 HD">m2 HD</channel>
    <channel update="i" site="tvmustra.hu" site_id="M4" xmltv_id="m4">m4</channel>
    <channel update="i" site="tvmustra.hu" site_id="M5" xmltv_id="m5">m5</channel>
    <channel update="i" site="tvmustra.hu" site_id="M1" xmltv_id="Magyar 1">Magyar 1</channel>
    <channel update="i" site="tvmustra.hu" site_id="M2" xmltv_id="Magyar 2">Magyar 2</channel>
    <channel update="i" site="tvmustra.hu" site_id="MEZZO" xmltv_id="MEZZO">MEZZO</channel>
    <channel update="i" site="tvmustra.hu" site_id="MEZZOHD" xmltv_id="MEZZOHD">MEZZOHD</channel>
    <channel update="i" site="tvmustra.hu" site_id="MINIMAX" xmltv_id="Minimax">Minimax</channel>
    <channel update="i" site="tvmustra.hu" site_id="MOZIPLUSZ" xmltv_id="Mozi+">Mozi+</channel>
    <channel update="i" site="tvmustra.hu" site_id="MOZIVERZUM" xmltv_id="Moziverzum">Moziverzum</channel>
    <channel update="i" site="tvmustra.hu" site_id="MR1KOSSUTH" xmltv_id="MR1-Kossuth">MR1-Kossuth</channel>
    <channel update="i" site="tvmustra.hu" site_id="MR2PETOFI" xmltv_id="MR2-Petőfi">MR2-Petőfi</channel>
    <channel update="i" site="tvmustra.hu" site_id="MR3BARTOK" xmltv_id="MR3-Bartók">MR3-Bartók</channel>
    <channel update="i" site="tvmustra.hu" site_id="MR4NEMZETISEGI" xmltv_id="MR4-Nemzetiségi">MR4-Nemzetiségi</channel>
    <channel update="i" site="tvmustra.hu" site_id="MR6DANKO" xmltv_id="MR6-Dankó">MR6-Dankó</channel>
    <channel update="i" site="tvmustra.hu" site_id="MTVDANCE" xmltv_id="MTV Dance">MTV Dance</channel>
    <channel update="i" site="tvmustra.hu" site_id="MTVEURO" xmltv_id="MTV Euro">MTV Euro</channel>
    <channel update="i" site="tvmustra.hu" site_id="MTVHITS" xmltv_id="MTV Hits">MTV Hits</channel>
    <channel update="i" site="tvmustra.hu" site_id="MTVHUNGARY" xmltv_id="MTV Hungary">MTV Hungary</channel>
    <channel update="i" site="tvmustra.hu" site_id="MTVLIVEHD" xmltv_id="MTV Live HD">MTV Live HD</channel>
    <channel update="i" site="tvmustra.hu" site_id="MTVROCKS" xmltv_id="MTV Rocks">MTV Rocks</channel>
    <channel update="i" site="tvmustra.hu" site_id="MUSIC_CHANNEL" xmltv_id="Music Channel">Music Channel</channel>
    <channel update="i" site="tvmustra.hu" site_id="MUZSIKA" xmltv_id="Muzsika TV">Muzsika TV</channel>
    <channel update="i" site="tvmustra.hu" site_id="NATIONALGEOGRAPHIC" xmltv_id="National Geographic">National Geographic</channel>
    <channel update="i" site="tvmustra.hu" site_id="NATGEOHD" xmltv_id="National Geographic HD">National Geographic HD</channel>
    <channel update="i" site="tvmustra.hu" site_id="NATIONALGEOWILD" xmltv_id="National Geographic Wild">National Geographic Wild</channel>
    <channel update="i" site="tvmustra.hu" site_id="NATIONALGEOWILDHD" xmltv_id="National Geographic Wild HD">National Geographic Wild HD</channel>
    <channel update="i" site="tvmustra.hu" site_id="NAUTICALCHANNEL" xmltv_id="Nautical Channel HD">Nautical Channel HD</channel>
    <channel update="i" site="tvmustra.hu" site_id="NICK_JR" xmltv_id="Nick Jr.">Nick Jr.</channel>
    <channel update="i" site="tvmustra.hu" site_id="NICKELODEON" xmltv_id="Nickelodeon">Nickelodeon</channel>
    <channel update="i" site="tvmustra.hu" site_id="NICKTOONS" xmltv_id="Nicktoons">Nicktoons</channel>
    <channel update="i" site="tvmustra.hu" site_id="ORT1" xmltv_id="ORT1">ORT1</channel>
    <channel update="i" site="tvmustra.hu" site_id="OZONETV" xmltv_id="OzoneTv">OzoneTv</channel>
    <channel update="i" site="tvmustra.hu" site_id="PARAMOUNT" xmltv_id="Paramount Channel">Paramount Channel</channel>
    <channel update="i" site="tvmustra.hu" site_id="PAXTV" xmltv_id="Pax TV">Pax TV</channel>
    <channel update="i" site="tvmustra.hu" site_id="PLAYBOYTV" xmltv_id="Playboy TV">Playboy TV</channel>
    <channel update="i" site="tvmustra.hu" site_id="PRIME" xmltv_id="Prime">Prime</channel>
    <channel update="i" site="tvmustra.hu" site_id="PRIVATETV" xmltv_id="Private TV">Private TV</channel>
    <channel update="i" site="tvmustra.hu" site_id="PRO7" xmltv_id="PRO 7">PRO 7</channel>
    <channel update="i" site="tvmustra.hu" site_id="RAIUNO" xmltv_id="Rai 1">Rai 1</channel>
    <channel update="i" site="tvmustra.hu" site_id="REDLIGHTHD" xmltv_id="Redlight HD">Redlight HD</channel>
    <channel update="i" site="tvmustra.hu" site_id="RTL" xmltv_id="RTL">RTL</channel>
    <channel update="i" site="tvmustra.hu" site_id="RTL2" xmltv_id="RTL 2 (Magyar)">RTL 2 (Magyar)</channel>
    <channel update="i" site="tvmustra.hu" site_id="RTLGOLD" xmltv_id="RTL Gold">RTL Gold</channel>
    <channel update="i" site="tvmustra.hu" site_id="RTLKLUB" xmltv_id="RTL Klub">RTL Klub</channel>
    <channel update="i" site="tvmustra.hu" site_id="RTLSPIKE" xmltv_id="RTL Spike">RTL Spike</channel>
    <channel update="i" site="tvmustra.hu" site_id="RTLPLUSZ" xmltv_id="RTL+">RTL+</channel>
    <channel update="i" site="tvmustra.hu" site_id="RTL2_DE" xmltv_id="RTL2">RTL2</channel>
    <channel update="i" site="tvmustra.hu" site_id="SAT1" xmltv_id="SAT 1">SAT 1</channel>
    <channel update="i" site="tvmustra.hu" site_id="SLAGERTV" xmltv_id="Sláger TV">Sláger TV</channel>
    <channel update="i" site="tvmustra.hu" site_id="SMILEOFACHILD" xmltv_id="Smile of a Child">Smile of a Child</channel>
    <channel update="i" site="tvmustra.hu" site_id="SONYMAX" xmltv_id="Sony Max">Sony Max</channel>
    <channel update="i" site="tvmustra.hu" site_id="SONYMOVIE" xmltv_id="Sony Movie Channel">Sony Movie Channel</channel>
    <channel update="i" site="tvmustra.hu" site_id="SOROZATPLUSSZ" xmltv_id="Sorozat+">Sorozat+</channel>
    <channel update="i" site="tvmustra.hu" site_id="SPEKTRUM" xmltv_id="Spektrum">Spektrum</channel>
    <channel update="i" site="tvmustra.hu" site_id="SPEKTRUMHD" xmltv_id="Spektrum HD">Spektrum HD</channel>
    <channel update="i" site="tvmustra.hu" site_id="SPEKTRUMHOME" xmltv_id="Spektrum Home">Spektrum Home</channel>
    <channel update="i" site="tvmustra.hu" site_id="SPILER-EXTRA" xmltv_id="Spíler Extra">Spíler Extra</channel>
    <channel update="i" site="tvmustra.hu" site_id="SPILER1TV" xmltv_id="Spíler1 TV">Spíler1 TV</channel>
    <channel update="i" site="tvmustra.hu" site_id="SPILER2TV" xmltv_id="Spíler2 TV">Spíler2 TV</channel>
    <channel update="i" site="tvmustra.hu" site_id="SPORT1" xmltv_id="Sport1">Sport1</channel>
    <channel update="i" site="tvmustra.hu" site_id="SPORT2" xmltv_id="Sport2">Sport2</channel>
    <channel update="i" site="tvmustra.hu" site_id="STORY4" xmltv_id="Story4">Story4</channel>
    <channel update="i" site="tvmustra.hu" site_id="SUPERRTL" xmltv_id="Super Rtl">Super Rtl</channel>
    <channel update="i" site="tvmustra.hu" site_id="SUPERTV2" xmltv_id="Super TV2">Super TV2</channel>
    <channel update="i" site="tvmustra.hu" site_id="SUPERONEHD" xmltv_id="Superone HD">Superone HD</channel>
    <channel update="i" site="tvmustra.hu" site_id="THEHISTORYCHANNELHD" xmltv_id="The History HD">The History HD</channel>
    <channel update="i" site="tvmustra.hu" site_id="TLC" xmltv_id="TLC">TLC</channel>
    <channel update="i" site="tvmustra.hu" site_id="TOLNATAJTV" xmltv_id="Tolnatáj TV">Tolnatáj TV</channel>
    <channel update="i" site="tvmustra.hu" site_id="TRAVELCHANNEL" xmltv_id="Travel Channel">Travel Channel</channel>
    <channel update="i" site="tvmustra.hu" site_id="TRAVELCHANNELHD" xmltv_id="Travel Channel HD">Travel Channel HD</channel>
    <channel update="i" site="tvmustra.hu" site_id="RUSSIAN_KINO" xmltv_id="TV 1000 Russian Kino">TV 1000 Russian Kino</channel>
    <channel update="i" site="tvmustra.hu" site_id="TVPAPRIKA" xmltv_id="TV Paprika">TV Paprika</channel>
    <channel update="i" site="tvmustra.hu" site_id="TV2" xmltv_id="TV2">TV2</channel>
    <channel update="i" site="tvmustra.hu" site_id="TV4" xmltv_id="TV4">TV4</channel>
    <channel update="i" site="tvmustra.hu" site_id="TV5MONDE" xmltv_id="TV5">TV5</channel>
    <channel update="i" site="tvmustra.hu" site_id="TVE" xmltv_id="TVE">TVE</channel>
    <channel update="i" site="tvmustra.hu" site_id="VH1" xmltv_id="VH1">VH1</channel>
    <channel update="i" site="tvmustra.hu" site_id="VH1CLASSIC" xmltv_id="VH1 Classic">VH1 Classic</channel>
    <channel update="i" site="tvmustra.hu" site_id="VIASAT3" xmltv_id="Viasat 3">Viasat 3</channel>
    <channel update="i" site="tvmustra.hu" site_id="VIASATEXPLORE" xmltv_id="Viasat Explore">Viasat Explore</channel>
    <channel update="i" site="tvmustra.hu" site_id="VIASATHISTORY" xmltv_id="Viasat History">Viasat History</channel>
    <channel update="i" site="tvmustra.hu" site_id="VIASATNATURE" xmltv_id="Viasat Nature">Viasat Nature</channel>
    <channel update="i" site="tvmustra.hu" site_id="VIASATNATUREHISTORYHD" xmltv_id="Viasat Nature/History HD">Viasat Nature/History HD</channel>
    <channel update="i" site="tvmustra.hu" site_id="VIASAT6" xmltv_id="Viasat6">Viasat6</channel>
    <channel update="i" site="tvmustra.hu" site_id="VOX" xmltv_id="Vox">Vox</channel>
    <channel update="i" site="tvmustra.hu" site_id="ZDF" xmltv_id="ZDF">ZDF</channel>
    <channel update="i" site="tvmustra.hu" site_id="ZEGTV" xmltv_id="Zeg TV">Zeg TV</channel>
    <channel update="i" site="tvmustra.hu" site_id="ZENEBUTIK" xmltv_id="Zenebutik">Zenebutik</channel>
  </channels>
</site>