﻿<?xml version="1.0" encoding="UTF-8"?>
<site generator-info-name="WebGrab+Plus/w MDB &amp; REX Postprocess -- version V3.0.0.11 -- Jan van Straaten" site="gatotv.com">
  <channels>
    <channel update="i" site="gatotv.com" site_id="1_colombia" xmltv_id="Canal 1 (Colombia)">Canal 1 (Colombia)</channel>
    <channel update="i" site="gatotv.com" site_id="azteca_uno" xmltv_id="Canal Azteca Uno">Canal Azteca Uno</channel>
    <channel update="i" site="gatotv.com" site_id="azteca_uno_1h" xmltv_id="Canal Azteca Uno -1 Hora">Canal Azteca Uno -1 Hora</channel>
    <channel update="i" site="gatotv.com" site_id="azteca_uno_2h" xmltv_id="Canal Azteca Uno -2 Horas">Canal Azteca Uno -2 Horas</channel>
    <channel update="i" site="gatotv.com" site_id="la_1" xmltv_id="Canal La 1">Canal La 1</channel>
    <channel update="i" site="gatotv.com" site_id="uno_ecuador" xmltv_id="Canal Uno (Ecuador)">Canal Uno (Ecuador)</channel>
    <channel update="i" site="gatotv.com" site_id="2_de_el_salvador" xmltv_id="Canal 2 de El Salvador">Canal 2 de El Salvador</channel>
    <channel update="i" site="gatotv.com" site_id="de_las_estrellas_mexico" xmltv_id="Canal 2 de México (Canal Las Estrellas - XEW) ">Canal 2 de México (Canal Las Estrellas - XEW) </channel>
    <channel update="i" site="gatotv.com" site_id="2_de_nicaragua_televicentro" xmltv_id="Canal 2 de Nicaragua (Televicentro)">Canal 2 de Nicaragua (Televicentro)</channel>
    <channel update="i" site="gatotv.com" site_id="tvn-2" xmltv_id="Canal 2 de Panamá (TVN-2)">Canal 2 de Panamá (TVN-2)</channel>
    <channel update="i" site="gatotv.com" site_id="tele_antillas" xmltv_id="Canal 2 de Tele Antillas (República Dominicana)">Canal 2 de Tele Antillas (República Dominicana)</channel>
    <channel update="i" site="gatotv.com" site_id="la_2" xmltv_id="Canal La 2">Canal La 2</channel>
    <channel update="i" site="gatotv.com" site_id="3_de_guatemala_el_super_canal" xmltv_id="Canal 3 de Guatemala (El Super Canal)">Canal 3 de Guatemala (El Super Canal)</channel>
    <channel update="i" site="gatotv.com" site_id="antena_3_espana" xmltv_id="Canal Antena 3 de España">Canal Antena 3 de España</channel>
    <channel update="i" site="gatotv.com" site_id="4_de_costa_rica_repretel" xmltv_id="Canal 4 de Costa Rica (Repretel)">Canal 4 de Costa Rica (Repretel)</channel>
    <channel update="i" site="gatotv.com" site_id="4_de_el_salvador" xmltv_id="Canal 4 de El Salvador">Canal 4 de El Salvador</channel>
    <channel update="i" site="gatotv.com" site_id="4_guadalajara" xmltv_id="Canal 4 de Guadalajara (México)">Canal 4 de Guadalajara (México)</channel>
    <channel update="i" site="gatotv.com" site_id="4_de_panama" xmltv_id="Canal 4 de Panamá (RPC TV)">Canal 4 de Panamá (RPC TV)</channel>
    <channel update="i" site="gatotv.com" site_id="cuatro_de_espana" xmltv_id="Canal Cuatro de España">Canal Cuatro de España</channel>
    <channel update="i" site="gatotv.com" site_id="rts" xmltv_id="Canal RTS">Canal RTS</channel>
    <channel update="i" site="gatotv.com" site_id="5_mexico" xmltv_id="Canal 5 de México (XHGC)">Canal 5 de México (XHGC)</channel>
    <channel update="i" site="gatotv.com" site_id="5_telemicro" xmltv_id="Canal 5 de Telemicro (República Dominicana)">Canal 5 de Telemicro (República Dominicana)</channel>
    <channel update="i" site="gatotv.com" site_id="5_el_lider_honduras" xmltv_id="Canal 5 El Líder (Honduras)">Canal 5 El Líder (Honduras)</channel>
    <channel update="i" site="gatotv.com" site_id="telecinco" xmltv_id="Canal Telecinco">Canal Telecinco</channel>
    <channel update="i" site="gatotv.com" site_id="6_de_el_salvador" xmltv_id="Canal 6 de El Salvador">Canal 6 de El Salvador</channel>
    <channel update="i" site="gatotv.com" site_id="6_de_puerto_rico" xmltv_id="Canal 6 de Puerto Rico (WIPR-TV)">Canal 6 de Puerto Rico (WIPR-TV)</channel>
    <channel update="i" site="gatotv.com" site_id="repretel" xmltv_id="Canal 6 Repretel (Costa Rica)">Canal 6 Repretel (Costa Rica)</channel>
    <channel update="i" site="gatotv.com" site_id="la_sexta" xmltv_id="Canal La Sexta">Canal La Sexta</channel>
    <channel update="i" site="gatotv.com" site_id="7_republica_dominicana" xmltv_id="Canal 7 de Antena Latina (República Dominicana)">Canal 7 de Antena Latina (República Dominicana)</channel>
    <channel update="i" site="gatotv.com" site_id="7_de_guatemala_televisiete" xmltv_id="Canal 7 de Guatemala (Televisiete)">Canal 7 de Guatemala (Televisiete)</channel>
    <channel update="i" site="gatotv.com" site_id="7_de_puerto_rico_teleisla" xmltv_id="Canal 7 de Puerto Rico (teleisla)">Canal 7 de Puerto Rico (teleisla)</channel>
    <channel update="i" site="gatotv.com" site_id="teletica" xmltv_id="Canal 7 de Teletica (Costa Rica)">Canal 7 de Teletica (Costa Rica)</channel>
    <channel update="i" site="gatotv.com" site_id="azteca_7" xmltv_id="Canal Azteca 7  (México)">Canal Azteca 7  (México)</channel>
    <channel update="i" site="gatotv.com" site_id="9_republica_dominicana" xmltv_id="Canal 9 de Color Visión (República Dominicana)">Canal 9 de Color Visión (República Dominicana)</channel>
    <channel update="i" site="gatotv.com" site_id="9_de_honduras_vica" xmltv_id="Canal 9 de Honduras (Vica)">Canal 9 de Honduras (Vica)</channel>
    <channel update="i" site="gatotv.com" site_id="9_de_mexico" xmltv_id="Canal 9 de México (XEQ-TDT)">Canal 9 de México (XEQ-TDT)</channel>
    <channel update="i" site="gatotv.com" site_id="tvmax" xmltv_id="Canal 9 de Panamá (TVMax)">Canal 9 de Panamá (TVMax)</channel>
    <channel update="i" site="gatotv.com" site_id="canal_9_noticias_paraguay" xmltv_id="Canal 9 Noticias (Paraguay)">Canal 9 Noticias (Paraguay)</channel>
    <channel update="i" site="gatotv.com" site_id="tc_television" xmltv_id="Canal TC Televisión ">Canal TC Televisión </channel>
    <channel update="i" site="gatotv.com" site_id="11_de_costa_rica" xmltv_id="Canal 11 de Costa Rica">Canal 11 de Costa Rica</channel>
    <channel update="i" site="gatotv.com" site_id="11_de_guatemala_teleonce" xmltv_id="Canal 11 de Guatemala (Teleonce)">Canal 11 de Guatemala (Teleonce)</channel>
    <channel update="i" site="gatotv.com" site_id="once_tv_mexico_xeipn-tv" xmltv_id="Canal Once TV - México (XEIPN-TV)">Canal Once TV - México (XEIPN-TV)</channel>
    <channel update="i" site="gatotv.com" site_id="telesistema_11" xmltv_id="Canal Telesistema 11 (República Dominicana)">Canal Telesistema 11 (República Dominicana)</channel>
    <channel update="i" site="gatotv.com" site_id="12_de_el_salvador" xmltv_id="Canal 12 de El Salvador">Canal 12 de El Salvador</channel>
    <channel update="i" site="gatotv.com" site_id="13_de_chile" xmltv_id="Canal 13 de Chile">Canal 13 de Chile</channel>
    <channel update="i" site="gatotv.com" site_id="13_de_colombia" xmltv_id="Canal 13 de Colombia (Trece)">Canal 13 de Colombia (Trece)</channel>
    <channel update="i" site="gatotv.com" site_id="13_de_costa_rica" xmltv_id="Canal 13 de Costa Rica">Canal 13 de Costa Rica</channel>
    <channel update="i" site="gatotv.com" site_id="13_de_guatemala_trecevision" xmltv_id="Canal 13 de Guatemala (Trecevisión)">Canal 13 de Guatemala (Trecevisión)</channel>
    <channel update="i" site="gatotv.com" site_id="13_de_nicaragua" xmltv_id="Canal 13 de Nicaragua (Viva Nicaragua)">Canal 13 de Nicaragua (Viva Nicaragua)</channel>
    <channel update="i" site="gatotv.com" site_id="13_de_panama" xmltv_id="Canal 13 de Panamá (Telemetro)">Canal 13 de Panamá (Telemetro)</channel>
    <channel update="i" site="gatotv.com" site_id="13_de_puerto_rico" xmltv_id="Canal 13 de Puerto Rico (Teleoro)">Canal 13 de Puerto Rico (Teleoro)</channel>
    <channel update="i" site="gatotv.com" site_id="13_de_republica_dominicana_telecentro" xmltv_id="Canal Telecentro (13 de República Dominicana)">Canal Telecentro (13 de República Dominicana)</channel>
    <channel update="i" site="gatotv.com" site_id="14_de_mexico" xmltv_id="Canal 14 de México">Canal 14 de México</channel>
    <channel update="i" site="gatotv.com" site_id="15_republica_dominicana" xmltv_id="Canal 15 (Digital Quince Telemicro) (República Dominicana)">Canal 15 (Digital Quince Telemicro) (República Dominicana)</channel>
    <channel update="i" site="gatotv.com" site_id="teleislas" xmltv_id="Canal Teleislas">Canal Teleislas</channel>
    <channel update="i" site="gatotv.com" site_id="21_el_salvador" xmltv_id="Canal 21 de El Salvador (Megavisión)">Canal 21 de El Salvador (Megavisión)</channel>
    <channel update="i" site="gatotv.com" site_id="22_mexico" xmltv_id="Canal 22 de México">Canal 22 de México</channel>
    <channel update="i" site="gatotv.com" site_id="tn23" xmltv_id="Canal TN23">Canal TN23</channel>
    <channel update="i" site="gatotv.com" site_id="guatevision" xmltv_id="Canal Guatevisión">Canal Guatevisión</channel>
    <channel update="i" site="gatotv.com" site_id="27_de_guatemala" xmltv_id="Canal 27 de Guatemala">Canal 27 de Guatemala</channel>
    <channel update="i" site="gatotv.com" site_id="29_republica_dominicana" xmltv_id="Canal 29 de TeleUniverso (República Dominicana)">Canal 29 de TeleUniverso (República Dominicana)</channel>
    <channel update="i" site="gatotv.com" site_id="azteca_guatemala" xmltv_id="Canal Azteca Guatemala">Canal Azteca Guatemala</channel>
    <channel update="i" site="gatotv.com" site_id="37_republica_dominicana" xmltv_id="Canal 37 de CDN (República Dominicana)">Canal 37 de CDN (República Dominicana)</channel>
    <channel update="i" site="gatotv.com" site_id="adn_40" xmltv_id="Canal ADN 40">Canal ADN 40</channel>
    <channel update="i" site="gatotv.com" site_id="extra_tv_42_de_costa_rica" xmltv_id="Canal Extra TV 42 de Costa Rica">Canal Extra TV 42 de Costa Rica</channel>
    <channel update="i" site="gatotv.com" site_id="_0" xmltv_id="Canal #0">Canal #0</channel>
    <channel update="i" site="gatotv.com" site_id="hola_tv" xmltv_id="Canal ¡HOLA! TV">Canal ¡HOLA! TV</channel>
    <channel update="i" site="gatotv.com" site_id="24_horas_chile" xmltv_id="Canal 24 Horas (Chile)">Canal 24 Horas (Chile)</channel>
    <channel update="i" site="gatotv.com" site_id="24_horas_tve" xmltv_id="Canal 24 Horas (TVE)">Canal 24 Horas (TVE)</channel>
    <channel update="i" site="gatotv.com" site_id="3abn_latino" xmltv_id="Canal 3ABN Latino">Canal 3ABN Latino</channel>
    <channel update="i" site="gatotv.com" site_id="a_y_e_mexico" xmltv_id="Canal A&amp;E (México)">Canal A&amp;E (México)</channel>
    <channel update="i" site="gatotv.com" site_id="a_and_e_panregional" xmltv_id="Canal A&amp;E (Panregional)">Canal A&amp;E (Panregional)</channel>
    <channel update="i" site="gatotv.com" site_id="a_mas" xmltv_id="Canal a+">Canal a+</channel>
    <channel update="i" site="gatotv.com" site_id="adrenalina_sports_network" xmltv_id="Canal Adrenalina Sports Network">Canal Adrenalina Sports Network</channel>
    <channel update="i" site="gatotv.com" site_id="agrotendencia_tv" xmltv_id="Canal Agrotendencia TV">Canal Agrotendencia TV</channel>
    <channel update="i" site="gatotv.com" site_id="amc_espana" xmltv_id="Canal AMC (España)">Canal AMC (España)</channel>
    <channel update="i" site="gatotv.com" site_id="amc_mexico" xmltv_id="Canal AMC (México)">Canal AMC (México)</channel>
    <channel update="i" site="gatotv.com" site_id="amc_panregional" xmltv_id="Canal AMC (Panregional)">Canal AMC (Panregional)</channel>
    <channel update="i" site="gatotv.com" site_id="america_television_peru" xmltv_id="Canal América Televisión (Perú) ">Canal América Televisión (Perú) </channel>
    <channel update="i" site="gatotv.com" site_id="america_teve" xmltv_id="Canal América TeVé">Canal América TeVé</channel>
    <channel update="i" site="gatotv.com" site_id="america_tv_argentina" xmltv_id="Canal America TV (Argentina)">Canal America TV (Argentina)</channel>
    <channel update="i" site="gatotv.com" site_id="animal_planet_mexico" xmltv_id="Canal Animal Planet (México)">Canal Animal Planet (México)</channel>
    <channel update="i" site="gatotv.com" site_id="animal_planet_panregional" xmltv_id="Canal Animal Planet (Panregional)">Canal Animal Planet (Panregional)</channel>
    <channel update="i" site="gatotv.com" site_id="antena_3" xmltv_id="Canal Antena 3">Canal Antena 3</channel>
    <channel update="i" site="gatotv.com" site_id="antigua" xmltv_id="Canal Antigua (Guatemala)">Canal Antigua (Guatemala)</channel>
    <channel update="i" site="gatotv.com" site_id="antigua_sports" xmltv_id="Canal Antigua Sports">Canal Antigua Sports</channel>
    <channel update="i" site="gatotv.com" site_id="aprende" xmltv_id="Canal Aprende">Canal Aprende</channel>
    <channel update="i" site="gatotv.com" site_id="atreseries_espana" xmltv_id="Canal Atreseries (España)">Canal Atreseries (España)</channel>
    <channel update="i" site="gatotv.com" site_id="atreseries_internacional" xmltv_id="Canal Atreseries (Internacional)">Canal Atreseries (Internacional)</channel>
    <channel update="i" site="gatotv.com" site_id="atv" xmltv_id="Canal ATV ">Canal ATV </channel>
    <channel update="i" site="gatotv.com" site_id="axn" xmltv_id="Canal AXN">Canal AXN</channel>
    <channel update="i" site="gatotv.com" site_id="axn_centroamerica" xmltv_id="Canal AXN (Centroamérica)">Canal AXN (Centroamérica)</channel>
    <channel update="i" site="gatotv.com" site_id="axn_espana" xmltv_id="Canal AXN (España)">Canal AXN (España)</channel>
    <channel update="i" site="gatotv.com" site_id="axn_mexico" xmltv_id="Canal AXN (México)">Canal AXN (México)</channel>
    <channel update="i" site="gatotv.com" site_id="axn_white_espana" xmltv_id="Canal AXN White España">Canal AXN White España</channel>
    <channel update="i" site="gatotv.com" site_id="aym_sports" xmltv_id="Canal AYM Sports">Canal AYM Sports</channel>
    <channel update="i" site="gatotv.com" site_id="az_cinema" xmltv_id="Canal AZ Cinema">Canal AZ Cinema</channel>
    <channel update="i" site="gatotv.com" site_id="az_clic" xmltv_id="Canal AZ Clic!">Canal AZ Clic!</channel>
    <channel update="i" site="gatotv.com" site_id="az_corazon" xmltv_id="Canal AZ Corazón">Canal AZ Corazón</channel>
    <channel update="i" site="gatotv.com" site_id="az_mundo" xmltv_id="Canal AZ Mundo">Canal AZ Mundo</channel>
    <channel update="i" site="gatotv.com" site_id="az_noticias" xmltv_id="Canal AZ Noticias">Canal AZ Noticias</channel>
    <channel update="i" site="gatotv.com" site_id="baby_tv_latinoamerica" xmltv_id="Canal Baby TV (Latinoamérica)">Canal Baby TV (Latinoamérica)</channel>
    <channel update="i" site="gatotv.com" site_id="babyfirst_tv" xmltv_id="Canal BabyFirst TV">Canal BabyFirst TV</channel>
    <channel update="i" site="gatotv.com" site_id="bandamax" xmltv_id="Canal Bandamax">Canal Bandamax</channel>
    <channel update="i" site="gatotv.com" site_id="bang_tv" xmltv_id="Canal Bang TV">Canal Bang TV</channel>
    <channel update="i" site="gatotv.com" site_id="barca_tv" xmltv_id="Canal Barça TV ">Canal Barça TV </channel>
    <channel update="i" site="gatotv.com" site_id="bbc_world" xmltv_id="Canal BBC World">Canal BBC World</channel>
    <channel update="i" site="gatotv.com" site_id="be_mad" xmltv_id="Canal Be Mad">Canal Be Mad</channel>
    <channel update="i" site="gatotv.com" site_id="bein_sport_en_espanol" xmltv_id="Canal beIN Sport en Español">Canal beIN Sport en Español</channel>
    <channel update="i" site="gatotv.com" site_id="bet_jams" xmltv_id="Canal BET Jams">Canal BET Jams</channel>
    <channel update="i" site="gatotv.com" site_id="bitme" xmltv_id="Canal BitMe">Canal BitMe</channel>
    <channel update="i" site="gatotv.com" site_id="blaze_espana" xmltv_id="Canal Blaze (España)">Canal Blaze (España)</channel>
    <channel update="i" site="gatotv.com" site_id="bloomberg" xmltv_id="Canal Bloomberg">Canal Bloomberg</channel>
    <channel update="i" site="gatotv.com" site_id="boing_espana" xmltv_id="Canal Boing (España)">Canal Boing (España)</channel>
    <channel update="i" site="gatotv.com" site_id="boomerang" xmltv_id="Canal Boomerang">Canal Boomerang</channel>
    <channel update="i" site="gatotv.com" site_id="boomerang_mexico" xmltv_id="Canal Boomerang (México)">Canal Boomerang (México)</channel>
    <channel update="i" site="gatotv.com" site_id="boomerang_panregional" xmltv_id="Canal Boomerang (Panregional)">Canal Boomerang (Panregional)</channel>
    <channel update="i" site="gatotv.com" site_id="cablenoticias" xmltv_id="Canal Cablenoticias">Canal Cablenoticias</channel>
    <channel update="i" site="gatotv.com" site_id="calle_13" xmltv_id="Canal Calle 13">Canal Calle 13</channel>
    <channel update="i" site="gatotv.com" site_id="capital_colombia" xmltv_id="Canal Capital (Colombia)">Canal Capital (Colombia)</channel>
    <channel update="i" site="gatotv.com" site_id="capital_tv_peru" xmltv_id="Canal Capital TV (Perú)">Canal Capital TV (Perú)</channel>
    <channel update="i" site="gatotv.com" site_id="caracol_hd_colombia" xmltv_id="Canal Caracol HD (Colombia)">Canal Caracol HD (Colombia)</channel>
    <channel update="i" site="gatotv.com" site_id="caracol_internacional" xmltv_id="Canal Caracol Internacional">Canal Caracol Internacional</channel>
    <channel update="i" site="gatotv.com" site_id="cartoon_network_atlantico_norte" xmltv_id="Canal Cartoon Network (Atlántico Norte)">Canal Cartoon Network (Atlántico Norte)</channel>
    <channel update="i" site="gatotv.com" site_id="cartoon_network_mexico" xmltv_id="Canal Cartoon Network (México)">Canal Cartoon Network (México)</channel>
    <channel update="i" site="gatotv.com" site_id="cartoon_network_pacifico" xmltv_id="Canal Cartoon Network (Pacífico)">Canal Cartoon Network (Pacífico)</channel>
    <channel update="i" site="gatotv.com" site_id="castilla-la_mancha" xmltv_id="Canal Castilla-La Mancha Media">Canal Castilla-La Mancha Media</channel>
    <channel update="i" site="gatotv.com" site_id="cctv_espanol" xmltv_id="Canal CCTV-Español">Canal CCTV-Español</channel>
    <channel update="i" site="gatotv.com" site_id="cdf_basico" xmltv_id="Canal CDF Básico">Canal CDF Básico</channel>
    <channel update="i" site="gatotv.com" site_id="cdf_hd" xmltv_id="Canal CDF HD">Canal CDF HD</channel>
    <channel update="i" site="gatotv.com" site_id="cdf_premium" xmltv_id="Canal CDF Premium">Canal CDF Premium</channel>
    <channel update="i" site="gatotv.com" site_id="cdn" xmltv_id="Canal CDN">Canal CDN</channel>
    <channel update="i" site="gatotv.com" site_id="cdn_sportsmax" xmltv_id="Canal CDN-SportsMax">Canal CDN-SportsMax</channel>
    <channel update="i" site="gatotv.com" site_id="chilevision" xmltv_id="Canal Chilevisión (CHV)">Canal Chilevisión (CHV)</channel>
    <channel update="i" site="gatotv.com" site_id="cincomas" xmltv_id="Canal Cincomas">Canal Cincomas</channel>
    <channel update="i" site="gatotv.com" site_id="cine_estelar" xmltv_id="Canal Cine Estelar">Canal Cine Estelar</channel>
    <channel update="i" site="gatotv.com" site_id="cine_mexicano" xmltv_id="Canal Cine Mexicano">Canal Cine Mexicano</channel>
    <channel update="i" site="gatotv.com" site_id="cine_nostalgia" xmltv_id="Canal Cine Nostalgia">Canal Cine Nostalgia</channel>
    <channel update="i" site="gatotv.com" site_id="cine_sony" xmltv_id="Canal Cine Sony">Canal Cine Sony</channel>
    <channel update="i" site="gatotv.com" site_id="cinecanal_mexico" xmltv_id="Canal Cinecanal (México)">Canal Cinecanal (México)</channel>
    <channel update="i" site="gatotv.com" site_id="cinecanal_pacifico" xmltv_id="Canal Cinecanal (Pacífico)">Canal Cinecanal (Pacífico)</channel>
    <channel update="i" site="gatotv.com" site_id="cineclick" xmltv_id="Canal CineClick">Canal CineClick</channel>
    <channel update="i" site="gatotv.com" site_id="cinelatino" xmltv_id="Canal Cinelatino">Canal Cinelatino</channel>
    <channel update="i" site="gatotv.com" site_id="cinelatino_u_s_a" xmltv_id="Canal Cinelatino U.S.A.">Canal Cinelatino U.S.A.</channel>
    <channel update="i" site="gatotv.com" site_id="cinema_mas" xmltv_id="Canal Cinema +">Canal Cinema +</channel>
    <channel update="i" site="gatotv.com" site_id="cinema_dinamita" xmltv_id="Canal Cinema Dinamita">Canal Cinema Dinamita</channel>
    <channel update="i" site="gatotv.com" site_id="cinema_platino" xmltv_id="Canal Cinema Platino">Canal Cinema Platino</channel>
    <channel update="i" site="gatotv.com" site_id="cinemax_chile" xmltv_id="Canal Cinemax (Chile)">Canal Cinemax (Chile)</channel>
    <channel update="i" site="gatotv.com" site_id="cinemax_mexico" xmltv_id="Canal Cinemax (México)">Canal Cinemax (México)</channel>
    <channel update="i" site="gatotv.com" site_id="cinemax_panregional" xmltv_id="Canal Cinemax (Panregional)">Canal Cinemax (Panregional)</channel>
    <channel update="i" site="gatotv.com" site_id="city_tv" xmltv_id="Canal City TV">Canal City TV</channel>
    <channel update="i" site="gatotv.com" site_id="clan_tve" xmltv_id="Canal Clan TVE">Canal Clan TVE</channel>
    <channel update="i" site="gatotv.com" site_id="claro_musica" xmltv_id="Canal Claro Música">Canal Claro Música</channel>
    <channel update="i" site="gatotv.com" site_id="claro_sports" xmltv_id="Canal Claro Sports">Canal Claro Sports</channel>
    <channel update="i" site="gatotv.com" site_id="claro_tv" xmltv_id="Canal Claro TV">Canal Claro TV</channel>
    <channel update="i" site="gatotv.com" site_id="classica" xmltv_id="Canal Classica">Canal Classica</channel>
    <channel update="i" site="gatotv.com" site_id="cnn_chile" xmltv_id="Canal CNN Chile">Canal CNN Chile</channel>
    <channel update="i" site="gatotv.com" site_id="cnn_en_espanol" xmltv_id="Canal CNN en Español">Canal CNN en Español</channel>
    <channel update="i" site="gatotv.com" site_id="cnn_internacional" xmltv_id="Canal CNN Internacional">Canal CNN Internacional</channel>
    <channel update="i" site="gatotv.com" site_id="canal_cocina" xmltv_id="Canal Cocina">Canal Cocina</channel>
    <channel update="i" site="gatotv.com" site_id="comedy_central_espana" xmltv_id="Canal Comedy Central (España)">Canal Comedy Central (España)</channel>
    <channel update="i" site="gatotv.com" site_id="comedy_central_latinoamerica" xmltv_id="Canal Comedy Central (Latinoamérica)">Canal Comedy Central (Latinoamérica)</channel>
    <channel update="i" site="gatotv.com" site_id="comedy_central_mexico" xmltv_id="Canal Comedy Central (México)">Canal Comedy Central (México)</channel>
    <channel update="i" site="gatotv.com" site_id="congreso_colombia" xmltv_id="Canal Congreso (Colombia)">Canal Congreso (Colombia)</channel>
    <channel update="i" site="gatotv.com" site_id="cosmopolitan_espana" xmltv_id="Canal Cosmopolitan (España)">Canal Cosmopolitan (España)</channel>
    <channel update="i" site="gatotv.com" site_id="crimen_mas_investigacion" xmltv_id="Canal Crimen + Investigación ">Canal Crimen + Investigación </channel>
    <channel update="i" site="gatotv.com" site_id="de_las_estrellas_-1h_mexico" xmltv_id="Canal de las Estrellas -1 Hora - México (XEW)">Canal de las Estrellas -1 Hora - México (XEW)</channel>
    <channel update="i" site="gatotv.com" site_id="de_las_estrellas_-2h_mexico" xmltv_id="Canal de las Estrellas -2 Horas - México (XEW)">Canal de las Estrellas -2 Horas - México (XEW)</channel>
    <channel update="i" site="gatotv.com" site_id="de_pelicula" xmltv_id="Canal De Película">Canal De Película</channel>
    <channel update="i" site="gatotv.com" site_id="de_pelicula_m" xmltv_id="Canal De Película (Multiplex)">Canal De Película (Multiplex)</channel>
    <channel update="i" site="gatotv.com" site_id="de_pelicula_clasico" xmltv_id="Canal De Película Clásico">Canal De Película Clásico</channel>
    <channel update="i" site="gatotv.com" site_id="decasa" xmltv_id="Canal Decasa">Canal Decasa</channel>
    <channel update="i" site="gatotv.com" site_id="deutsche_welle" xmltv_id="Canal Deutsche Welle">Canal Deutsche Welle</channel>
    <channel update="i" site="gatotv.com" site_id="dhe" xmltv_id="Canal DHE">Canal DHE</channel>
    <channel update="i" site="gatotv.com" site_id="discovery_channel_espana" xmltv_id="Canal Discovery Channel (España)">Canal Discovery Channel (España)</channel>
    <channel update="i" site="gatotv.com" site_id="discovery" xmltv_id="Canal Discovery Channel (México)">Canal Discovery Channel (México)</channel>
    <channel update="i" site="gatotv.com" site_id="discovery_channel_venezuela" xmltv_id="Canal Discovery Channel (Venezuela)">Canal Discovery Channel (Venezuela)</channel>
    <channel update="i" site="gatotv.com" site_id="discovery_civilization_latinoamerica" xmltv_id="Canal Discovery Civilization (Latinoamérica)">Canal Discovery Civilization (Latinoamérica)</channel>
    <channel update="i" site="gatotv.com" site_id="discovery_en_espanol" xmltv_id="Canal Discovery en Español">Canal Discovery en Español</channel>
    <channel update="i" site="gatotv.com" site_id="discovery_familia" xmltv_id="Canal Discovery Familia ">Canal Discovery Familia </channel>
    <channel update="i" site="gatotv.com" site_id="discovery_home_and_health" xmltv_id="Canal Discovery Home &amp; Health (México)">Canal Discovery Home &amp; Health (México)</channel>
    <channel update="i" site="gatotv.com" site_id="discovery_kids_chile" xmltv_id="Canal Discovery Kids (Chile)">Canal Discovery Kids (Chile)</channel>
    <channel update="i" site="gatotv.com" site_id="discovery_kids_colombia" xmltv_id="Canal Discovery Kids (Colombia)">Canal Discovery Kids (Colombia)</channel>
    <channel update="i" site="gatotv.com" site_id="discovery_kids_latinoamerica" xmltv_id="Canal Discovery Kids (Latinoamérica)">Canal Discovery Kids (Latinoamérica)</channel>
    <channel update="i" site="gatotv.com" site_id="discovery_kids" xmltv_id="Canal Discovery Kids (México)">Canal Discovery Kids (México)</channel>
    <channel update="i" site="gatotv.com" site_id="discovery_science_latinoamerica" xmltv_id="Canal Discovery Science (Latinoamérica)">Canal Discovery Science (Latinoamérica)</channel>
    <channel update="i" site="gatotv.com" site_id="discovery_theater_latinoamerica" xmltv_id="Canal Discovery Theater (Latinoamérica)">Canal Discovery Theater (Latinoamérica)</channel>
    <channel update="i" site="gatotv.com" site_id="discovery_turbo_latinoamerica" xmltv_id="Canal Discovery Turbo (Latinoamérica)">Canal Discovery Turbo (Latinoamérica)</channel>
    <channel update="i" site="gatotv.com" site_id="discovery_world_latinoamerica" xmltv_id="Canal Discovery World Latinoamérica">Canal Discovery World Latinoamérica</channel>
    <channel update="i" site="gatotv.com" site_id="disney" xmltv_id="Canal Disney Channel">Canal Disney Channel</channel>
    <channel update="i" site="gatotv.com" site_id="disney_channel_atlantico_norte" xmltv_id="Canal Disney Channel (Atlántico Norte)">Canal Disney Channel (Atlántico Norte)</channel>
    <channel update="i" site="gatotv.com" site_id="disney_channel_espana" xmltv_id="Canal Disney Channel (España)">Canal Disney Channel (España)</channel>
    <channel update="i" site="gatotv.com" site_id="disney_junior" xmltv_id="Canal Disney Junior">Canal Disney Junior</channel>
    <channel update="i" site="gatotv.com" site_id="disney_junior_espana" xmltv_id="Canal Disney Junior (España)">Canal Disney Junior (España)</channel>
    <channel update="i" site="gatotv.com" site_id="disney_xd" xmltv_id="Canal Disney XD">Canal Disney XD</channel>
    <channel update="i" site="gatotv.com" site_id="disney_xd_colombia" xmltv_id="Canal Disney XD (Colombia)">Canal Disney XD (Colombia)</channel>
    <channel update="i" site="gatotv.com" site_id="disney_xd_espana" xmltv_id="Canal Disney XD (España)">Canal Disney XD (España)</channel>
    <channel update="i" site="gatotv.com" site_id="disney_xd_panregional" xmltv_id="Canal Disney XD (Panregional)">Canal Disney XD (Panregional)</channel>
    <channel update="i" site="gatotv.com" site_id="distrito_comedia" xmltv_id="Canal Distrito Comedia">Canal Distrito Comedia</channel>
    <channel update="i" site="gatotv.com" site_id="divinity" xmltv_id="Canal Divinity">Canal Divinity</channel>
    <channel update="i" site="gatotv.com" site_id="dw_latinoamerica" xmltv_id="Canal DW (Latinoamérica)">Canal DW (Latinoamérica)</channel>
    <channel update="i" site="gatotv.com" site_id="e_entertainment_television_panregional" xmltv_id="Canal E! Entertainment Television (Panregional)">Canal E! Entertainment Television (Panregional)</channel>
    <channel update="i" site="gatotv.com" site_id="ecuador_tv" xmltv_id="Canal Ecuador TV">Canal Ecuador TV</channel>
    <channel update="i" site="gatotv.com" site_id="ecuavisa_ecuador" xmltv_id="Canal Ecuavisa (Ecuador)">Canal Ecuavisa (Ecuador)</channel>
    <channel update="i" site="gatotv.com" site_id="ecuavisa_internacional" xmltv_id="Canal Ecuavisa Internacional">Canal Ecuavisa Internacional</channel>
    <channel update="i" site="gatotv.com" site_id="el_financiero_bloomberg" xmltv_id="Canal El Financiero - Bloomberg">Canal El Financiero - Bloomberg</channel>
    <channel update="i" site="gatotv.com" site_id="el_heraldo_tv_mexico" xmltv_id="Canal El Heraldo TV (México)">Canal El Heraldo TV (México)</channel>
    <channel update="i" site="gatotv.com" site_id="elgourmet" xmltv_id="Canal Elgourmet">Canal Elgourmet</channel>
    <channel update="i" site="gatotv.com" site_id="energy" xmltv_id="Canal Energy">Canal Energy</channel>
    <channel update="i" site="gatotv.com" site_id="enlace" xmltv_id="Canal Enlace (TBN)">Canal Enlace (TBN)</channel>
    <channel update="i" site="gatotv.com" site_id="esne_tv" xmltv_id="Canal ESNE TV">Canal ESNE TV</channel>
    <channel update="i" site="gatotv.com" site_id="espn_colombia" xmltv_id="Canal ESPN (Colombia)">Canal ESPN (Colombia)</channel>
    <channel update="i" site="gatotv.com" site_id="espn_mexico" xmltv_id="Canal ESPN (México)">Canal ESPN (México)</channel>
    <channel update="i" site="gatotv.com" site_id="espn_norte" xmltv_id="Canal ESPN (Norte)">Canal ESPN (Norte)</channel>
    <channel update="i" site="gatotv.com" site_id="espn_sur" xmltv_id="Canal ESPN (Sur)">Canal ESPN (Sur)</channel>
    <channel update="i" site="gatotv.com" site_id="espn_2" xmltv_id="Canal ESPN 2">Canal ESPN 2</channel>
    <channel update="i" site="gatotv.com" site_id="espn_2_colombia" xmltv_id="Canal ESPN 2 (Colombia)">Canal ESPN 2 (Colombia)</channel>
    <channel update="i" site="gatotv.com" site_id="espn_2_mexico" xmltv_id="Canal ESPN 2 México">Canal ESPN 2 México</channel>
    <channel update="i" site="gatotv.com" site_id="espn_3_norte" xmltv_id="Canal ESPN 3 (Norte)">Canal ESPN 3 (Norte)</channel>
    <channel update="i" site="gatotv.com" site_id="espn_3_sur" xmltv_id="Canal ESPN 3 (Sur)">Canal ESPN 3 (Sur)</channel>
    <channel update="i" site="gatotv.com" site_id="espn_deportes" xmltv_id="Canal ESPN Deportes">Canal ESPN Deportes</channel>
    <channel update="i" site="gatotv.com" site_id="espn_internacional" xmltv_id="Canal ESPN Internacional">Canal ESPN Internacional</channel>
    <channel update="i" site="gatotv.com" site_id="espn_mas_latinoamerica" xmltv_id="Canal ESPN+ Latinoamérica">Canal ESPN+ Latinoamérica</channel>
    <channel update="i" site="gatotv.com" site_id="estrella_tv" xmltv_id="Canal Estrella TV ">Canal Estrella TV </channel>
    <channel update="i" site="gatotv.com" site_id="etb_1" xmltv_id="Canal ETB 1">Canal ETB 1</channel>
    <channel update="i" site="gatotv.com" site_id="etb_2" xmltv_id="Canal ETB 2">Canal ETB 2</channel>
    <channel update="i" site="gatotv.com" site_id="eurochannel" xmltv_id="Canal Eurochannel">Canal Eurochannel</channel>
    <channel update="i" site="gatotv.com" site_id="euronews" xmltv_id="Canal Euronews">Canal Euronews</channel>
    <channel update="i" site="gatotv.com" site_id="europa_europa" xmltv_id="Canal Europa Europa">Canal Europa Europa</channel>
    <channel update="i" site="gatotv.com" site_id="eurosport_1_espana" xmltv_id="Canal Eurosport 1 (España)">Canal Eurosport 1 (España)</channel>
    <channel update="i" site="gatotv.com" site_id="eurosport_2_espana" xmltv_id="Canal Eurosport 2 (España)">Canal Eurosport 2 (España)</channel>
    <channel update="i" site="gatotv.com" site_id="ewtn_en_espanol" xmltv_id="Canal EWTN en Español">Canal EWTN en Español</channel>
    <channel update="i" site="gatotv.com" site_id="exa_tv" xmltv_id="Canal Exa TV">Canal Exa TV</channel>
    <channel update="i" site="gatotv.com" site_id="excelsior_tv" xmltv_id="Canal Excelsior TV">Canal Excelsior TV</channel>
    <channel update="i" site="gatotv.com" site_id="film_and_arts" xmltv_id="Canal Film &amp; Arts">Canal Film &amp; Arts</channel>
    <channel update="i" site="gatotv.com" site_id="foro_tv" xmltv_id="Canal Foro TV">Canal Foro TV</channel>
    <channel update="i" site="gatotv.com" site_id="fox" xmltv_id="Canal Fox">Canal Fox</channel>
    <channel update="i" site="gatotv.com" site_id="fox_espana" xmltv_id="Canal Fox (España)">Canal Fox (España)</channel>
    <channel update="i" site="gatotv.com" site_id="fox_centroamerica" xmltv_id="Canal FOX Centroamérica">Canal FOX Centroamérica</channel>
    <channel update="i" site="gatotv.com" site_id="fox_channel_colombia" xmltv_id="Canal Fox Channel (Colombia)">Canal Fox Channel (Colombia)</channel>
    <channel update="i" site="gatotv.com" site_id="fox_deportes" xmltv_id="Canal Fox Deportes">Canal Fox Deportes</channel>
    <channel update="i" site="gatotv.com" site_id="fox_life" xmltv_id="Canal Fox Life">Canal Fox Life</channel>
    <channel update="i" site="gatotv.com" site_id="fox_life_espana" xmltv_id="Canal Fox Life (España)">Canal Fox Life (España)</channel>
    <channel update="i" site="gatotv.com" site_id="fox_life_panregional" xmltv_id="Canal Fox Life (Panregional)">Canal Fox Life (Panregional)</channel>
    <channel update="i" site="gatotv.com" site_id="fox_news" xmltv_id="Canal Fox News">Canal Fox News</channel>
    <channel update="i" site="gatotv.com" site_id="fox_premium_action_este" xmltv_id="Canal Fox Premium Action (Este)">Canal Fox Premium Action (Este)</channel>
    <channel update="i" site="gatotv.com" site_id="fox_premium_action_oeste" xmltv_id="Canal Fox Premium Action (Oeste)">Canal Fox Premium Action (Oeste)</channel>
    <channel update="i" site="gatotv.com" site_id="fox_premium_cinema" xmltv_id="Canal Fox Premium Cinéma">Canal Fox Premium Cinéma</channel>
    <channel update="i" site="gatotv.com" site_id="fox_premium_classics" xmltv_id="Canal Fox Premium Classics">Canal Fox Premium Classics</channel>
    <channel update="i" site="gatotv.com" site_id="fox_premium_comedy" xmltv_id="Canal Fox Premium Comedy">Canal Fox Premium Comedy</channel>
    <channel update="i" site="gatotv.com" site_id="fox_premium_family_este" xmltv_id="Canal Fox Premium Family (Este)">Canal Fox Premium Family (Este)</channel>
    <channel update="i" site="gatotv.com" site_id="fox_premium_family_oeste" xmltv_id="Canal Fox Premium Family (Oeste)">Canal Fox Premium Family (Oeste)</channel>
    <channel update="i" site="gatotv.com" site_id="fox_premium_movies" xmltv_id="Canal Fox Premium Movies">Canal Fox Premium Movies</channel>
    <channel update="i" site="gatotv.com" site_id="fox_premium_series_este" xmltv_id="Canal Fox Premium Series (Este)">Canal Fox Premium Series (Este)</channel>
    <channel update="i" site="gatotv.com" site_id="fox_premium_series_oeste" xmltv_id="Canal Fox Premium Series (Oeste)">Canal Fox Premium Series (Oeste)</channel>
    <channel update="i" site="gatotv.com" site_id="fox_sports_chile" xmltv_id="Canal Fox Sports (Chile)">Canal Fox Sports (Chile)</channel>
    <channel update="i" site="gatotv.com" site_id="fox_sports_cono_norte" xmltv_id="Canal Fox Sports (Cono Norte)">Canal Fox Sports (Cono Norte)</channel>
    <channel update="i" site="gatotv.com" site_id="fox_sports_cono_sur" xmltv_id="Canal Fox Sports (Cono Sur)">Canal Fox Sports (Cono Sur)</channel>
    <channel update="i" site="gatotv.com" site_id="fox_sports_paraguay" xmltv_id="Canal Fox Sports (Paraguay)">Canal Fox Sports (Paraguay)</channel>
    <channel update="i" site="gatotv.com" site_id="fox_sports_2_colombia" xmltv_id="Canal Fox Sports 2 (Colombia)">Canal Fox Sports 2 (Colombia)</channel>
    <channel update="i" site="gatotv.com" site_id="fox_sports_2_cono_norte" xmltv_id="Canal Fox Sports 2 (Cono Norte)">Canal Fox Sports 2 (Cono Norte)</channel>
    <channel update="i" site="gatotv.com" site_id="fox_sports_2_cono_sur" xmltv_id="Canal Fox Sports 2 (Cono Sur)">Canal Fox Sports 2 (Cono Sur)</channel>
    <channel update="i" site="gatotv.com" site_id="fox_sports_3_cono_norte" xmltv_id="Canal Fox Sports 3 (Cono Norte)">Canal Fox Sports 3 (Cono Norte)</channel>
    <channel update="i" site="gatotv.com" site_id="fox_sports_3_cono_sur" xmltv_id="Canal Fox Sports 3 (Cono Sur)">Canal Fox Sports 3 (Cono Sur)</channel>
    <channel update="i" site="gatotv.com" site_id="fox_sports_premium_argentina" xmltv_id="Canal Fox Sports Premium (Argentina)">Canal Fox Sports Premium (Argentina)</channel>
    <channel update="i" site="gatotv.com" site_id="frecuencia_latina" xmltv_id="Canal Frecuencia Latina">Canal Frecuencia Latina</channel>
    <channel update="i" site="gatotv.com" site_id="fx_centro" xmltv_id="Canal FX (Centro)">Canal FX (Centro)</channel>
    <channel update="i" site="gatotv.com" site_id="fx_chile" xmltv_id="Canal FX (Chile)">Canal FX (Chile)</channel>
    <channel update="i" site="gatotv.com" site_id="fx_mexico" xmltv_id="Canal FX (México)">Canal FX (México)</channel>
    <channel update="i" site="gatotv.com" site_id="fx_panregional" xmltv_id="Canal FX (Panregional)">Canal FX (Panregional)</channel>
    <channel update="i" site="gatotv.com" site_id="galicia_tv" xmltv_id="Canal Galicia TV">Canal Galicia TV</channel>
    <channel update="i" site="gatotv.com" site_id="gamavision" xmltv_id="Canal Gamavisión">Canal Gamavisión</channel>
    <channel update="i" site="gatotv.com" site_id="glitz" xmltv_id="Canal Glitz">Canal Glitz</channel>
    <channel update="i" site="gatotv.com" site_id="gol_espana" xmltv_id="Canal Gol (España)">Canal Gol (España)</channel>
    <channel update="i" site="gatotv.com" site_id="gol_tv_estados_unidos" xmltv_id="Canal Gol TV Estados Unidos">Canal Gol TV Estados Unidos</channel>
    <channel update="i" site="gatotv.com" site_id="golden" xmltv_id="Canal Golden">Canal Golden</channel>
    <channel update="i" site="gatotv.com" site_id="golden_edge" xmltv_id="Canal Golden Edge">Canal Golden Edge</channel>
    <channel update="i" site="gatotv.com" site_id="golden_mpx" xmltv_id="Canal Golden Multiplex">Canal Golden Multiplex</channel>
    <channel update="i" site="gatotv.com" site_id="golden_plus" xmltv_id="Canal Golden Plus">Canal Golden Plus</channel>
    <channel update="i" site="gatotv.com" site_id="golden_premier" xmltv_id="Canal Golden Premier">Canal Golden Premier</channel>
    <channel update="i" site="gatotv.com" site_id="golden_premier_2" xmltv_id="Canal Golden Premier 2">Canal Golden Premier 2</channel>
    <channel update="i" site="gatotv.com" site_id="golf_channel" xmltv_id="Canal Golf Channel">Canal Golf Channel</channel>
    <channel update="i" site="gatotv.com" site_id="goltv_latinoamerica" xmltv_id="Canal GolTV Latinoamérica">Canal GolTV Latinoamérica</channel>
    <channel update="i" site="gatotv.com" site_id="green_tv_mexico" xmltv_id="Canal Green TV México">Canal Green TV México</channel>
    <channel update="i" site="gatotv.com" site_id="hbo" xmltv_id="Canal HBO">Canal HBO</channel>
    <channel update="i" site="gatotv.com" site_id="hbo_2_mexico" xmltv_id="Canal HBO 2 (México)">Canal HBO 2 (México)</channel>
    <channel update="i" site="gatotv.com" site_id="hbo_2_latinoamerica" xmltv_id="Canal HBO 2 Latinoamérica">Canal HBO 2 Latinoamérica</channel>
    <channel update="i" site="gatotv.com" site_id="hbo_latino_este" xmltv_id="Canal HBO Latino Este">Canal HBO Latino Este</channel>
    <channel update="i" site="gatotv.com" site_id="hbo_mundi" xmltv_id="Canal HBO Mundi">Canal HBO Mundi</channel>
    <channel update="i" site="gatotv.com" site_id="hbo_oeste" xmltv_id="Canal HBO Oeste">Canal HBO Oeste</channel>
    <channel update="i" site="gatotv.com" site_id="hbo_plus_este" xmltv_id="Canal HBO Plus Este">Canal HBO Plus Este</channel>
    <channel update="i" site="gatotv.com" site_id="hbo_plus_oeste" xmltv_id="Canal HBO Plus Oeste">Canal HBO Plus Oeste</channel>
    <channel update="i" site="gatotv.com" site_id="hbo_pop" xmltv_id="Canal HBO Pop">Canal HBO Pop</channel>
    <channel update="i" site="gatotv.com" site_id="hbo_signature_latinoamerica" xmltv_id="Canal HBO Signature Latinoamérica">Canal HBO Signature Latinoamérica</channel>
    <channel update="i" site="gatotv.com" site_id="hbo_xtreme" xmltv_id="Canal HBO Xtreme">Canal HBO Xtreme</channel>
    <channel update="i" site="gatotv.com" site_id="historia_espana" xmltv_id="Canal Historia (España)">Canal Historia (España)</channel>
    <channel update="i" site="gatotv.com" site_id="history_mexico" xmltv_id="Canal History (México)">Canal History (México)</channel>
    <channel update="i" site="gatotv.com" site_id="history_panregional" xmltv_id="Canal History (Panregional)">Canal History (Panregional)</channel>
    <channel update="i" site="gatotv.com" site_id="history_2_latinoamerica" xmltv_id="Canal History 2 (Latinoamérica)">Canal History 2 (Latinoamérica)</channel>
    <channel update="i" site="gatotv.com" site_id="history_2_mexico" xmltv_id="Canal History 2 (México)">Canal History 2 (México)</channel>
    <channel update="i" site="gatotv.com" site_id="history_en_espanol" xmltv_id="Canal History en Español">Canal History en Español</channel>
    <channel update="i" site="gatotv.com" site_id="hitn" xmltv_id="Canal HITN">Canal HITN</channel>
    <channel update="i" site="gatotv.com" site_id="hln" xmltv_id="Canal HLN">Canal HLN</channel>
    <channel update="i" site="gatotv.com" site_id="hollywood_espana" xmltv_id="Canal Hollywood (España)">Canal Hollywood (España)</channel>
    <channel update="i" site="gatotv.com" site_id="htv" xmltv_id="Canal HTV">Canal HTV</channel>
    <channel update="i" site="gatotv.com" site_id="i.sat" xmltv_id="Canal I.Sat">Canal I.Sat</channel>
    <channel update="i" site="gatotv.com" site_id="iberalia_tv" xmltv_id="Canal Iberalia TV">Canal Iberalia TV</channel>
    <channel update="i" site="gatotv.com" site_id="investigation_discovery" xmltv_id="Canal ID (Investigation Discovery) México">Canal ID (Investigation Discovery) México</channel>
    <channel update="i" site="gatotv.com" site_id="ingenio_tv_mexico" xmltv_id="Canal Ingenio TV (México)">Canal Ingenio TV (México)</channel>
    <channel update="i" site="gatotv.com" site_id="institucional_colombia" xmltv_id="Canal Institucional (Colombia)">Canal Institucional (Colombia)</channel>
    <channel update="i" site="gatotv.com" site_id="inti_network" xmltv_id="Canal Inti Network">Canal Inti Network</channel>
    <channel update="i" site="gatotv.com" site_id="investigation_discovery_panregional" xmltv_id="Canal Investigation Discovery (Panregional)">Canal Investigation Discovery (Panregional)</channel>
    <channel update="i" site="gatotv.com" site_id="justicia_tv_mexico" xmltv_id="Canal Justicia TV (México)">Canal Justicia TV (México)</channel>
    <channel update="i" site="gatotv.com" site_id="la_red_chile" xmltv_id="Canal La Red (Chile)">Canal La Red (Chile)</channel>
    <channel update="i" site="gatotv.com" site_id="la_red_tv_guatemala" xmltv_id="Canal La Red TV (Guatemala)">Canal La Red TV (Guatemala)</channel>
    <channel update="i" site="gatotv.com" site_id="la_tele_paraguay" xmltv_id="Canal La Tele (Paraguay)">Canal La Tele (Paraguay)</channel>
    <channel update="i" site="gatotv.com" site_id="la_tele_peru" xmltv_id="Canal La Tele Perú">Canal La Tele Perú</channel>
    <channel update="i" site="gatotv.com" site_id="laotra" xmltv_id="Canal laOtra">Canal laOtra</channel>
    <channel update="i" site="gatotv.com" site_id="de_las_estrellas_latinoamerica" xmltv_id="Canal Las Estrellas Latinoamérica">Canal Las Estrellas Latinoamérica</channel>
    <channel update="i" site="gatotv.com" site_id="lifetime_mexico" xmltv_id="Canal Lifetime (México)">Canal Lifetime (México)</channel>
    <channel update="i" site="gatotv.com" site_id="lifetime_panregional" xmltv_id="Canal Lifetime (Panregional)">Canal Lifetime (Panregional)</channel>
    <channel update="i" site="gatotv.com" site_id="maria_vision" xmltv_id="Canal María Visión">Canal María Visión</channel>
    <channel update="i" site="gatotv.com" site_id="mas_chic_estados_unidos_este" xmltv_id="Canal Más Chic Estados Unidos (Este)">Canal Más Chic Estados Unidos (Este)</channel>
    <channel update="i" site="gatotv.com" site_id="mas_chic_latinoamerica" xmltv_id="Canal Más Chic Latinoamérica">Canal Más Chic Latinoamérica</channel>
    <channel update="i" site="gatotv.com" site_id="mc" xmltv_id="Canal MC">Canal MC</channel>
    <channel update="i" site="gatotv.com" site_id="mega" xmltv_id="Canal Mega ">Canal Mega </channel>
    <channel update="i" site="gatotv.com" site_id="mexiquense_tv" xmltv_id="Canal Mexiquense TV">Canal Mexiquense TV</channel>
    <channel update="i" site="gatotv.com" site_id="milenio_tv" xmltv_id="Canal Milenio TV">Canal Milenio TV</channel>
    <channel update="i" site="gatotv.com" site_id="movistar_accion" xmltv_id="Canal Movistar Acción">Canal Movistar Acción</channel>
    <channel update="i" site="gatotv.com" site_id="movistar_comedia" xmltv_id="Canal Movistar Comedia">Canal Movistar Comedia</channel>
    <channel update="i" site="gatotv.com" site_id="movistar_disney" xmltv_id="Canal Movistar Disney">Canal Movistar Disney</channel>
    <channel update="i" site="gatotv.com" site_id="movistar_formula_1" xmltv_id="Canal Movistar Fórmula 1">Canal Movistar Fórmula 1</channel>
    <channel update="i" site="gatotv.com" site_id="movistar_laliga" xmltv_id="Canal Movistar LaLiga">Canal Movistar LaLiga</channel>
    <channel update="i" site="gatotv.com" site_id="mtv_espana" xmltv_id="Canal MTV (España)">Canal MTV (España)</channel>
    <channel update="i" site="gatotv.com" site_id="mtv" xmltv_id="Canal MTV (Latinoamérica)">Canal MTV (Latinoamérica)</channel>
    <channel update="i" site="gatotv.com" site_id="mtv_hits" xmltv_id="Canal MTV Hits">Canal MTV Hits</channel>
    <channel update="i" site="gatotv.com" site_id="much_music" xmltv_id="Canal Much Music">Canal Much Music</channel>
    <channel update="i" site="gatotv.com" site_id="multimedios_plus" xmltv_id="Canal Multimedios Plus">Canal Multimedios Plus</channel>
    <channel update="i" site="gatotv.com" site_id="multipremier" xmltv_id="Canal Multipremier">Canal Multipremier</channel>
    <channel update="i" site="gatotv.com" site_id="nat_geo_kids_pacifico" xmltv_id="Canal Nat Geo Kids (Pacifico)">Canal Nat Geo Kids (Pacifico)</channel>
    <channel update="i" site="gatotv.com" site_id="nat_geo_kids_panregional" xmltv_id="Canal Nat Geo Kids (Panregional)">Canal Nat Geo Kids (Panregional)</channel>
    <channel update="i" site="gatotv.com" site_id="nat_geo_wild" xmltv_id="Canal Nat Geo Wild">Canal Nat Geo Wild</channel>
    <channel update="i" site="gatotv.com" site_id="national_geographic_centro" xmltv_id="Canal National Geographic (Centro)">Canal National Geographic (Centro)</channel>
    <channel update="i" site="gatotv.com" site_id="national_geographic_espana" xmltv_id="Canal National Geographic (España)">Canal National Geographic (España)</channel>
    <channel update="i" site="gatotv.com" site_id="national_geographic_mexico" xmltv_id="Canal National Geographic (México)">Canal National Geographic (México)</channel>
    <channel update="i" site="gatotv.com" site_id="neox" xmltv_id="Canal Neox">Canal Neox</channel>
    <channel update="i" site="gatotv.com" site_id="nfl_network" xmltv_id="Canal NFL Network">Canal NFL Network</channel>
    <channel update="i" site="gatotv.com" site_id="nhk_world" xmltv_id="Canal NHK World">Canal NHK World</channel>
    <channel update="i" site="gatotv.com" site_id="nick_2_latinoamerica" xmltv_id="Canal Nick 2 (Latinoamérica) ">Canal Nick 2 (Latinoamérica) </channel>
    <channel update="i" site="gatotv.com" site_id="nick_junior_espana" xmltv_id="Canal Nick Jr. (España)">Canal Nick Jr. (España)</channel>
    <channel update="i" site="gatotv.com" site_id="nick_junior_latinoamerica" xmltv_id="Canal Nick Jr. (Latinoamérica)">Canal Nick Jr. (Latinoamérica)</channel>
    <channel update="i" site="gatotv.com" site_id="nickelodeon_espana" xmltv_id="Canal Nickelodeon (España)">Canal Nickelodeon (España)</channel>
    <channel update="i" site="gatotv.com" site_id="nickelodeon_panregional" xmltv_id="Canal Nickelodeon (Panregional)">Canal Nickelodeon (Panregional)</channel>
    <channel update="i" site="gatotv.com" site_id="nicktoons_latinoamerica" xmltv_id="Canal Nicktoons (Latinoamérica)">Canal Nicktoons (Latinoamérica)</channel>
    <channel update="i" site="gatotv.com" site_id="noticias_py" xmltv_id="Canal Noticias PY (Paraguay)">Canal Noticias PY (Paraguay)</channel>
    <channel update="i" site="gatotv.com" site_id="nova" xmltv_id="Canal Nova">Canal Nova</channel>
    <channel update="i" site="gatotv.com" site_id="ntn24_nuestra_tele_noticias" xmltv_id="Canal NTN24 (Nuestra Tele Noticias 24 Horas)">Canal NTN24 (Nuestra Tele Noticias 24 Horas)</channel>
    <channel update="i" site="gatotv.com" site_id="nu_music" xmltv_id="Canal NU music">Canal NU music</channel>
    <channel update="i" site="gatotv.com" site_id="odisea" xmltv_id="Canal Odisea">Canal Odisea</channel>
    <channel update="i" site="gatotv.com" site_id="orbe_21" xmltv_id="Canal Orbe 21">Canal Orbe 21</channel>
    <channel update="i" site="gatotv.com" site_id="panamericana_television" xmltv_id="Canal Panamericana Televisión ">Canal Panamericana Televisión </channel>
    <channel update="i" site="gatotv.com" site_id="panda_espana" xmltv_id="Canal Panda (España)">Canal Panda (España)</channel>
    <channel update="i" site="gatotv.com" site_id="panico" xmltv_id="Canal Pánico">Canal Pánico</channel>
    <channel update="i" site="gatotv.com" site_id="paraguay_tv" xmltv_id="Canal Paraguay TV">Canal Paraguay TV</channel>
    <channel update="i" site="gatotv.com" site_id="paramount_channel_espana" xmltv_id="Canal Paramount Channel (España)">Canal Paramount Channel (España)</channel>
    <channel update="i" site="gatotv.com" site_id="paramount_channel_mexico" xmltv_id="Canal Paramount Channel (México)">Canal Paramount Channel (México)</channel>
    <channel update="i" site="gatotv.com" site_id="paramount_channel_latinoamerica" xmltv_id="Canal Paramount Channel Latinoamérica">Canal Paramount Channel Latinoamérica</channel>
    <channel update="i" site="gatotv.com" site_id="paravision" xmltv_id="Canal Paravisión">Canal Paravisión</channel>
    <channel update="i" site="gatotv.com" site_id="pasiones_estados_unidos" xmltv_id="Canal Pasiones (Estados Unidos)">Canal Pasiones (Estados Unidos)</channel>
    <channel update="i" site="gatotv.com" site_id="pasiones_latinoamerica" xmltv_id="Canal Pasiones (Latinoamérica)">Canal Pasiones (Latinoamérica)</channel>
    <channel update="i" site="gatotv.com" site_id="peru_magico" xmltv_id="Canal Perú Mágico">Canal Perú Mágico</channel>
    <channel update="i" site="gatotv.com" site_id="puerto_rico_tv" xmltv_id="Canal Puerto Rico TV">Canal Puerto Rico TV</channel>
    <channel update="i" site="gatotv.com" site_id="punto_2_puerto_rico" xmltv_id="Canal Punto 2 Puerto Rico">Canal Punto 2 Puerto Rico</channel>
    <channel update="i" site="gatotv.com" site_id="px_sports" xmltv_id="Canal PX Sports">Canal PX Sports</channel>
    <channel update="i" site="gatotv.com" site_id="rai_international" xmltv_id="Canal RAI International">Canal RAI International</channel>
    <channel update="i" site="gatotv.com" site_id="rcn_novelas" xmltv_id="Canal RCN Novelas">Canal RCN Novelas</channel>
    <channel update="i" site="gatotv.com" site_id="rcn_nuestra_tele" xmltv_id="Canal RCN Nuestra Tele">Canal RCN Nuestra Tele</channel>
    <channel update="i" site="gatotv.com" site_id="real_madrid_tv" xmltv_id="Canal Real Madrid TV">Canal Real Madrid TV</channel>
    <channel update="i" site="gatotv.com" site_id="region_mas" xmltv_id="Canal Región+">Canal Región+</channel>
    <channel update="i" site="gatotv.com" site_id="rpc_paraguay" xmltv_id="Canal RPC (Paraguay)">Canal RPC (Paraguay)</channel>
    <channel update="i" site="gatotv.com" site_id="rt_en_espanol" xmltv_id="Canal RT en Español">Canal RT en Español</channel>
    <channel update="i" site="gatotv.com" site_id="semillitas" xmltv_id="Canal Semillitas">Canal Semillitas</channel>
    <channel update="i" site="gatotv.com" site_id="senal_colombia" xmltv_id="Canal Señal Colombia">Canal Señal Colombia</channel>
    <channel update="i" site="gatotv.com" site_id="sky_one_mexico" xmltv_id="Canal Sky One (México)">Canal Sky One (México)</channel>
    <channel update="i" site="gatotv.com" site_id="sky_sports_1_mexico" xmltv_id="Canal Sky Sports 1 (México)">Canal Sky Sports 1 (México)</channel>
    <channel update="i" site="gatotv.com" site_id="sky_sports_16" xmltv_id="Canal Sky Sports 16">Canal Sky Sports 16</channel>
    <channel update="i" site="gatotv.com" site_id="sky_sports_24" xmltv_id="Canal Sky Sports 24">Canal Sky Sports 24</channel>
    <channel update="i" site="gatotv.com" site_id="snt" xmltv_id="Canal SNT (Paraguay)">Canal SNT (Paraguay)</channel>
    <channel update="i" site="gatotv.com" site_id="sony_andes" xmltv_id="Canal Sony (Andes)">Canal Sony (Andes)</channel>
    <channel update="i" site="gatotv.com" site_id="sony_chile" xmltv_id="Canal Sony (Chile)">Canal Sony (Chile)</channel>
    <channel update="i" site="gatotv.com" site_id="sony_centro" xmltv_id="Canal Sony Centro">Canal Sony Centro</channel>
    <channel update="i" site="gatotv.com" site_id="sony" xmltv_id="Canal Sony Entertainment Television (Latinoamérica)">Canal Sony Entertainment Television (Latinoamérica)</channel>
    <channel update="i" site="gatotv.com" site_id="sorpresa" xmltv_id="Canal Sorpresa">Canal Sorpresa</channel>
    <channel update="i" site="gatotv.com" site_id="space_mexico" xmltv_id="Canal Space (México)">Canal Space (México)</channel>
    <channel update="i" site="gatotv.com" site_id="space_panregional" xmltv_id="Canal Space (Panregional)">Canal Space (Panregional)</channel>
    <channel update="i" site="gatotv.com" site_id="space_hd" xmltv_id="Canal Space HD">Canal Space HD</channel>
    <channel update="i" site="gatotv.com" site_id="star_tve_hd" xmltv_id="Canal Star TVE HD ">Canal Star TVE HD </channel>
    <channel update="i" site="gatotv.com" site_id="starz_encore_espanol" xmltv_id="Canal Starz Encore Español">Canal Starz Encore Español</channel>
    <channel update="i" site="gatotv.com" site_id="studio_universal" xmltv_id="Canal Studio Universal">Canal Studio Universal</channel>
    <channel update="i" site="gatotv.com" site_id="studio_universal_panregional" xmltv_id="Canal Studio Universal (Panregional)">Canal Studio Universal (Panregional)</channel>
    <channel update="i" site="gatotv.com" site_id="sun_channel" xmltv_id="Canal Sun Channel">Canal Sun Channel</channel>
    <channel update="i" site="gatotv.com" site_id="sundance_tv_espana" xmltv_id="Canal Sundance TV (España)">Canal Sundance TV (España)</channel>
    <channel update="i" site="gatotv.com" site_id="sundance" xmltv_id="Canal SundanceTV Latinoamérica">Canal SundanceTV Latinoamérica</channel>
    <channel update="i" site="gatotv.com" site_id="sur" xmltv_id="Canal Sur">Canal Sur</channel>
    <channel update="i" site="gatotv.com" site_id="sur_andalucia" xmltv_id="Canal Sur Andalucía">Canal Sur Andalucía</channel>
    <channel update="i" site="gatotv.com" site_id="sur_tv_itapua_paraguay" xmltv_id="Canal Sur TV Itapúa (Paraguay)">Canal Sur TV Itapúa (Paraguay)</channel>
    <channel update="i" site="gatotv.com" site_id="syfy" xmltv_id="Canal SyFy">Canal SyFy</channel>
    <channel update="i" site="gatotv.com" site_id="syfy_espana" xmltv_id="Canal Syfy (España)">Canal Syfy (España)</channel>
    <channel update="i" site="gatotv.com" site_id="tbs_veryfunny_latinoamerica" xmltv_id="Canal TBS veryfunny Latinoamérica">Canal TBS veryfunny Latinoamérica</channel>
    <channel update="i" site="gatotv.com" site_id="tcm_espana" xmltv_id="Canal TCM (España)">Canal TCM (España)</channel>
    <channel update="i" site="gatotv.com" site_id="tcm" xmltv_id="Canal TCM (Turner Classic Movies)">Canal TCM (Turner Classic Movies)</channel>
    <channel update="i" site="gatotv.com" site_id="teleamazonas" xmltv_id="Canal Teleamazonas ">Canal Teleamazonas </channel>
    <channel update="i" site="gatotv.com" site_id="teleantioquia" xmltv_id="Canal Teleantioquia ">Canal Teleantioquia </channel>
    <channel update="i" site="gatotv.com" site_id="telecadena_7_y_4_honduras" xmltv_id="Canal Telecadena 7 y 4 (Honduras)">Canal Telecadena 7 y 4 (Honduras)</channel>
    <channel update="i" site="gatotv.com" site_id="telecafe" xmltv_id="Canal Telecafé">Canal Telecafé</channel>
    <channel update="i" site="gatotv.com" site_id="telecaribe" xmltv_id="Canal Telecaribe">Canal Telecaribe</channel>
    <channel update="i" site="gatotv.com" site_id="telecentro_tv" xmltv_id="Canal Telecentro TV">Canal Telecentro TV</channel>
    <channel update="i" site="gatotv.com" site_id="teledeporte" xmltv_id="Canal Teledeporte">Canal Teledeporte</channel>
    <channel update="i" site="gatotv.com" site_id="telefe_argentina" xmltv_id="Canal Telefé (Argentina)">Canal Telefé (Argentina)</channel>
    <channel update="i" site="gatotv.com" site_id="telefe_internacional" xmltv_id="Canal Telefe Internacional">Canal Telefe Internacional</channel>
    <channel update="i" site="gatotv.com" site_id="teleformula" xmltv_id="Canal Telefórmula">Canal Telefórmula</channel>
    <channel update="i" site="gatotv.com" site_id="telefuturo" xmltv_id="Canal Telefuturo">Canal Telefuturo</channel>
    <channel update="i" site="gatotv.com" site_id="telehit" xmltv_id="Canal Telehit">Canal Telehit</channel>
    <channel update="i" site="gatotv.com" site_id="telehit_plus" xmltv_id="Canal Telehit Plus">Canal Telehit Plus</channel>
    <channel update="i" site="gatotv.com" site_id="telehit_urbano" xmltv_id="Canal Telehit Urbano">Canal Telehit Urbano</channel>
    <channel update="i" site="gatotv.com" site_id="telemadrid" xmltv_id="Canal TeleMadrid">Canal TeleMadrid</channel>
    <channel update="i" site="gatotv.com" site_id="telemundo_mexico" xmltv_id="Canal Telemundo (México)">Canal Telemundo (México)</channel>
    <channel update="i" site="gatotv.com" site_id="telemundo_panregional" xmltv_id="Canal Telemundo (Panregional)">Canal Telemundo (Panregional)</channel>
    <channel update="i" site="gatotv.com" site_id="telemundo_puerto_rico" xmltv_id="Canal Telemundo Puerto Rico">Canal Telemundo Puerto Rico</channel>
    <channel update="i" site="gatotv.com" site_id="telenostalgia" xmltv_id="Canal Telenostalgia">Canal Telenostalgia</channel>
    <channel update="i" site="gatotv.com" site_id="telepacifico" xmltv_id="Canal Telepacífico">Canal Telepacífico</channel>
    <channel update="i" site="gatotv.com" site_id="tsi_honduras" xmltv_id="Canal Telesistema Informativo (TSI) (Honduras)">Canal Telesistema Informativo (TSI) (Honduras)</channel>
    <channel update="i" site="gatotv.com" site_id="telesur" xmltv_id="Canal teleSUR">Canal teleSUR</channel>
    <channel update="i" site="gatotv.com" site_id="teleunion_republica_dominicana" xmltv_id="Canal Teleunion (República Dominicana)">Canal Teleunion (República Dominicana)</channel>
    <channel update="i" site="gatotv.com" site_id="television_canaria" xmltv_id="Canal Televisión Canaria">Canal Televisión Canaria</channel>
    <channel update="i" site="gatotv.com" site_id="tv_dominicana" xmltv_id="Canal Televisión Dominicana">Canal Televisión Dominicana</channel>
    <channel update="i" site="gatotv.com" site_id="tigo_sports_el_salvador" xmltv_id="Canal Tigo Sports (El Salvador)">Canal Tigo Sports (El Salvador)</channel>
    <channel update="i" site="gatotv.com" site_id="tigo_sports_guatemala" xmltv_id="Canal Tigo Sports (Guatemala)">Canal Tigo Sports (Guatemala)</channel>
    <channel update="i" site="gatotv.com" site_id="tiva_tv_puerto_rico" xmltv_id="Canal Tiva TV (Puerto Rico) ">Canal Tiva TV (Puerto Rico) </channel>
    <channel update="i" site="gatotv.com" site_id="tlc_latinoamerica" xmltv_id="Canal TLC (Latinoamérica)">Canal TLC (Latinoamérica)</channel>
    <channel update="i" site="gatotv.com" site_id="tlc" xmltv_id="Canal TLC (México)">Canal TLC (México)</channel>
    <channel update="i" site="gatotv.com" site_id="tlnovelas_latinoamerica" xmltv_id="Canal TLNovelas (Latinoamérica)">Canal TLNovelas (Latinoamérica)</channel>
    <channel update="i" site="gatotv.com" site_id="tlnovelas_mexico" xmltv_id="Canal TLNovelas (México)">Canal TLNovelas (México)</channel>
    <channel update="i" site="gatotv.com" site_id="tnt" xmltv_id="Canal TNT">Canal TNT</channel>
    <channel update="i" site="gatotv.com" site_id="tnt_espana" xmltv_id="Canal TNT (España)">Canal TNT (España)</channel>
    <channel update="i" site="gatotv.com" site_id="tnt_series" xmltv_id="Canal TNT Series">Canal TNT Series</channel>
    <channel update="i" site="gatotv.com" site_id="tooncast" xmltv_id="Canal Tooncast">Canal Tooncast</channel>
    <channel update="i" site="gatotv.com" site_id="tr3s" xmltv_id="Canal Tr3s ">Canal Tr3s </channel>
    <channel update="i" site="gatotv.com" site_id="tro" xmltv_id="Canal Tro">Canal Tro</channel>
    <channel update="i" site="gatotv.com" site_id="tru_tv" xmltv_id="Canal truTV">Canal truTV</channel>
    <channel update="i" site="gatotv.com" site_id="tudn_centroamerica" xmltv_id="Canal TUDN (Centroamérica)">Canal TUDN (Centroamérica)</channel>
    <channel update="i" site="gatotv.com" site_id="tudn_estados_unidos" xmltv_id="Canal TUDN (Estados Unidos)">Canal TUDN (Estados Unidos)</channel>
    <channel update="i" site="gatotv.com" site_id="tudn_mexico" xmltv_id="Canal TUDN (México)">Canal TUDN (México)</channel>
    <channel update="i" site="gatotv.com" site_id="tv_agro_centroamerica" xmltv_id="Canal TV Agro Centroamérica">Canal TV Agro Centroamérica</channel>
    <channel update="i" site="gatotv.com" site_id="tv_chile" xmltv_id="Canal TV Chile">Canal TV Chile</channel>
    <channel update="i" site="gatotv.com" site_id="tv_globo_internacional" xmltv_id="Canal TV Globo Internacional">Canal TV Globo Internacional</channel>
    <channel update="i" site="gatotv.com" site_id="tv5monde" xmltv_id="Canal TV5MONDE">Canal TV5MONDE</channel>
    <channel update="i" site="gatotv.com" site_id="tvc_mexico" xmltv_id="Canal TVC (México)">Canal TVC (México)</channel>
    <channel update="i" site="gatotv.com" site_id="tve" xmltv_id="Canal TVE Internacional (Televisión Española)">Canal TVE Internacional (Televisión Española)</channel>
    <channel update="i" site="gatotv.com" site_id="tvn_chile" xmltv_id="Canal TVN (Chile)">Canal TVN (Chile)</channel>
    <channel update="i" site="gatotv.com" site_id="tvunam" xmltv_id="Canal TVUNAM">Canal TVUNAM</channel>
    <channel update="i" site="gatotv.com" site_id="tyc_sports" xmltv_id="Canal TyC Sports">Canal TyC Sports</channel>
    <channel update="i" site="gatotv.com" site_id="ultra_cine" xmltv_id="Canal Ultra Cine">Canal Ultra Cine</channel>
    <channel update="i" site="gatotv.com" site_id="ultra_docu" xmltv_id="Canal Ultra Docu">Canal Ultra Docu</channel>
    <channel update="i" site="gatotv.com" site_id="ultra_fiesta" xmltv_id="Canal Ultra Fiesta">Canal Ultra Fiesta</channel>
    <channel update="i" site="gatotv.com" site_id="ultra_film" xmltv_id="Canal Ultra Film">Canal Ultra Film</channel>
    <channel update="i" site="gatotv.com" site_id="ultra_kidz" xmltv_id="Canal Ultra Kidz">Canal Ultra Kidz</channel>
    <channel update="i" site="gatotv.com" site_id="ultra_tainment" xmltv_id="Canal Ultra Tainment">Canal Ultra Tainment</channel>
    <channel update="i" site="gatotv.com" site_id="unicable_latinoamerica" xmltv_id="Canal Unicable (Latinoamérica)">Canal Unicable (Latinoamérica)</channel>
    <channel update="i" site="gatotv.com" site_id="unicable" xmltv_id="Canal Unicable (México)">Canal Unicable (México)</channel>
    <channel update="i" site="gatotv.com" site_id="unicanal" xmltv_id="Canal Unicanal">Canal Unicanal</channel>
    <channel update="i" site="gatotv.com" site_id="universal_tv_chile" xmltv_id="Canal Universal TV (Chile)">Canal Universal TV (Chile)</channel>
    <channel update="i" site="gatotv.com" site_id="universal_tv_colombia" xmltv_id="Canal Universal TV (Colombia)">Canal Universal TV (Colombia)</channel>
    <channel update="i" site="gatotv.com" site_id="universal_tv_mexico" xmltv_id="Canal Universal TV (México)">Canal Universal TV (México)</channel>
    <channel update="i" site="gatotv.com" site_id="universal_tv_panregional" xmltv_id="Canal Universal TV (Panregional)">Canal Universal TV (Panregional)</channel>
    <channel update="i" site="gatotv.com" site_id="universo" xmltv_id="Canal Universo">Canal Universo</channel>
    <channel update="i" site="gatotv.com" site_id="univision_puerto_rico" xmltv_id="Canal Univision Puerto Rico">Canal Univision Puerto Rico</channel>
    <channel update="i" site="gatotv.com" site_id="univision_tlnovelas" xmltv_id="Canal Univision TLNovelas">Canal Univision TLNovelas</channel>
    <channel update="i" site="gatotv.com" site_id="ve_plus_estados_unidos" xmltv_id="Canal Ve Plus (Estados Unidos)">Canal Ve Plus (Estados Unidos)</channel>
    <channel update="i" site="gatotv.com" site_id="ve_plus_latinoamerica" xmltv_id="Canal Ve Plus (Latinoamérica)">Canal Ve Plus (Latinoamérica)</channel>
    <channel update="i" site="gatotv.com" site_id="vh1_europa" xmltv_id="Canal VH1 (Europa)">Canal VH1 (Europa)</channel>
    <channel update="i" site="gatotv.com" site_id="vh1" xmltv_id="Canal VH1 (Latinoamérica)">Canal VH1 (Latinoamérica)</channel>
    <channel update="i" site="gatotv.com" site_id="vh1_classic" xmltv_id="Canal VH1 Classic">Canal VH1 Classic</channel>
    <channel update="i" site="gatotv.com" site_id="vh1_megahits_latinoamerica" xmltv_id="Canal VH1 MegaHits Latinoamérica">Canal VH1 MegaHits Latinoamérica</channel>
    <channel update="i" site="gatotv.com" site_id="via_x" xmltv_id="Canal Vía X">Canal Vía X</channel>
    <channel update="i" site="gatotv.com" site_id="viajar_espana" xmltv_id="Canal Viajar (España)">Canal Viajar (España)</channel>
    <channel update="i" site="gatotv.com" site_id="vibra_tv" xmltv_id="Canal Vibra TV">Canal Vibra TV</channel>
    <channel update="i" site="gatotv.com" site_id="video_rola" xmltv_id="Canal Video Rola">Canal Video Rola</channel>
    <channel update="i" site="gatotv.com" site_id="viendomovies" xmltv_id="Canal ViendoMovies">Canal ViendoMovies</channel>
    <channel update="i" site="gatotv.com" site_id="vme_tv" xmltv_id="Canal Vme TV">Canal Vme TV</channel>
    <channel update="i" site="gatotv.com" site_id="vtv_honduras_vica_tv" xmltv_id="Canal VTV Honduras (Vica TV)">Canal VTV Honduras (Vica TV)</channel>
    <channel update="i" site="gatotv.com" site_id="wapa_2_deportes" xmltv_id="Canal WAPA 2 Deportes">Canal WAPA 2 Deportes</channel>
    <channel update="i" site="gatotv.com" site_id="wapa_tv" xmltv_id="Canal WAPA-TV">Canal WAPA-TV</channel>
    <channel update="i" site="gatotv.com" site_id="warner_tv_mexico" xmltv_id="Canal Warner TV (México)">Canal Warner TV (México)</channel>
    <channel update="i" site="gatotv.com" site_id="warner_tv_panregional" xmltv_id="Canal Warner TV (Panregional)">Canal Warner TV (Panregional)</channel>
    <channel update="i" site="gatotv.com" site_id="willax_tv" xmltv_id="Canal Willax TV">Canal Willax TV</channel>
    <channel update="i" site="gatotv.com" site_id="win_sports" xmltv_id="Canal Win Sports">Canal Win Sports</channel>
    <channel update="i" site="gatotv.com" site_id="wobi" xmltv_id="Canal WOBI">Canal WOBI</channel>
    <channel update="i" site="gatotv.com" site_id="zee_mundo" xmltv_id="Canal Zee Mundo ">Canal Zee Mundo </channel>
    <channel update="i" site="gatotv.com" site_id="zona_latina" xmltv_id="Canal Zona Latina">Canal Zona Latina</channel>
    <channel update="i" site="gatotv.com" site_id="zoom_colombia" xmltv_id="Canal ZOOM (Colombia)">Canal ZOOM (Colombia)</channel>
    <channel update="i" site="gatotv.com" site_id="zoomoo_latinoamerica" xmltv_id="Canal ZooMoo Latinoamérica">Canal ZooMoo Latinoamérica</channel>
  </channels>
</site>