﻿<?xml version="1.0" encoding="UTF-8"?>
<site generator-info-name="WebGrab+Plus/w MDB &amp; REX Postprocess -- version V3.0.0.23 -- Jan van Straaten" site="horizon.tv">
  <channels>
    <channel update="i" site="horizon_latino.tv.EK" site_id="PR/eng_lgi-pr-prod-master:69023927" xmltv_id="Caracol">Caracol</channel>
    <channel update="i" site="horizon_latino.tv.EK" site_id="PR/eng_lgi-pr-prod-master:69031212" xmltv_id="AZ Mundo">AZ Mundo</channel>
    <channel update="i" site="horizon_latino.tv.EK" site_id="PR/eng_lgi-pr-prod-master:69037592" xmltv_id="Pasiones">Pasiones</channel>
    <channel update="i" site="horizon_latino.tv.EK" site_id="PR/eng_lgi-pr-prod-master:314530379" xmltv_id="Univision TL Novelas">Univision TL Novelas</channel>
    <channel update="i" site="horizon_latino.tv.EK" site_id="PR/eng_lgi-pr-prod-master:69034688" xmltv_id="Azteca Corazon">Azteca Corazon</channel>
    <channel update="i" site="horizon_latino.tv.EK" site_id="PR/eng_lgi-pr-prod-master:960177046" xmltv_id="TV Espanola">TV Espanola</channel>
    <channel update="i" site="horizon_latino.tv.EK" site_id="PR/eng_lgi-pr-prod-master:1473777738" xmltv_id="A3Cine">A3Cine</channel>
    <channel update="i" site="horizon_latino.tv.EK" site_id="PR/eng_lgi-pr-prod-master:69046957" xmltv_id="Cine Latino">Cine Latino</channel>
    <channel update="i" site="horizon_latino.tv.EK" site_id="PR/eng_lgi-pr-prod-master:69030284" xmltv_id="TV Dominicana">TV Dominicana</channel>
    <channel update="i" site="horizon_latino.tv.EK" site_id="PR/eng_lgi-pr-prod-master:1838653608" xmltv_id="Ultra Familia">Ultra Familia</channel>
    <channel update="i" site="horizon_latino.tv.EK" site_id="PR/eng_lgi-pr-prod-master:69026916" xmltv_id="Discovery TurboLatam">Discovery TurboLatam</channel>
    <channel update="i" site="horizon_latino.tv.EK" site_id="PR/eng_lgi-pr-prod-master:1136163551" xmltv_id="Antena 3 Intl">Antena 3 Intl</channel>
    <channel update="i" site="horizon_latino.tv.EK" site_id="PR/eng_lgi-pr-prod-master:69025378" xmltv_id="WKAQ  TV  Telemundo">WKAQ  TV  Telemundo</channel>
    <channel update="i" site="horizon_latino.tv.EK" site_id="PR/eng_lgi-pr-prod-master:69025363" xmltv_id="Wapa">Wapa</channel>
    <channel update="i" site="horizon_latino.tv.EK" site_id="PR/eng_lgi-pr-prod-master:1270959130" xmltv_id="A3series">A3series</channel>
    <channel update="i" site="horizon_latino.tv.EK" site_id="PR/eng_lgi-pr-prod-master:69042646" xmltv_id="WIPR TV">WIPR TV</channel>
    <channel update="i" site="horizon_latino.tv.EK" site_id="PR/eng_lgi-pr-prod-master:69033126" xmltv_id="WSTE TeleIsla">WSTE TeleIsla</channel>
    <channel update="i" site="horizon_latino.tv.EK" site_id="PR/eng_lgi-pr-prod-master:69025491" xmltv_id="Univision">Univision</channel>
    <channel update="i" site="horizon_latino.tv.EK" site_id="PR/eng_lgi-pr-prod-master:1418992359" xmltv_id="Mega TV">Mega TV</channel>
    <channel update="i" site="horizon_latino.tv.EK" site_id="PR/eng_lgi-pr-prod-master:1310092995" xmltv_id="NBC PR">NBC PR</channel>
    <channel update="i" site="horizon_latino.tv.EK" site_id="PR/eng_lgi-pr-prod-master:69033981" xmltv_id="MSNBC">MSNBC</channel>
    <channel update="i" site="horizon_latino.tv.EK" site_id="PR/eng_lgi-pr-prod-master:69030991" xmltv_id="CNBC">CNBC</channel>
    <channel update="i" site="horizon_latino.tv.EK" site_id="PR/eng_lgi-pr-prod-master:69037829" xmltv_id="Reelz Channel">Reelz Channel</channel>
    <channel update="i" site="horizon_latino.tv.EK" site_id="PR/eng_lgi-pr-prod-master:69030731" xmltv_id="USA Network">USA Network</channel>
    <channel update="i" site="horizon_latino.tv.EK" site_id="PR/eng_lgi-pr-prod-master:317907415" xmltv_id="Bein Sports">Bein Sports</channel>
    <channel update="i" site="horizon_latino.tv.EK" site_id="PR/eng_lgi-pr-prod-master:305598451" xmltv_id="Bein Sports Español">Bein Sports Español</channel>
    <channel update="i" site="horizon_latino.tv.EK" site_id="PR/eng_lgi-pr-prod-master:69030712" xmltv_id="Golf Channel">Golf Channel</channel>
    <channel update="i" site="horizon_latino.tv.EK" site_id="PR/eng_lgi-pr-prod-master:69030876" xmltv_id="Wapa 2">Wapa 2</channel>
    <channel update="i" site="horizon_latino.tv.EK" site_id="PR/eng_lgi-pr-prod-master:69030967" xmltv_id="Syfy">Syfy</channel>
    <channel update="i" site="horizon_latino.tv.EK" site_id="PR/eng_lgi-pr-prod-master:69031958" xmltv_id="E Entertainment">E Entertainment</channel>
    <channel update="i" site="horizon_latino.tv.EK" site_id="PR/eng_lgi-pr-prod-master:69030779" xmltv_id="Bravo">Bravo</channel>
    <channel update="i" site="horizon_latino.tv.EK" site_id="PR/eng_lgi-pr-prod-master:69028270" xmltv_id="Food Network">Food Network</channel>
    <channel update="i" site="horizon_latino.tv.EK" site_id="PR/eng_lgi-pr-prod-master:69027868" xmltv_id="HGTV">HGTV</channel>
    <channel update="i" site="horizon_latino.tv.EK" site_id="PR/eng_lgi-pr-prod-master:69037729" xmltv_id="Cooking Channel">Cooking Channel</channel>
    <channel update="i" site="horizon_latino.tv.EK" site_id="PR/eng_lgi-pr-prod-master:69037516" xmltv_id="DIY">DIY</channel>
    <channel update="i" site="horizon_latino.tv.EK" site_id="PR/eng_lgi-pr-prod-master:69031743" xmltv_id="Destination America">Destination America</channel>
    <channel update="i" site="horizon_latino.tv.EK" site_id="PR/eng_lgi-pr-prod-master:69031232" xmltv_id="Travel Channel">Travel Channel</channel>
    <channel update="i" site="horizon_latino.tv.EK" site_id="PR/eng_lgi-pr-prod-master:69030687" xmltv_id="Discovery USA">Discovery USA</channel>
    <channel update="i" site="horizon_latino.tv.EK" site_id="PR/eng_lgi-pr-prod-master:69030685" xmltv_id="Animal Planet">Animal Planet</channel>
    <channel update="i" site="horizon_latino.tv.EK" site_id="PR/eng_lgi-pr-prod-master:69030684" xmltv_id="TLC  USA">TLC  USA</channel>
    <channel update="i" site="horizon_latino.tv.EK" site_id="PR/eng_lgi-pr-prod-master:69034809" xmltv_id="Hallmark Channel">Hallmark Channel</channel>
    <channel update="i" site="horizon_latino.tv.EK" site_id="PR/eng_lgi-pr-prod-master:5227902184" xmltv_id="Hallmark Drama">Hallmark Drama</channel>
    <channel update="i" site="horizon_latino.tv.EK" site_id="PR/eng_lgi-pr-prod-master:69029442" xmltv_id="NBC Sports Network">NBC Sports Network</channel>
    <channel update="i" site="horizon_latino.tv.EK" site_id="PR/eng_lgi-pr-prod-master:69047730" xmltv_id="Discovery Kids">Discovery Kids</channel>
    <channel update="i" site="horizon_latino.tv.EK" site_id="PR/eng_lgi-pr-prod-master:69039042" xmltv_id="Oxygen">Oxygen</channel>
    <channel update="i" site="horizon_latino.tv.EK" site_id="PR/eng_lgi-pr-prod-master:69037619" xmltv_id="Discovery Family">Discovery Family</channel>
    <channel update="i" site="horizon_latino.tv.EK" site_id="PR/eng_lgi-pr-prod-master:69031379" xmltv_id="Hallmark Mysteries">Hallmark Mysteries</channel>
    <channel update="i" site="horizon_latino.tv.EK" site_id="PR/eng_lgi-pr-prod-master:69047694" xmltv_id="Canal 85">Canal 85</channel>
    <channel update="i" site="horizon_latino.tv.EK" site_id="PR/eng_lgi-pr-prod-master:1122172131" xmltv_id="Universo">Universo</channel>
    <channel update="i" site="horizon_latino.tv.EK" site_id="PR/eng_lgi-pr-prod-master:1508210850" xmltv_id="Discovery Life">Discovery Life</channel>
    <channel update="i" site="horizon_latino.tv.EK" site_id="PR/eng_lgi-pr-prod-master:334443188" xmltv_id="American Heroes">American Heroes</channel>
    <channel update="i" site="horizon_latino.tv.EK" site_id="PR/eng_lgi-pr-prod-master:69034520" xmltv_id="ID Discovery">ID Discovery</channel>
    <channel update="i" site="horizon_latino.tv.EK" site_id="PR/eng_lgi-pr-prod-master:69030686" xmltv_id="Discovery Science">Discovery Science</channel>
    <channel update="i" site="horizon_latino.tv.EK" site_id="PR/eng_lgi-pr-prod-master:69021678" xmltv_id="Motortrend">Motortrend</channel>
    <channel update="i" site="horizon_latino.tv.EK" site_id="PR/eng_lgi-pr-prod-master:320905745" xmltv_id="Discovery Home And Health Latam">Discovery Home And Health Latam</channel>
    <channel update="i" site="horizon_latino.tv.EK" site_id="PR/eng_lgi-pr-prod-master:1204592616" xmltv_id="Discovery Latam">Discovery Latam</channel>
    <channel update="i" site="horizon_latino.tv.EK" site_id="PR/eng_lgi-pr-prod-master:4308148905" xmltv_id="TLC ESPANOL">TLC ESPANOL</channel>
    <channel update="i" site="horizon_latino.tv.EK" site_id="PR/eng_lgi-pr-prod-master:320915524" xmltv_id="Investigation Discovery Latam">Investigation Discovery Latam</channel>
    <channel update="i" site="horizon_latino.tv.EK" site_id="PR/eng_lgi-pr-prod-master:942732992" xmltv_id="Animal Planet Latam">Animal Planet Latam</channel>
    <channel update="i" site="horizon_latino.tv.EK" site_id="PR/eng_lgi-pr-prod-master:6832813340" xmltv_id="LAS">LAS</channel>
    <channel update="i" site="horizon_latino.tv.EK" site_id="PR/eng_lgi-pr-prod-master:287899085" xmltv_id="Televisa y Univision Deportes Network">Televisa y Univision Deportes Network</channel>
    <channel update="i" site="horizon_latino.tv.EK" site_id="CL/spa_lgi-cl-prod-master:1489286137" xmltv_id="Disney Junior">Disney Junior</channel>
    <channel update="i" site="horizon_latino.tv.EK" site_id="CL/spa_lgi-cl-prod-master:1816257783" xmltv_id="Az Cinema">Az Cinema</channel>
    <channel update="i" site="horizon_latino.tv.EK" site_id="CL/spa_lgi-cl-prod-master:69047760" xmltv_id="TVE">TVE</channel>
    <channel update="i" site="horizon_latino.tv.EK" site_id="CL/spa_lgi-cl-prod-master:69039813" xmltv_id="TVN HD">TVN HD</channel>
    <channel update="i" site="horizon_latino.tv.EK" site_id="CL/spa_lgi-cl-prod-master:1053663072" xmltv_id="Mega HD">Mega HD</channel>
    <channel update="i" site="horizon_latino.tv.EK" site_id="CL/spa_lgi-cl-prod-master:927735547" xmltv_id="Chilevisión HD">Chilevisión HD</channel>
    <channel update="i" site="horizon_latino.tv.EK" site_id="CL/spa_lgi-cl-prod-master:69031864" xmltv_id="Nick Jr">Nick Jr</channel>
    <channel update="i" site="horizon_latino.tv.EK" site_id="CL/spa_lgi-cl-prod-master:69043044" xmltv_id="Canal 13 HD">Canal 13 HD</channel>
    <channel update="i" site="horizon_latino.tv.EK" site_id="CL/spa_lgi-cl-prod-master:3272215135" xmltv_id="24 Horas HD">24 Horas HD</channel>
    <channel update="i" site="horizon_latino.tv.EK" site_id="CL/spa_lgi-cl-prod-master:4505665992" xmltv_id="CNN Chile HD">CNN Chile HD</channel>
    <channel update="i" site="horizon_latino.tv.EK" site_id="CL/spa_lgi-cl-prod-master:4861372172" xmltv_id="Warner HD">Warner HD</channel>
    <channel update="i" site="horizon_latino.tv.EK" site_id="CL/spa_lgi-cl-prod-master:1895270707" xmltv_id="AE Mundo HD">AE Mundo HD</channel>
    <channel update="i" site="horizon_latino.tv.EK" site_id="CL/spa_lgi-cl-prod-master:5546842456" xmltv_id="AXN HD">AXN HD</channel>
    <channel update="i" site="horizon_latino.tv.EK" site_id="CL/spa_lgi-cl-prod-master:958936465" xmltv_id="Paramount HD">Paramount HD</channel>
    <channel update="i" site="horizon_latino.tv.EK" site_id="CL/spa_lgi-cl-prod-master:5546828848" xmltv_id="Sony HD">Sony HD</channel>
    <channel update="i" site="horizon_latino.tv.EK" site_id="CL/spa_lgi-cl-prod-master:1419842892" xmltv_id="TNT Series HD">TNT Series HD</channel>
    <channel update="i" site="horizon_latino.tv.EK" site_id="CL/spa_lgi-cl-prod-master:69046965" xmltv_id="HBO HD">HBO HD</channel>
    <channel update="i" site="horizon_latino.tv.EK" site_id="CL/spa_lgi-cl-prod-master:4160409402" xmltv_id="TNT HD">TNT HD</channel>
    <channel update="i" site="horizon_latino.tv.EK" site_id="CL/spa_lgi-cl-prod-master:1419817466" xmltv_id="Space HD">Space HD</channel>
    <channel update="i" site="horizon_latino.tv.EK" site_id="CL/spa_lgi-cl-prod-master:3272246018" xmltv_id="TBS HD">TBS HD</channel>
    <channel update="i" site="horizon_latino.tv.EK" site_id="CL/spa_lgi-cl-prod-master:69039398" xmltv_id="Golden HD">Golden HD</channel>
    <channel update="i" site="horizon_latino.tv.EK" site_id="CL/spa_lgi-cl-prod-master:441697453" xmltv_id="Hbo Family HD">Hbo Family HD</channel>
    <channel update="i" site="horizon_latino.tv.EK" site_id="CL/spa_lgi-cl-prod-master:444082240" xmltv_id="HBO Xtreme">HBO Xtreme</channel>
    <channel update="i" site="horizon_latino.tv.EK" site_id="CL/spa_lgi-cl-prod-master:69031722" xmltv_id="Fox Series">Fox Series</channel>
    <channel update="i" site="horizon_latino.tv.EK" site_id="CL/spa_lgi-cl-prod-master:69043646" xmltv_id="Fox Movies HD">Fox Movies HD</channel>
    <channel update="i" site="horizon_latino.tv.EK" site_id="CL/spa_lgi-cl-prod-master:648906382" xmltv_id="Fox Family HD">Fox Family HD</channel>
    <channel update="i" site="horizon_latino.tv.EK" site_id="CL/spa_lgi-cl-prod-master:69043992" xmltv_id="Fox Action HD">Fox Action HD</channel>
    <channel update="i" site="horizon_latino.tv.EK" site_id="CL/spa_lgi-cl-prod-master:1818813108" xmltv_id="ESPN HD">ESPN HD</channel>
    <channel update="i" site="horizon_latino.tv.EK" site_id="CL/spa_lgi-cl-prod-master:3141994412" xmltv_id="ESPN 2">ESPN 2</channel>
    <channel update="i" site="horizon_latino.tv.EK" site_id="CL/spa_lgi-cl-prod-master:69045542" xmltv_id="ESPN 3">ESPN 3</channel>
    <channel update="i" site="horizon_latino.tv.EK" site_id="CL/spa_lgi-cl-prod-master:69034756" xmltv_id="ESPN ">ESPN </channel>
    <channel update="i" site="horizon_latino.tv.EK" site_id="CL/spa_lgi-cl-prod-master:1423005451" xmltv_id="TyC Sports HD">TyC Sports HD</channel>
    <channel update="i" site="horizon_latino.tv.EK" site_id="CL/spa_lgi-cl-prod-master:1419831644" xmltv_id="Teletrak Tv HD">Teletrak Tv HD</channel>
    <channel update="i" site="horizon_latino.tv.EK" site_id="CL/spa_lgi-cl-prod-master:1489286139" xmltv_id="Fox Sports 1 HD">Fox Sports 1 HD</channel>
    <channel update="i" site="horizon_latino.tv.EK" site_id="CL/spa_lgi-cl-prod-master:1134869025" xmltv_id="Fox Sports 2 HD">Fox Sports 2 HD</channel>
    <channel update="i" site="horizon_latino.tv.EK" site_id="CL/spa_lgi-cl-prod-master:3484557459" xmltv_id="Fox Sports 3 HD">Fox Sports 3 HD</channel>
    <channel update="i" site="horizon_latino.tv.EK" site_id="CL/spa_lgi-cl-prod-master:69039833" xmltv_id="CDF HD">CDF HD</channel>
    <channel update="i" site="horizon_latino.tv.EK" site_id="CL/spa_lgi-cl-prod-master:3272245449" xmltv_id="Nick Jr HD">Nick Jr HD</channel>
    <channel update="i" site="horizon_latino.tv.EK" site_id="CL/spa_lgi-cl-prod-master:5397722892" xmltv_id="NatGeo Kids HD">NatGeo Kids HD</channel>
    <channel update="i" site="horizon_latino.tv.EK" site_id="CL/spa_lgi-cl-prod-master:4841233446" xmltv_id="Discovery Kids HD">Discovery Kids HD</channel>
    <channel update="i" site="horizon_latino.tv.EK" site_id="CL/spa_lgi-cl-prod-master:6339169506" xmltv_id="Disney Channel HD">Disney Channel HD</channel>
    <channel update="i" site="horizon_latino.tv.EK" site_id="CL/spa_lgi-cl-prod-master:1612351388" xmltv_id="Cartoon Network HD">Cartoon Network HD</channel>
    <channel update="i" site="horizon_latino.tv.EK" site_id="CL/spa_lgi-cl-prod-master:3622046778" xmltv_id="Nickelodeon HD">Nickelodeon HD</channel>
    <channel update="i" site="horizon_latino.tv.EK" site_id="CL/spa_lgi-cl-prod-master:4505658347" xmltv_id="Boomerang HD">Boomerang HD</channel>
    <channel update="i" site="horizon_latino.tv.EK" site_id="CL/spa_lgi-cl-prod-master:1653044099" xmltv_id="13C HD">13C HD</channel>
    <channel update="i" site="horizon_latino.tv.EK" site_id="CL/spa_lgi-cl-prod-master:69038884" xmltv_id="History Channel HD">History Channel HD</channel>
    <channel update="i" site="horizon_latino.tv.EK" site_id="CL/spa_lgi-cl-prod-master:1420021070" xmltv_id="History 2 HD">History 2 HD</channel>
    <channel update="i" site="horizon_latino.tv.EK" site_id="CL/spa_lgi-cl-prod-master:942732992" xmltv_id="Animal Planet">Animal Planet</channel>
    <channel update="i" site="horizon_latino.tv.EK" site_id="CL/spa_lgi-cl-prod-master:6412956600" xmltv_id="Discovery Channel HD">Discovery Channel HD</channel>
    <channel update="i" site="horizon_latino.tv.EK" site_id="CL/spa_lgi-cl-prod-master:69034107" xmltv_id="Discovery Theater HD">Discovery Theater HD</channel>
    <channel update="i" site="horizon_latino.tv.EK" site_id="CL/spa_lgi-cl-prod-master:1725412410" xmltv_id="Discovery Home  Health HD">Discovery Home  Health HD</channel>
    <channel update="i" site="horizon_latino.tv.EK" site_id="CL/spa_lgi-cl-prod-master:4308148905" xmltv_id="Discovery TLC HD">Discovery TLC HD</channel>
    <channel update="i" site="horizon_latino.tv.EK" site_id="CL/spa_lgi-cl-prod-master:69038907" xmltv_id="Discovery World HD">Discovery World HD</channel>
    <channel update="i" site="horizon_latino.tv.EK" site_id="CL/spa_lgi-cl-prod-master:69038903" xmltv_id="Trutv HD">Trutv HD</channel>
    <channel update="i" site="horizon_latino.tv.EK" site_id="CL/spa_lgi-cl-prod-master:6960882451" xmltv_id="ID Investigation Discovery">ID Investigation Discovery</channel>
    <channel update="i" site="horizon_latino.tv.EK" site_id="CL/spa_lgi-cl-prod-master:952820506" xmltv_id="Comedy Central HD">Comedy Central HD</channel>
    <channel update="i" site="horizon_latino.tv.EK" site_id="CL/spa_lgi-cl-prod-master:7669880672" xmltv_id="E Entertainment">E Entertainment</channel>
    <channel update="i" site="horizon_latino.tv.EK" site_id="CL/spa_lgi-cl-prod-master:1420057906" xmltv_id="Lifetime HD">Lifetime HD</channel>
    <channel update="i" site="horizon_latino.tv.EK" site_id="CL/spa_lgi-cl-prod-master:3142060765" xmltv_id="MTV HD">MTV HD</channel>
    <channel update="i" site="horizon_latino.tv.EK" site_id="CL/spa_lgi-cl-prod-master:69039535" xmltv_id="MTV Live HD">MTV Live HD</channel>
    <channel update="i" site="horizon_latino.tv.EK" site_id="CL/spa_lgi-cl-prod-master:1442054439" xmltv_id="VH1 HD">VH1 HD</channel>
    <channel update="i" site="horizon_latino.tv.EK" site_id="CL/spa_lgi-cl-prod-master:1420934206" xmltv_id="Telefé HD">Telefé HD</channel>
    <channel update="i" site="horizon_latino.tv.EK" site_id="CL/spa_lgi-cl-prod-master:1416384754" xmltv_id="Az Clic HD">Az Clic HD</channel>
    <channel update="i" site="horizon_latino.tv.EK" site_id="CL/spa_lgi-cl-prod-master:1416384756" xmltv_id="Az Corazón HD">Az Corazón HD</channel>
    <channel update="i" site="horizon_latino.tv.EK" site_id="CL/spa_lgi-cl-prod-master:621158183" xmltv_id="Az Mundo HD">Az Mundo HD</channel>
    <channel update="i" site="horizon_latino.tv.EK" site_id="CL/spa_lgi-cl-prod-master:296204359" xmltv_id="Canal de las Estrellas HD">Canal de las Estrellas HD</channel>
    <channel update="i" site="horizon_latino.tv.EK" site_id="CL/spa_lgi-cl-prod-master:3272249009" xmltv_id="Star TVE HD">Star TVE HD</channel>
    <channel update="i" site="horizon_latino.tv.EK" site_id="CL/spa_lgi-cl-prod-master:1136163551" xmltv_id="Antena 3 HD">Antena 3 HD</channel>
    <channel update="i" site="horizon_latino.tv.EK" site_id="CL/spa_lgi-cl-prod-master:69037700" xmltv_id="HBO Mundi">HBO Mundi</channel>
    <channel update="i" site="horizon_latino.tv.EK" site_id="CL/spa_lgi-cl-prod-master:69039814" xmltv_id="Playboy">Playboy</channel>
    <channel update="i" site="horizon_latino.tv.EK" site_id="CL/spa_lgi-cl-prod-master:69021976" xmltv_id="Canal TV Senado">Canal TV Senado</channel>
    <channel update="i" site="horizon_latino.tv.EK" site_id="CL/spa_lgi-cl-prod-master:69039812" xmltv_id="Canal Diputados">Canal Diputados</channel>
    <channel update="i" site="horizon_latino.tv.EK" site_id="CL/spa_lgi-cl-prod-master:69039817" xmltv_id="Telecanal">Telecanal</channel>
    <channel update="i" site="horizon_latino.tv.EK" site_id="CL/spa_lgi-cl-prod-master:7302148055" xmltv_id="TV HD">TV HD</channel>
    <channel update="i" site="horizon_latino.tv.EK" site_id="CL/spa_lgi-cl-prod-master:1381733092" xmltv_id="La Red HD">La Red HD</channel>
    <channel update="i" site="horizon_latino.tv.EK" site_id="CL/spa_lgi-cl-prod-master:1506873534" xmltv_id="Cinemax">Cinemax</channel>
    <channel update="i" site="horizon_latino.tv.EK" site_id="CL/spa_lgi-cl-prod-master:69043497" xmltv_id="TBS SD">TBS SD</channel>
    <channel update="i" site="horizon_latino.tv.EK" site_id="CL/spa_lgi-cl-prod-master:69034104" xmltv_id="ISat">ISat</channel>
    <channel update="i" site="horizon_latino.tv.EK" site_id="CL/spa_lgi-cl-prod-master:69033612" xmltv_id="TCM">TCM</channel>
    <channel update="i" site="horizon_latino.tv.EK" site_id="CL/spa_lgi-cl-prod-master:69046811" xmltv_id="Golden Edge">Golden Edge</channel>
    <channel update="i" site="horizon_latino.tv.EK" site_id="CL/spa_lgi-cl-prod-master:69045385" xmltv_id="HBO 2">HBO 2</channel>
    <channel update="i" site="horizon_latino.tv.EK" site_id="CL/spa_lgi-cl-prod-master:69024037" xmltv_id="Hbo Signature">Hbo Signature</channel>
    <channel update="i" site="horizon_latino.tv.EK" site_id="CL/spa_lgi-cl-prod-master:69046963" xmltv_id="HBO Plus">HBO Plus</channel>
    <channel update="i" site="horizon_latino.tv.EK" site_id="CL/spa_lgi-cl-prod-master:6754125439" xmltv_id="Mega Plus HD">Mega Plus HD</channel>
    <channel update="i" site="horizon_latino.tv.EK" site_id="CL/spa_lgi-cl-prod-master:6567701864" xmltv_id="Discovery Science HD">Discovery Science HD</channel>
    <channel update="i" site="horizon_latino.tv.EK" site_id="CL/spa_lgi-cl-prod-master:1251360445" xmltv_id="Fox Comedy">Fox Comedy</channel>
    <channel update="i" site="horizon_latino.tv.EK" site_id="CL/spa_lgi-cl-prod-master:69039971" xmltv_id="Fox Cinema">Fox Cinema</channel>
    <channel update="i" site="horizon_latino.tv.EK" site_id="CL/spa_lgi-cl-prod-master:941646796" xmltv_id="Fox Classics">Fox Classics</channel>
    <channel update="i" site="horizon_latino.tv.EK" site_id="CL/spa_lgi-cl-prod-master:6754122728" xmltv_id="Cocina Viva HD">Cocina Viva HD</channel>
    <channel update="i" site="horizon_latino.tv.EK" site_id="CL/spa_lgi-cl-prod-master:69039831" xmltv_id="CDF">CDF</channel>
    <channel update="i" site="horizon_latino.tv.EK" site_id="CL/spa_lgi-cl-prod-master:69026916" xmltv_id="Discovery Turbo">Discovery Turbo</channel>
    <channel update="i" site="horizon_latino.tv.EK" site_id="CL/spa_lgi-cl-prod-master:69039832" xmltv_id="CDF Premium">CDF Premium</channel>
    <channel update="i" site="horizon_latino.tv.EK" site_id="CL/spa_lgi-cl-prod-master:1270959130" xmltv_id="A3Series HD">A3Series HD</channel>
    <channel update="i" site="horizon_latino.tv.EK" site_id="CL/spa_lgi-cl-prod-master:69045386" xmltv_id="BBC World News HD">BBC World News HD</channel>
    <channel update="i" site="horizon_latino.tv.EK" site_id="CL/spa_lgi-cl-prod-master:1907509880" xmltv_id="Cinemax HD">Cinemax HD</channel>
    <channel update="i" site="horizon_latino.tv.EK" site_id="CL/spa_lgi-cl-prod-master:3930373124" xmltv_id="Discovery Kids">Discovery Kids</channel>
    <channel update="i" site="horizon_latino.tv.EK" site_id="CL/spa_lgi-cl-prod-master:69039829" xmltv_id="Disney Channel">Disney Channel</channel>
    <channel update="i" site="horizon_latino.tv.EK" site_id="CL/spa_lgi-cl-prod-master:69031329" xmltv_id="Disney XD">Disney XD</channel>
    <channel update="i" site="horizon_latino.tv.EK" site_id="CL/spa_lgi-cl-prod-master:69033899" xmltv_id="Tooncast">Tooncast</channel>
    <channel update="i" site="horizon_latino.tv.EK" site_id="CL/spa_lgi-cl-prod-master:4958461558" xmltv_id="A3Cine HD">A3Cine HD</channel>
    <channel update="i" site="horizon_latino.tv.EK" site_id="CL/spa_lgi-cl-prod-master:69039815" xmltv_id="ETC TV">ETC TV</channel>
    <channel update="i" site="horizon_latino.tv.EK" site_id="CL/spa_lgi-cl-prod-master:69026919" xmltv_id="Discovery Science">Discovery Science</channel>
    <channel update="i" site="horizon_latino.tv.EK" site_id="CL/spa_lgi-cl-prod-master:69026918" xmltv_id="Discovery Civilization">Discovery Civilization</channel>
    <channel update="i" site="horizon_latino.tv.EK" site_id="CL/spa_lgi-cl-prod-master:69047733" xmltv_id="EWTN">EWTN</channel>
    <channel update="i" site="horizon_latino.tv.EK" site_id="CL/spa_lgi-cl-prod-master:69039850" xmltv_id="TNE">TNE</channel>
    <channel update="i" site="horizon_latino.tv.EK" site_id="CL/spa_lgi-cl-prod-master:69049647" xmltv_id="Discovery TLC">Discovery TLC</channel>
    <channel update="i" site="horizon_latino.tv.EK" site_id="CL/spa_lgi-cl-prod-master:291843710" xmltv_id="Investigation Discovery">Investigation Discovery</channel>
    <channel update="i" site="horizon_latino.tv.EK" site_id="CL/spa_lgi-cl-prod-master:69030184" xmltv_id="Glitz">Glitz</channel>
    <channel update="i" site="horizon_latino.tv.EK" site_id="CL/spa_lgi-cl-prod-master:69039819" xmltv_id="Vive">Vive</channel>
    <channel update="i" site="horizon_latino.tv.EK" site_id="CL/spa_lgi-cl-prod-master:302050858" xmltv_id="Mtv Hits">Mtv Hits</channel>
    <channel update="i" site="horizon_latino.tv.EK" site_id="CL/spa_lgi-cl-prod-master:1921617259" xmltv_id="Mtv Dance">Mtv Dance</channel>
    <channel update="i" site="horizon_latino.tv.EK" site_id="CL/spa_lgi-cl-prod-master:69035040" xmltv_id="Much Music">Much Music</channel>
    <channel update="i" site="horizon_latino.tv.EK" site_id="CL/spa_lgi-cl-prod-master:69027442" xmltv_id="VH1">VH1</channel>
    <channel update="i" site="horizon_latino.tv.EK" site_id="CL/spa_lgi-cl-prod-master:302050887" xmltv_id="VH1 MegaHits">VH1 MegaHits</channel>
    <channel update="i" site="horizon_latino.tv.EK" site_id="CL/spa_lgi-cl-prod-master:69047859" xmltv_id="Htv">Htv</channel>
    <channel update="i" site="horizon_latino.tv.EK" site_id="CL/spa_lgi-cl-prod-master:69046353" xmltv_id="Golf Channel HD">Golf Channel HD</channel>
    <channel update="i" site="horizon_latino.tv.EK" site_id="CL/spa_lgi-cl-prod-master:69047716" xmltv_id="América">América</channel>
    <channel update="i" site="horizon_latino.tv.EK" site_id="CL/spa_lgi-cl-prod-master:69044848" xmltv_id="Deutsche Welle">Deutsche Welle</channel>
    <channel update="i" site="horizon_latino.tv.EK" site_id="CL/spa_lgi-cl-prod-master:6114777484" xmltv_id="TV5 Francia">TV5 Francia</channel>
    <channel update="i" site="horizon_latino.tv.EK" site_id="CL/spa_lgi-cl-prod-master:69047751" xmltv_id="RAI">RAI</channel>
    <channel update="i" site="horizon_latino.tv.EK" site_id="CL/spa_lgi-cl-prod-master:69023911" xmltv_id="CCTV4 China">CCTV4 China</channel>
    <channel update="i" site="horizon_latino.tv.EK" site_id="CL/spa_lgi-cl-prod-master:69048324" xmltv_id="TV Perú">TV Perú</channel>
    <channel update="i" site="horizon_latino.tv.EK" site_id="CL/spa_lgi-cl-prod-master:69023927" xmltv_id="Caracol">Caracol</channel>
    <channel update="i" site="horizon_latino.tv.EK" site_id="CL/spa_lgi-cl-prod-master:69046797" xmltv_id="Globo Internacional">Globo Internacional</channel>
    <channel update="i" site="horizon_latino.tv.EK" site_id="CL/spa_lgi-cl-prod-master:69034697" xmltv_id="CNN Español">CNN Español</channel>
    <channel update="i" site="horizon_latino.tv.EK" site_id="CL/spa_lgi-cl-prod-master:69032483" xmltv_id="CNN Internacional">CNN Internacional</channel>
    <channel update="i" site="horizon_latino.tv.EK" site_id="CL/spa_lgi-cl-prod-master:69043946" xmltv_id="BBC World">BBC World</channel>
    <channel update="i" site="horizon_latino.tv.EK" site_id="CL/spa_lgi-cl-prod-master:69047609" xmltv_id="Bloomberg">Bloomberg</channel>
    <channel update="i" site="horizon_latino.tv.EK" site_id="CL/spa_lgi-cl-prod-master:69047115" xmltv_id="VOA">VOA</channel>
    <channel update="i" site="horizon_latino.tv.EK" site_id="CL/spa_lgi-cl-prod-master:69047766" xmltv_id="Venus">Venus</channel>
    <channel update="i" site="horizon_latino.tv.EK" site_id="CL/spa_lgi-cl-prod-master:896327375" xmltv_id="Sextreme">Sextreme</channel>
  </channels>
</site>