﻿<?xml version="1.0" encoding="UTF-8"?>
<site generator-info-name="WebGrab+Plus/w MDB &amp; REX Postprocess -- version  V3.0.0.0 -- build 2 -- Jan van Straaten" site="movistar.co">
  <channels>
    <channel update="i" site="movistar.co.EK" site_id="LCH3913##00/06/51/6519097_DE3A1635092C0904.png" xmltv_id="A&amp;E (AE HD)">A&amp;E (AE HD)</channel>
    <channel update="i" site="movistar.co.EK" site_id="LCH2569##00/05/82/5820121_352B54DD92B36921.png" xmltv_id="AMC (AMC)">AMC (AMC)</channel>
    <channel update="i" site="movistar.co.EK" site_id="LCH3780##00/06/51/6515474_CAE1CCA6A8584D97.png" xmltv_id="AMC (AMC Col IPTV)">AMC (AMC Col IPTV)</channel>
    <channel update="i" site="movistar.co.EK" site_id="LCH2571##00/05/83/5839740_78CADA5616F1CB8A.png" xmltv_id="AMC HD (AMC HD)">AMC HD (AMC HD)</channel>
    <channel update="i" site="movistar.co.EK" site_id="LCH2576##00/05/65/5650291_8BAE236B5E7A542D.png" xmltv_id="Animal Planet (Animal Planet HD)">Animal Planet (Animal Planet HD)</channel>
    <channel update="i" site="movistar.co.EK" site_id="LCH2573##00/05/63/5636325_81457B93615BA9C8.png" xmltv_id="ANTENA3 (Antena3)">ANTENA3 (Antena3)</channel>
    <channel update="i" site="movistar.co.EK" site_id="LCH2568##00/05/82/5820287_7CFE6BAFE8F0B4FD.png" xmltv_id="ATRES SERIES HD (Atres Series HD)">ATRES SERIES HD (Atres Series HD)</channel>
    <channel update="i" site="movistar.co.EK" site_id="LCH2570##00/05/65/5650295_4EE4BA4B1D793D6F.png" xmltv_id="AXN (AXN HD)">AXN (AXN HD)</channel>
    <channel update="i" site="movistar.co.EK" site_id="LCH2583##00/05/83/5839344_541AAC9244A64A38.png" xmltv_id="BABY TV (Baby TV)">BABY TV (Baby TV)</channel>
    <channel update="i" site="movistar.co.EK" site_id="LCH1251##00/05/76/5764667_07E0CF84D8F7E21A.png" xmltv_id="BBC World News (BBC World)">BBC World News (BBC World)</channel>
    <channel update="i" site="movistar.co.EK" site_id="LCH2581##00/05/66/5668125_1365A39C74FC6437.png" xmltv_id="Boomerang (Boomerang)">Boomerang (Boomerang)</channel>
    <channel update="i" site="movistar.co.EK" site_id="LCH2819##00/06/73/6737705_3275EC62B4CD9DFE.png" xmltv_id="CableNoticias (CNOTICIAS)">CableNoticias (CNOTICIAS)</channel>
    <channel update="i" site="movistar.co.EK" site_id="LCH3345##00/06/73/6735849_E3E120BD5125A1BB.png" xmltv_id="Canal 1 (Canal 1 HD)">Canal 1 (Canal 1 HD)</channel>
    <channel update="i" site="movistar.co.EK" site_id="LCH2710##00/05/65/5650257_0C78762F7796D790.png" xmltv_id="Canal Capital (Canal Capital)">Canal Capital (Canal Capital)</channel>
    <channel update="i" site="movistar.co.EK" site_id="LCH2703##00/05/65/5659001_B30A02F9FEF013C2.png" xmltv_id="CANAL CONGRESO (Congreso)">CANAL CONGRESO (Congreso)</channel>
    <channel update="i" site="movistar.co.EK" site_id="LCH2692##00/05/65/5650281_D30944C2DDAD5789.png" xmltv_id="Canal Fox (Fox Channel)">Canal Fox (Fox Channel)</channel>
    <channel update="i" site="movistar.co.EK" site_id="LCH3766##00/06/73/6735845_B030513D3A93A004.png" xmltv_id="Canal Institucional (Institucional HD)">Canal Institucional (Institucional HD)</channel>
    <channel update="i" site="movistar.co.EK" site_id="LCH2714##00/05/65/5659002_B95053AD8CB4E0DC.png" xmltv_id="Canal Trece (Canal Trece)">Canal Trece (Canal Trece)</channel>
    <channel update="i" site="movistar.co.EK" site_id="LCH2705##00/05/63/5636309_A83078AACBB81F20.png" xmltv_id="Canal TRO (Canal Tro)">Canal TRO (Canal Tro)</channel>
    <channel update="i" site="movistar.co.EK" site_id="LCH2713##00/05/66/5665861_4873B9250675F508.png" xmltv_id="Caracol (Caracol HD)">Caracol (Caracol HD)</channel>
    <channel update="i" site="movistar.co.EK" site_id="LCH2822##00/06/52/6523297_AC1C9C4372225AAB.png" xmltv_id="Cartoon Network (Cartoon Network HD)">Cartoon Network (Cartoon Network HD)</channel>
    <channel update="i" site="movistar.co.EK" site_id="LCH2579##00/05/65/5659008_B23DD3D11C849ABF.png" xmltv_id="CARTOON NETWORK REGIONAL (Cartoon Network)">CARTOON NETWORK REGIONAL (Cartoon Network)</channel>
    <channel update="i" site="movistar.co.EK" site_id="LCH3776##00/06/51/6512486_A3E2583BEF3E7D10.png" xmltv_id="Cinecanal (Cinecanal Col IPTV)">Cinecanal (Cinecanal Col IPTV)</channel>
    <channel update="i" site="movistar.co.EK" site_id="LCH2582##00/05/65/5659044_72546CA3F30061F4.png" xmltv_id="CINECANAL HD (Cinecanal HD)">CINECANAL HD (Cinecanal HD)</channel>
    <channel update="i" site="movistar.co.EK" site_id="LCH2577##00/05/65/5659029_E6EB51256757DB38.png" xmltv_id="CINECANAL REGIONAL (Cinecanal)">CINECANAL REGIONAL (Cinecanal)</channel>
    <channel update="i" site="movistar.co.EK" site_id="LCH3774##00/06/51/6512485_54EA3938DE90CEEE.png" xmltv_id="Cinemax (Cinemax COL IPTV)">Cinemax (Cinemax COL IPTV)</channel>
    <channel update="i" site="movistar.co.EK" site_id="LCH2580##00/05/66/5667419_58BC8609A93A076B.png" xmltv_id="CINEMAX HD (Cinemax HD)">CINEMAX HD (Cinemax HD)</channel>
    <channel update="i" site="movistar.co.EK" site_id="LCH2578##00/05/63/5636335_95FA07CDCF82EED0.png" xmltv_id="CINEMAX SUR (Cinemax)">CINEMAX SUR (Cinemax)</channel>
    <channel update="i" site="movistar.co.EK" site_id="LCH2712##00/05/65/5650258_A9E0D6B3CF7FEF61.png" xmltv_id="City TV (City TV)">City TV (City TV)</channel>
    <channel update="i" site="movistar.co.EK" site_id="LCH3866##00/06/55/6552916_2077BEC98CF63BD7.png" xmltv_id="CNN Español (CNN Espanol)">CNN Español (CNN Espanol)</channel>
    <channel update="i" site="movistar.co.EK" site_id="LCH2587##00/05/66/5665853_79718D4D3C53BC72.png" xmltv_id="CNN INTERNACIONAL (CNN)">CNN INTERNACIONAL (CNN)</channel>
    <channel update="i" site="movistar.co.EK" site_id="LCH3910##00/06/51/6519091_39917200288AD4FD.png" xmltv_id="Comedy Central (Comedy Central C)">Comedy Central (Comedy Central C)</channel>
    <channel update="i" site="movistar.co.EK" site_id="LCH2709##00/05/65/5659025_E25593327F116BB9.png" xmltv_id="Comedy Central (Comedy Central HD)">Comedy Central (Comedy Central HD)</channel>
    <channel update="i" site="movistar.co.EK" site_id="LCH2701##00/05/65/5650284_1EC95973A516E225.png" xmltv_id="De Película (De Pelicula)">De Película (De Pelicula)</channel>
    <channel update="i" site="movistar.co.EK" site_id="LCH2605##00/05/63/5636326_8A7971BB457B1789.png" xmltv_id="DEUTSCHE WELLE (Deutsche Welle)">DEUTSCHE WELLE (Deutsche Welle)</channel>
    <channel update="i" site="movistar.co.EK" site_id="LCH2680##00/05/89/5898578_CDC00C5C0EDC97E7.png" xmltv_id="Discovery Channel (Discovery HD)">Discovery Channel (Discovery HD)</channel>
    <channel update="i" site="movistar.co.EK" site_id="LCH2601##00/05/89/5898239_DC18844F4B6FAB36.png" xmltv_id="DISCOVERY CHANNEL VENEZUELA (Discovery Channel)">DISCOVERY CHANNEL VENEZUELA (Discovery Channel)</channel>
    <channel update="i" site="movistar.co.EK" site_id="LCH3911##00/06/52/6523671_FDDA58C41643809E.png" xmltv_id="Discovery H&amp;H (Home Health HD)">Discovery H&amp;H (Home Health HD)</channel>
    <channel update="i" site="movistar.co.EK" site_id="LCH2586##00/05/65/5650262_026CC5729572C19B.png" xmltv_id="DISCOVERY HD THEATER (D. Theater)">DISCOVERY HD THEATER (D. Theater)</channel>
    <channel update="i" site="movistar.co.EK" site_id="LCH2603##00/05/66/5665862_C64165D3F57A38CC.png" xmltv_id="Discovery Kids (Discovery Kids HD)">Discovery Kids (Discovery Kids HD)</channel>
    <channel update="i" site="movistar.co.EK" site_id="LCH2598##00/05/66/5666721_63A8AFD3A8E426E1.png" xmltv_id="DISCOVERY SCIENCE (Discovery Science)">DISCOVERY SCIENCE (Discovery Science)</channel>
    <channel update="i" site="movistar.co.EK" site_id="LCH3971##00/06/52/6523537_4F688A020028689F.png" xmltv_id="Discovery Theater (Theater)">Discovery Theater (Theater)</channel>
    <channel update="i" site="movistar.co.EK" site_id="LCH2708##00/05/66/5666869_A117378FDA8E9192.png" xmltv_id="Discovery Turbo (Discovery Turbo)">Discovery Turbo (Discovery Turbo)</channel>
    <channel update="i" site="movistar.co.EK" site_id="LCH2885##00/06/08/6088309_A9A996302B4125FF.png" xmltv_id="DISCOVERY WORLD HD (Discovery World HD)">DISCOVERY WORLD HD (Discovery World HD)</channel>
    <channel update="i" site="movistar.co.EK" site_id="LCH3839##00/06/52/6523290_AD350A44EE3C7F22.png" xmltv_id="Disney Channel (Disney Col IPTV)">Disney Channel (Disney Col IPTV)</channel>
    <channel update="i" site="movistar.co.EK" site_id="LCH2636##00/05/65/5659036_EDB6B9F90032FBED.png" xmltv_id="DISNEY CHANNEL HD (Disney HD)">DISNEY CHANNEL HD (Disney HD)</channel>
    <channel update="i" site="movistar.co.EK" site_id="LCH2599##00/05/66/5667799_0979CFD281609E1C.png" xmltv_id="DISNEY CHANNEL REGIONAL (Disney Channel)">DISNEY CHANNEL REGIONAL (Disney Channel)</channel>
    <channel update="i" site="movistar.co.EK" site_id="LCH2602##00/05/66/5664840_3FFABCECE57C9E78.png" xmltv_id="DISNEY JUNIOR (Disney Jr)">DISNEY JUNIOR (Disney Jr)</channel>
    <channel update="i" site="movistar.co.EK" site_id="LCH3927##00/06/52/6523291_F6DF039E3B8E8BB1.png" xmltv_id="DISNEY JUNIOR (Disney Jr Col IPTV)">DISNEY JUNIOR (Disney Jr Col IPTV)</channel>
    <channel update="i" site="movistar.co.EK" site_id="LCH2594##00/05/66/5668128_D354577EF09DEF7A.png" xmltv_id="DISNEY XD (Disney XD)">DISNEY XD (Disney XD)</channel>
    <channel update="i" site="movistar.co.EK" site_id="LCH3771##00/06/52/6523292_8FD5D73FC7904844.png" xmltv_id="Disney XD (Disney XD Col IPTV)">Disney XD (Disney XD Col IPTV)</channel>
    <channel update="i" site="movistar.co.EK" site_id="LCH2606##00/05/91/5913078_1B0C17288BBD6743.png" xmltv_id="E! ENTERTAINMENT REGIONAL (E! Entertainment)">E! ENTERTAINMENT REGIONAL (E! Entertainment)</channel>
    <channel update="i" site="movistar.co.EK" site_id="LCH3912##00/06/55/6551426_5546C17CCDC9C9C7.png" xmltv_id="E! Entertainment TV (E HD)">E! Entertainment TV (E HD)</channel>
    <channel update="i" site="movistar.co.EK" site_id="LCH2592##00/05/92/5928604_349C81EA9120800C.png" xmltv_id="EL GOURMET (El Gourmet)">EL GOURMET (El Gourmet)</channel>
    <channel update="i" site="movistar.co.EK" site_id="LCH2593##00/05/66/5664849_16A62D3CDC9AC203.png" xmltv_id="El Gourmet (El Gourmet HD)">El Gourmet (El Gourmet HD)</channel>
    <channel update="i" site="movistar.co.EK" site_id="LCH2824##00/05/98/5983049_4410F4001104BE17.png" xmltv_id="El Tiempo Televisión (ELTIEMPO)">El Tiempo Televisión (ELTIEMPO)</channel>
    <channel update="i" site="movistar.co.EK" site_id="LCH2600##00/05/65/5650275_49C397CE41FBFC97.png" xmltv_id="ENLACE (Enlace TBN)">ENLACE (Enlace TBN)</channel>
    <channel update="i" site="movistar.co.EK" site_id="LCH2608##00/05/82/5825823_9BE57E09BE530F98.jpg" xmltv_id="Época (Epoca)">Época (Epoca)</channel>
    <channel update="i" site="movistar.co.EK" site_id="LCH2722##00/05/95/5957471_AD2D1095E6973C6B.png" xmltv_id="ESPN (ESPN HD)">ESPN (ESPN HD)</channel>
    <channel update="i" site="movistar.co.EK" site_id="LCH2720##00/05/66/5666870_E4B66C10B633D931.png" xmltv_id="ESPN 2 (ESPN 2)">ESPN 2 (ESPN 2)</channel>
    <channel update="i" site="movistar.co.EK" site_id="LCH2828##00/04/19/4198159_B5DE0073541D8808.png" xmltv_id="ESPN 3 (ESPN 3 HD)">ESPN 3 (ESPN 3 HD)</channel>
    <channel update="i" site="movistar.co.EK" site_id="LCH3867##00/04/19/4198153_7B2EBB6CA9C843EE.png" xmltv_id="ESPN+ (ESPN PLUS HD)">ESPN+ (ESPN PLUS HD)</channel>
    <channel update="i" site="movistar.co.EK" site_id="LCH3886##00/04/19/4198153_7B2EBB6CA9C843EE.png" xmltv_id="ESPNPLUSTEST (ESPNPLUSTEST)">ESPNPLUSTEST (ESPNPLUSTEST)</channel>
    <channel update="i" site="movistar.co.EK" site_id="LCH2590##00/05/65/5659031_073D2E11DE583567.png" xmltv_id="EUROPA EUROPA (Europa Europa)">EUROPA EUROPA (Europa Europa)</channel>
    <channel update="i" site="movistar.co.EK" site_id="LCH2591##00/05/65/5650274_B1ED1075A742E7A3.png" xmltv_id="EWTN (EWTN)">EWTN (EWTN)</channel>
    <channel update="i" site="movistar.co.EK" site_id="LCH2589##00/05/63/5636343_5344B5AD9E8147D2.png" xmltv_id="FASHION ONE HD (Fashion One HD)">FASHION ONE HD (Fashion One HD)</channel>
    <channel update="i" site="movistar.co.EK" site_id="LCH2611##00/05/63/5636345_4F8C11755E7522B9.png" xmltv_id="Food Network (Food Network HD)">Food Network (Food Network HD)</channel>
    <channel update="i" site="movistar.co.EK" site_id="LCH2644##00/05/65/5659050_666459E99CC3D680.png" xmltv_id="FOX Action (Fox Action HD)">FOX Action (Fox Action HD)</channel>
    <channel update="i" site="movistar.co.EK" site_id="LCH2693##00/05/65/5650304_1AFB5B5A8B24011D.png" xmltv_id="FOX Comedy (Fox Comedy HD)">FOX Comedy (Fox Comedy HD)</channel>
    <channel update="i" site="movistar.co.EK" site_id="LCH2657##00/05/65/5650302_D0D848C17BBDFE31.png" xmltv_id="FOX Family (Fox Family HD)">FOX Family (Fox Family HD)</channel>
    <channel update="i" site="movistar.co.EK" site_id="LCH2612##00/05/65/5659024_B0F5AC77A3D4BEB5.png" xmltv_id="FOX LIFE (Fox Life)">FOX LIFE (Fox Life)</channel>
    <channel update="i" site="movistar.co.EK" site_id="LCH2674##00/05/65/5659049_E923CC596B508F86.png" xmltv_id="FOX Movies (Fox Movies HD)">FOX Movies (Fox Movies HD)</channel>
    <channel update="i" site="movistar.co.EK" site_id="LCH2634##00/05/65/5650286_EFAE6579C0127F59.png" xmltv_id="FOX PREMIUM ACTION (Fox Action)">FOX PREMIUM ACTION (Fox Action)</channel>
    <channel update="i" site="movistar.co.EK" site_id="LCH2638##00/05/65/5650288_B0E4E5675D285873.png" xmltv_id="FOX PREMIUM CINEMA (Fox Cinema)">FOX PREMIUM CINEMA (Fox Cinema)</channel>
    <channel update="i" site="movistar.co.EK" site_id="LCH2676##00/05/63/5636339_FF8CAB9F7C3C44D5.png" xmltv_id="FOX PREMIUM CLASSIC (Fox Classic)">FOX PREMIUM CLASSIC (Fox Classic)</channel>
    <channel update="i" site="movistar.co.EK" site_id="LCH2631##00/05/65/5650289_08181AA2C8076CF4.png" xmltv_id="FOX PREMIUM COMEDY (Fox Comedy)">FOX PREMIUM COMEDY (Fox Comedy)</channel>
    <channel update="i" site="movistar.co.EK" site_id="LCH2666##00/05/65/5650287_676E7C4DA724D11F.png" xmltv_id="FOX PREMIUM FAMILY (Fox Family)">FOX PREMIUM FAMILY (Fox Family)</channel>
    <channel update="i" site="movistar.co.EK" site_id="LCH2641##00/05/63/5636337_341C5D98A73C9B38.png" xmltv_id="FOX PREMIUM MOVIES (Fox Movies)">FOX PREMIUM MOVIES (Fox Movies)</channel>
    <channel update="i" site="movistar.co.EK" site_id="LCH2652##00/05/65/5659033_2433325B21003C4F.png" xmltv_id="FOX SERIES (Fox Series)">FOX SERIES (Fox Series)</channel>
    <channel update="i" site="movistar.co.EK" site_id="LCH2684##00/05/63/5636354_B1C19DCFAF7922F3.png" xmltv_id="FOX PREMIUM SERIES (Fox Series HD)">FOX PREMIUM SERIES (Fox Series HD)</channel>
    <channel update="i" site="movistar.co.EK" site_id="LCH2689##00/05/63/5636338_881DF7879CB3C59B.png" xmltv_id="FOX SERIES OESTE (Fox Series Oeste)">FOX SERIES OESTE (Fox Series Oeste)</channel>
    <channel update="i" site="movistar.co.EK" site_id="LCH2743##00/06/51/6512314_0B0C89965291A54E.png" xmltv_id="Fox Sports (Fox Sports Col)">Fox Sports (Fox Sports Col)</channel>
    <channel update="i" site="movistar.co.EK" site_id="LCH2729##00/06/51/6512315_D10000FAD4D97B7A.png" xmltv_id="Fox Sports 2 (Fox Sports 2 HD)">Fox Sports 2 (Fox Sports 2 HD)</channel>
    <channel update="i" site="movistar.co.EK" site_id="LCH2726##00/05/65/5650303_ADADF4396CE7F70C.png" xmltv_id="Fox Sports 3 (Fox Sports 3 HD)">Fox Sports 3 (Fox Sports 3 HD)</channel>
    <channel update="i" site="movistar.co.EK" site_id="LCH2721##00/05/94/5942700_3B1FB70925B65E0F.png" xmltv_id="FOX SPORTS HD (FOX SPORTS HD)">FOX SPORTS HD (FOX SPORTS HD)</channel>
    <channel update="i" site="movistar.co.EK" site_id="LCH2633##00/05/66/5666873_0F680F3D9FC6923E.png" xmltv_id="FOXlife (Fox Life HD)">FOXlife (Fox Life HD)</channel>
    <channel update="i" site="movistar.co.EK" site_id="LCH2628##00/05/65/5659028_F3B2F8033339C6E9.png" xmltv_id="FX (FX)">FX (FX)</channel>
    <channel update="i" site="movistar.co.EK" site_id="LCH3777##00/06/51/6515473_45AD48727E7ED8C8.png" xmltv_id="FX (FX Col IPTV)">FX (FX Col IPTV)</channel>
    <channel update="i" site="movistar.co.EK" site_id="LCH2659##00/05/65/5659028_F3B2F8033339C6E9.png" xmltv_id="FX HD (FX HD)">FX HD (FX HD)</channel>
    <channel update="i" site="movistar.co.EK" site_id="LCH2660##00/05/63/5636334_BADDE2671CB8262D.png" xmltv_id="FX Movies (FX Movies)">FX Movies (FX Movies)</channel>
    <channel update="i" site="movistar.co.EK" site_id="LCH2639##00/05/65/5650270_742C7CFCA133FC94.png" xmltv_id="GLITZ* (Glitz)">GLITZ* (Glitz)</channel>
    <channel update="i" site="movistar.co.EK" site_id="LCH2694##00/05/65/5650285_FC940AB2EE46AAFA.png" xmltv_id="GOLDEN EDGE (Golden Edge)">GOLDEN EDGE (Golden Edge)</channel>
    <channel update="i" site="movistar.co.EK" site_id="LCH2651##00/05/66/5668137_6D620699F1A408DE.png" xmltv_id="GOLDEN HD (Golden HD)">GOLDEN HD (Golden HD)</channel>
    <channel update="i" site="movistar.co.EK" site_id="LCH2654##00/05/66/5667840_4AF2BA6F469A85C3.png" xmltv_id="GOLDEN LATINO (Golden)">GOLDEN LATINO (Golden)</channel>
    <channel update="i" site="movistar.co.EK" site_id="LCH2627##00/05/63/5636336_BDD8EF16F5220695.png" xmltv_id="HBO (HBO)">HBO (HBO)</channel>
    <channel update="i" site="movistar.co.EK" site_id="LCH2685##00/05/66/5666874_332B9371E0A12BA0.png" xmltv_id="HBO (HBO HD)">HBO (HBO HD)</channel>
    <channel update="i" site="movistar.co.EK" site_id="LCH2630##00/05/66/5664850_6E0747854EEEC450.png" xmltv_id="HBO 2 (HBO 2 HD)">HBO 2 (HBO 2 HD)</channel>
    <channel update="i" site="movistar.co.EK" site_id="LCH2675##00/05/66/5664846_2ACF8EB827F4D63A.png" xmltv_id="HBO 2 (HBO 2)">HBO 2 (HBO 2)</channel>
    <channel update="i" site="movistar.co.EK" site_id="LCH2661##00/05/66/5666585_A7749134D4DAA3B1.png" xmltv_id="HBO Family (HBO Family HD)">HBO Family (HBO Family HD)</channel>
    <channel update="i" site="movistar.co.EK" site_id="LCH2663##00/05/65/5659030_8B65F25D6A372F7C.png" xmltv_id="HBO FAMILY ESTE (HBO Family)">HBO FAMILY ESTE (HBO Family)</channel>
    <channel update="i" site="movistar.co.EK" site_id="LCH2617##00/05/66/5666703_E1F9030037DA1F6F.png" xmltv_id="HBO PLUS ESTE (HBO Plus)">HBO PLUS ESTE (HBO Plus)</channel>
    <channel update="i" site="movistar.co.EK" site_id="LCH2695##00/06/57/6576568_A2A32D14D21A543C.png" xmltv_id="HBO POP (HBOPOP)">HBO POP (HBOPOP)</channel>
    <channel update="i" site="movistar.co.EK" site_id="LCH2687##00/05/66/5665858_DE289A3B7936E75B.png" xmltv_id="HBO SIGNATURE (HBO Signature)">HBO SIGNATURE (HBO Signature)</channel>
    <channel update="i" site="movistar.co.EK" site_id="LCH2615##00/06/57/6576556_E09CF0BE52CF1E76.png" xmltv_id="HBO XTREME (HBO Xtreme HD)">HBO XTREME (HBO Xtreme HD)</channel>
    <channel update="i" site="movistar.co.EK" site_id="LCH2698##00/06/57/6576562_34EFB00ED5E1523F.png" xmltv_id="HBO XTREME (HBO Xtreme)">HBO XTREME (HBO Xtreme)</channel>
    <channel update="i" site="movistar.co.EK" site_id="LCH3973##00/06/50/6502146_B26126E65BFB4AE2.png" xmltv_id="HGTV (Home Garden)">HGTV (Home Garden)</channel>
    <channel update="i" site="movistar.co.EK" site_id="LCH2655##00/05/65/5650290_5B2E7751CE77DFFD.png" xmltv_id="History 2 (H2 HD)">History 2 (H2 HD)</channel>
    <channel update="i" site="movistar.co.EK" site_id="LCH2673##00/05/65/5659012_66CBE651A1FF6BDA.png" xmltv_id="HISTORY 2 (H2)">HISTORY 2 (H2)</channel>
    <channel update="i" site="movistar.co.EK" site_id="LCH2683##00/05/63/5636312_3B33B1D2D0E74CD7.png" xmltv_id="HISTORY CHANNEL (History Channel)">HISTORY CHANNEL (History Channel)</channel>
    <channel update="i" site="movistar.co.EK" site_id="LCH3773##00/06/52/6523541_39FEFBD81BFBED5F.png" xmltv_id="History Channel (History Col IPTV)">History Channel (History Col IPTV)</channel>
    <channel update="i" site="movistar.co.EK" site_id="LCH2614##00/05/65/5659037_6928213D38F51025.png" xmltv_id="HISTORY CHANNEL HD (History HD)">HISTORY CHANNEL HD (History HD)</channel>
    <channel update="i" site="movistar.co.EK" site_id="LCH2653##00/05/65/5659040_17200F9E5512297D.png" xmltv_id="¡Hola! TV (HOLA TV HD)">¡Hola! TV (HOLA TV HD)</channel>
    <channel update="i" site="movistar.co.EK" site_id="LCH2823##00/06/55/6551607_D4F6C6A08179E093.png" xmltv_id="¡HOLA! TV SD (HOLATV)">¡HOLA! TV SD (HOLATV)</channel>
    <channel update="i" site="movistar.co.EK" site_id="LCH2585##00/05/91/5912703_C3BEF85B22C7ED41.png" xmltv_id="HOME &amp; HEALTH REGIONAL (Home &amp; Health)">HOME &amp; HEALTH REGIONAL (Home &amp; Health)</channel>
    <channel update="i" site="movistar.co.EK" site_id="LCH2678##00/05/65/5659017_01807907FA56798F.png" xmltv_id="HTV (HTV)">HTV (HTV)</channel>
    <channel update="i" site="movistar.co.EK" site_id="LCH2642##00/05/65/5659027_43034478D9C1DBF4.png" xmltv_id="I-SAT (I Sat)">I-SAT (I Sat)</channel>
    <channel update="i" site="movistar.co.EK" site_id="LCH2669##00/05/65/5650292_A766E714AC155F2A.png" xmltv_id="ID - Investigation Discovery (Invest.DiscoveryHD)">ID - Investigation Discovery (Invest.DiscoveryHD)</channel>
    <channel update="i" site="movistar.co.EK" site_id="LCH2609##00/05/65/5650266_86CC8FBAAEA7099B.png" xmltv_id="INTI (INTI)">INTI (INTI)</channel>
    <channel update="i" site="movistar.co.EK" site_id="LCH2740##00/06/51/6519093_F212660D9AB85B44.png" xmltv_id="Las Estrellas (Las Estrellas HD)">Las Estrellas (Las Estrellas HD)</channel>
    <channel update="i" site="movistar.co.EK" site_id="LCH2668##00/05/63/5636331_5FB3C5D71C988EFF.png" xmltv_id="LIFETIME (Lifetime)">LIFETIME (Lifetime)</channel>
    <channel update="i" site="movistar.co.EK" site_id="LCH3686##00/06/51/6512494_24477936DBC7AAAA.png" xmltv_id="MOVISTAR E SPORT (E SPORTS)">MOVISTAR E SPORT (E SPORTS)</channel>
    <channel update="i" site="movistar.co.EK" site_id="LCH4046##00/06/50/6502147_CE0D94D80B76A691.png" xmltv_id="MOVISTAR EVENTOS (MovistarEventos)">MOVISTAR EVENTOS (MovistarEventos)</channel>
    <channel update="i" site="movistar.co.EK" site_id="LCH3290##00/06/51/6515481_E8C6C7C09A9AD734.png" xmltv_id="Movistar Series (Movistar Series HD)">Movistar Series (Movistar Series HD)</channel>
    <channel update="i" site="movistar.co.EK" site_id="LCH2826##00/06/55/6551565_C12AECCD0D7A425E.png" xmltv_id="MTV (MTV HD)">MTV (MTV HD)</channel>
    <channel update="i" site="movistar.co.EK" site_id="LCH2597##00/06/02/6029144_AAECD464D967655B.png" xmltv_id="MTV Live (MTV Live HD)">MTV Live (MTV Live HD)</channel>
    <channel update="i" site="movistar.co.EK" site_id="LCH2637##00/05/65/5650269_1143EECF4DF188C4.png" xmltv_id="NAT GEO (Nat Geo)">NAT GEO (Nat Geo)</channel>
    <channel update="i" site="movistar.co.EK" site_id="LCH2672##00/05/63/5636342_D4067E62FB28B205.png" xmltv_id="NAT GEO HD (Nat Geo HD)">NAT GEO HD (Nat Geo HD)</channel>
    <channel update="i" site="movistar.co.EK" site_id="LCH3488##00/06/52/6523294_066A1EE839F5F186.png" xmltv_id="Nat Geo Kids (Nat Geo Kids)">Nat Geo Kids (Nat Geo Kids)</channel>
    <channel update="i" site="movistar.co.EK" site_id="LCH2619##00/05/66/5664842_C534D8F9CC03A7BD.png" xmltv_id="NAT GEO WILD (Nat Geo Wild)">NAT GEO WILD (Nat Geo Wild)</channel>
    <channel update="i" site="movistar.co.EK" site_id="LCH2626##00/05/66/5664842_C534D8F9CC03A7BD.png" xmltv_id="Nat Geo Wild (Nat Geo Wild HD)">Nat Geo Wild (Nat Geo Wild HD)</channel>
    <channel update="i" site="movistar.co.EK" site_id="LCH3725##00/06/52/6523538_ED18BE0D9CB65652.png" xmltv_id="National Geographic (Nat Geo Colombia)">National Geographic (Nat Geo Colombia)</channel>
    <channel update="i" site="movistar.co.EK" site_id="LCH3801##00/06/51/6515475_A299F962D4D3C995.png" xmltv_id="NETFLIX (NETFLIX)">NETFLIX (NETFLIX)</channel>
    <channel update="i" site="movistar.co.EK" site_id="LCH2735##00/06/52/6523298_5E05A48FF212BDA3.png" xmltv_id="Nick (Nick HD)">Nick (Nick HD)</channel>
    <channel update="i" site="movistar.co.EK" site_id="LCH2734##00/06/52/6523299_3D2D15D8014926D6.png" xmltv_id="Nick Jr (Nick Jr)">Nick Jr (Nick Jr)</channel>
    <channel update="i" site="movistar.co.EK" site_id="LCH2679##" xmltv_id="NTN24 (NTN 24 horas)">NTN24 (NTN 24 horas)</channel>
    <channel update="i" site="movistar.co.EK" site_id="LCH2745##00/06/51/6512488_3FD9DEA2E2DA581F.png" xmltv_id="PARAMOUNT (Paramount)">PARAMOUNT (Paramount)</channel>
    <channel update="i" site="movistar.co.EK" site_id="LCH2741##00/06/51/6512488_3FD9DEA2E2DA581F.png" xmltv_id="Paramount Channel (Paramount HD)">Paramount Channel (Paramount HD)</channel>
    <channel update="i" site="movistar.co.EK" site_id="LCH2622##00/05/66/5666872_702AC95BFA7BA481.png" xmltv_id="PASIONES (Pasiones)">PASIONES (Pasiones)</channel>
    <channel update="i" site="movistar.co.EK" site_id="LCH2738##00/06/72/6726442_FFF4DE2DAA79BEBE.png" xmltv_id="RCN (RCN HD)">RCN (RCN HD)</channel>
    <channel update="i" site="movistar.co.EK" site_id="LCH3752##00/05/65/5650260_75D09B04F8153F8B.png" xmltv_id="Señal Colombia (Señal Colombia HD)">Señal Colombia (Señal Colombia HD)</channel>
    <channel update="i" site="movistar.co.EK" site_id="LCH2625##00/05/65/5659042_8889B20064EE1902.png" xmltv_id="Sony (Sony HD)">Sony (Sony HD)</channel>
    <channel update="i" site="movistar.co.EK" site_id="LCH2696##00/05/63/5636348_FFC35D1C4EAA7748.png" xmltv_id="Space (Space HD)">Space (Space HD)</channel>
    <channel update="i" site="movistar.co.EK" site_id="LCH2610##00/05/63/5636333_AE41B2DAD7521350.png" xmltv_id="SPACE REGIONAL (Space)">SPACE REGIONAL (Space)</channel>
    <channel update="i" site="movistar.co.EK" site_id="LCH2829##00/06/73/6730344_06A546C4DBB44752.png" xmltv_id="STINGRAY CONCERTS HD (STINGRAY)">STINGRAY CONCERTS HD (STINGRAY)</channel>
    <channel update="i" site="movistar.co.EK" site_id="LCH2632##00/05/65/5659046_2740531A585B94AC.png" xmltv_id="Studio Universal (Studio Universal HD)">Studio Universal (Studio Universal HD)</channel>
    <channel update="i" site="movistar.co.EK" site_id="LCH2635##00/05/98/5982500_56796AEDDB31954E.png" xmltv_id="STUDIO UNIVERSAL (Studio Universal)">STUDIO UNIVERSAL (Studio Universal)</channel>
    <channel update="i" site="movistar.co.EK" site_id="LCH2623##00/05/63/5636324_8C1C40737E348CDB.png" xmltv_id="TBS VERY FUNNY (TBS Very Funny)">TBS VERY FUNNY (TBS Very Funny)</channel>
    <channel update="i" site="movistar.co.EK" site_id="LCH2671##00/05/65/5650297_0BE2533B8C8EC11C.png" xmltv_id="TBS Very Funny (TBS Very Funny HD)">TBS Very Funny (TBS Very Funny HD)</channel>
    <channel update="i" site="movistar.co.EK" site_id="LCH2667##00/05/66/5666871_BBB816CF376748F9.png" xmltv_id="TCM (TCM)">TCM (TCM)</channel>
    <channel update="i" site="movistar.co.EK" site_id="LCH2750##00/06/73/6737703_74477722C5CA4FB8.png" xmltv_id="Teleantioquia (Teleantioquia)">Teleantioquia (Teleantioquia)</channel>
    <channel update="i" site="movistar.co.EK" site_id="LCH2752##00/05/65/5659003_FC1E6DCADAFA7C04.png" xmltv_id="Telecafé (Telecafe)">Telecafé (Telecafe)</channel>
    <channel update="i" site="movistar.co.EK" site_id="LCH2749##00/05/66/5665850_792391671CCAE81B.png" xmltv_id="Telecaribe (Telecaribe)">Telecaribe (Telecaribe)</channel>
    <channel update="i" site="movistar.co.EK" site_id="LCH2756##00/06/16/6160805_08A4E31058350413.png" xmltv_id="Telefé (Telefe)">Telefé (Telefe)</channel>
    <channel update="i" site="movistar.co.EK" site_id="LCH3647##00/05/65/5650259_04FA75C5B5A565BA.png" xmltv_id="Teleislas (Teleislas)">Teleislas (Teleislas)</channel>
    <channel update="i" site="movistar.co.EK" site_id="LCH3770##00/06/52/6523670_1160A8714A70955D.png" xmltv_id="Telemundo (Telemundo Col IPTV)">Telemundo (Telemundo Col IPTV)</channel>
    <channel update="i" site="movistar.co.EK" site_id="LCH2754##00/05/66/5665851_CDCAF2122C8307E1.png" xmltv_id="Telepacifico (Telepacifico)">Telepacifico (Telepacifico)</channel>
    <channel update="i" site="movistar.co.EK" site_id="LCH2670##00/05/65/5650276_23F945FC7AB54EF4.png" xmltv_id="TELESUR (Telesur)">TELESUR (Telesur)</channel>
    <channel update="i" site="movistar.co.EK" site_id="LCH2658##00/05/65/5659013_540CE07086F07981.png" xmltv_id="TLC (TLC)">TLC (TLC)</channel>
    <channel update="i" site="movistar.co.EK" site_id="LCH2697##00/05/65/5650271_64F7DEBF4071517F.png" xmltv_id="TLNOVELAS (TL Novelas)">TLNOVELAS (TL Novelas)</channel>
    <channel update="i" site="movistar.co.EK" site_id="LCH2688##00/05/66/5668133_E7D3A8C7E521D093.png" xmltv_id="TNT (TNT)">TNT (TNT)</channel>
    <channel update="i" site="movistar.co.EK" site_id="LCH3772##00/06/51/6515391_CB25EB7CDA76FB24.png" xmltv_id="TNT (TNT Col HD)">TNT (TNT Col HD)</channel>
    <channel update="i" site="movistar.co.EK" site_id="LCH2662##00/05/80/5804030_008BC8CA922B7465.png" xmltv_id="TNT HD (TNT HD)">TNT HD (TNT HD)</channel>
    <channel update="i" site="movistar.co.EK" site_id="LCH2640##00/05/63/5636332_0E95F20E8E3495D9.png" xmltv_id="TNT SERIES (TNT Series)">TNT SERIES (TNT Series)</channel>
    <channel update="i" site="movistar.co.EK" site_id="LCH2648##00/05/63/5636332_0E95F20E8E3495D9.png" xmltv_id="TNT Series (TNT Series HD)">TNT Series (TNT Series HD)</channel>
    <channel update="i" site="movistar.co.EK" site_id="LCH2690##00/05/65/5659011_B3BD037A68390E22.png" xmltv_id="TOONCAST (Tooncast)">TOONCAST (Tooncast)</channel>
    <channel update="i" site="movistar.co.EK" site_id="LCH2624##00/05/65/5650279_D4489B47EA506452.png" xmltv_id="UNIVERSAL CHANNEL (Universal)">UNIVERSAL CHANNEL (Universal)</channel>
    <channel update="i" site="movistar.co.EK" site_id="LCH2629##00/05/65/5650296_1027B2745DA2A4A2.png" xmltv_id="Universal TV (Universal HD)">Universal TV (Universal HD)</channel>
    <channel update="i" site="movistar.co.EK" site_id="LCH2762##00/06/69/6693622_E2EBE53F5E6D025B.png" xmltv_id="VH1 (VH1 HD)">VH1 (VH1 HD)</channel>
    <channel update="i" site="movistar.co.EK" site_id="LCH3769##00/06/51/6515477_3BB7C82967F46BD5.png" xmltv_id="Warner Channel (Warner Col IPTV)">Warner Channel (Warner Col IPTV)</channel>
    <channel update="i" site="movistar.co.EK" site_id="LCH2646##00/05/65/5650294_414481BABE43C1D2.png" xmltv_id="WARNER CHANNEL HD (Warner HD)">WARNER CHANNEL HD (Warner HD)</channel>
    <channel update="i" site="movistar.co.EK" site_id="LCH2645##00/05/65/5659022_784CC3A5F58A93AA.png" xmltv_id="WARNER CHANNEL REGIONAL (Warner Channel)">WARNER CHANNEL REGIONAL (Warner Channel)</channel>
    <channel update="i" site="movistar.co.EK" site_id="LCH2761##00/06/73/6737707_F9A7AE02A016370E.png" xmltv_id="Win Sports (Win Sports HD)">Win Sports (Win Sports HD)</channel>
    <channel update="i" site="movistar.co.EK" site_id="LCH3972##00/06/50/6502118_A3D837B2E9C01F60.png" xmltv_id="Win Sports+ (Win Sports P HD)">Win Sports+ (Win Sports P HD)</channel>
  </channels>
</site>