﻿<?xml version="1.0" encoding="UTF-8"?>
<site generator-info-name="WebGrab+Plus/w MDB &amp; REX Postprocess -- version  V3.0.0.0 -- Jan van Straaten" site="kava.ee">
  <channels>
    <channel update="i" site="kava.ee.E" site_id="etv##logo_64_11_1445933963.png" xmltv_id="ETV">ETV</channel>
    <channel update="i" site="kava.ee.E" site_id="etv2##logo_64_9_1538126181.png" xmltv_id="ETV2">ETV2</channel>
    <channel update="i" site="kava.ee.E" site_id="kanal2##logo_64_12_1418120791.png" xmltv_id="Kanal2">Kanal2</channel>
    <channel update="i" site="kava.ee.E" site_id="tv3##logo_64_13_1578384227.png" xmltv_id="TV3">TV3</channel>
    <channel update="i" site="kava.ee.E" site_id="tv6##logo_64_6_1496241861.png" xmltv_id="TV6">TV6</channel>
    <channel update="i" site="kava.ee.E" site_id="kanal-11##logo_64_10_1535377930.png" xmltv_id="Kanal 11">Kanal 11</channel>
    <channel update="i" site="kava.ee.E" site_id="kanal-12##logo_64_25_1507318663.jpg" xmltv_id="Kanal 12">Kanal 12</channel>
    <channel update="i" site="kava.ee.E" site_id="fox-life##logo_64_914_1418124636.png" xmltv_id="Fox Life">Fox Life</channel>
    <channel update="i" site="kava.ee.E" site_id="fox##logo_64_908_1454493659.png" xmltv_id="Fox ">Fox </channel>
    <channel update="i" site="kava.ee.E" site_id="etv-1##logo_64_962_1443087959.png" xmltv_id="ETV+">ETV+</channel>
    <channel update="i" site="kava.ee.E" site_id="pbk##logo_64_135_1441632251.png" xmltv_id="PBK">PBK</channel>
    <channel update="i" site="kava.ee.E" site_id="rentv-eesti##logo_64_198_1454493623.png" xmltv_id="RENTV Eesti">RENTV Eesti</channel>
    <channel update="i" site="kava.ee.E" site_id="3##logo_64_136_1543475295.png" xmltv_id="3+">3+</channel>
    <channel update="i" site="kava.ee.E" site_id="myhits##logo_64_19_1491299915.png" xmltv_id="MyHits">MyHits</channel>
    <channel update="i" site="kava.ee.E" site_id="inspira##logo_64_251_1580203762.png" xmltv_id="Inspira">Inspira</channel>
    <channel update="i" site="kava.ee.E" site_id="sony-channel-eesti##logo_64_576_1491224554.png" xmltv_id="Sony Channel Eesti">Sony Channel Eesti</channel>
    <channel update="i" site="kava.ee.E" site_id="sony-turbo-eesti##logo_64_729_1483088862.png" xmltv_id="Sony Turbo Eesti">Sony Turbo Eesti</channel>
    <channel update="i" site="kava.ee.E" site_id="eesti-kanal##logo_64_391_1526288142.png" xmltv_id="EESTI KANAL">EESTI KANAL</channel>
    <channel update="i" site="kava.ee.E" site_id="eesti-kanal-pluss##logo_64_392_1526302452.png" xmltv_id="EESTI KANAL PLUSS">EESTI KANAL PLUSS</channel>
    <channel update="i" site="kava.ee.E" site_id="entusiasttv##logo_64_803_1509632266.jpg" xmltv_id="EntusiastTV">EntusiastTV</channel>
    <channel update="i" site="kava.ee.E" site_id="yle1##logo_64_15_1491301700.png" xmltv_id="YLE1">YLE1</channel>
    <channel update="i" site="kava.ee.E" site_id="yle2##logo_64_16_1474896549.png" xmltv_id="YLE2">YLE2</channel>
    <channel update="i" site="kava.ee.E" site_id="mtv3##logo_64_17_1474896641.png" xmltv_id="MTV3">MTV3</channel>
    <channel update="i" site="kava.ee.E" site_id="taevas-tv7##logo_64_996_1513074136.png" xmltv_id="Taevas TV7">Taevas TV7</channel>
    <channel update="i" site="kava.ee.E" site_id="nelonen##logo_64_18_1474972372.png" xmltv_id="Nelonen">Nelonen</channel>
    <channel update="i" site="kava.ee.E" site_id="ntv-mir-est##logo_64_931_1491299393.png" xmltv_id="НТВ-Мир EST">НТВ-Мир EST</channel>
    <channel update="i" site="kava.ee.E" site_id="tnt-international-levira##logo_64_438_1490875596.png" xmltv_id="ТНТ International (Levira)">ТНТ International (Levira)</channel>
    <channel update="i" site="kava.ee.E" site_id="rentv-baltic##logo_64_199_1490875230.png" xmltv_id="RenTV Baltic">RenTV Baltic</channel>
    <channel update="i" site="kava.ee.E" site_id="ntv-mir##logo_64_106_1454492760.png" xmltv_id="НТВ-Мир">НТВ-Мир</channel>
    <channel update="i" site="kava.ee.E" site_id="rtr-planeta-baltiya##logo_64_195_1490875338.png" xmltv_id="РТР Планета Балтия">РТР Планета Балтия</channel>
    <channel update="i" site="kava.ee.E" site_id="rtr-planeta##logo_64_129_1490878570.png" xmltv_id="РТР Планета">РТР Планета</channel>
    <channel update="i" site="kava.ee.E" site_id="tvn##logo_64_133_1575377792.png" xmltv_id="TVN">TVN</channel>
    <channel update="i" site="kava.ee.E" site_id="sts-baltiya##logo_64_546_1490875440.png" xmltv_id="СТС Балтия">СТС Балтия</channel>
    <channel update="i" site="kava.ee.E" site_id="rtv-international##logo_64_115_1490881544.png" xmltv_id="РТВ International">РТВ International</channel>
    <channel update="i" site="kava.ee.E" site_id="okhota-i-rybalka##logo_64_145_1454423846.png" xmltv_id="Охота и рыбалка">Охота и рыбалка</channel>
    <channel update="i" site="kava.ee.E" site_id="zdorovoe-tv##logo_64_149_1467182012.png" xmltv_id="Здоровое ТВ">Здоровое ТВ</channel>
    <channel update="i" site="kava.ee.E" site_id="match-futbol-1##logo_64_123_1467124119.png" xmltv_id="Матч! Футбол 1">Матч! Футбол 1</channel>
    <channel update="i" site="kava.ee.E" site_id="rossiya-1##logo_64_103_1490878268.png" xmltv_id="Россия 1">Россия 1</channel>
    <channel update="i" site="kava.ee.E" site_id="illyuzion##logo_64_411_1490790811.png" xmltv_id="Иллюзион +">Иллюзион +</channel>
    <channel update="i" site="kava.ee.E" site_id="zvezda##logo_64_114_1481548141.png" xmltv_id="Звезда">Звезда</channel>
    <channel update="i" site="kava.ee.E" site_id="domashnie-zhivotnye##logo_64_125_1467181918.png" xmltv_id="Домашние животные">Домашние животные</channel>
    <channel update="i" site="kava.ee.E" site_id="orsent##logo_64_32_1428407915.png" xmltv_id="Orsent">Orsent</channel>
    <channel update="i" site="kava.ee.E" site_id="tv1000-kino##logo_64_978_1490875981.png" xmltv_id="TV1000 Kino">TV1000 Kino</channel>
    <channel update="i" site="kava.ee.E" site_id="amedia-premium##logo_64_341_1468936919.png" xmltv_id="Амедиа Премиум">Амедиа Премиум</channel>
    <channel update="i" site="kava.ee.E" site_id="voprosy-i-otvety##logo_64_132_1467116165.png" xmltv_id="Вопросы и ответы">Вопросы и ответы</channel>
    <channel update="i" site="kava.ee.E" site_id="dozhd##logo_64_164_1491388993.png" xmltv_id="Дождь">Дождь</channel>
    <channel update="i" site="kava.ee.E" site_id="tvts##logo_64_104_1490878961.png" xmltv_id="ТВЦ">ТВЦ</channel>
    <channel update="i" site="kava.ee.E" site_id="epic-drama##logo_64_242_1520516293.png" xmltv_id="Epic Drama">Epic Drama</channel>
    <channel update="i" site="kava.ee.E" site_id="bbc-entertainment##logo_64_26_1470129526.png" xmltv_id="BBC Entertainment">BBC Entertainment</channel>
    <channel update="i" site="kava.ee.E" site_id="tv3-film##logo_64_975_1575344844.png" xmltv_id="TV3 Film">TV3 Film</channel>
    <channel update="i" site="kava.ee.E" site_id="filmzone-estonia##logo_64_860_1580158158.png" xmltv_id="Filmzone Estonia">Filmzone Estonia</channel>
    <channel update="i" site="kava.ee.E" site_id="filmzone-latvia##logo_64_927_1436953134.png" xmltv_id="Filmzone Latvia">Filmzone Latvia</channel>
    <channel update="i" site="kava.ee.E" site_id="filmzone##logo_64_926_1454492851.png" xmltv_id="FILMZONE+">FILMZONE+</channel>
    <channel update="i" site="kava.ee.E" site_id="tv1000##logo_64_977_1490875718.png" xmltv_id="TV1000">TV1000</channel>
    <channel update="i" site="kava.ee.E" site_id="tv1000-action##logo_64_976_1490875823.png" xmltv_id="TV1000 Action">TV1000 Action</channel>
    <channel update="i" site="kava.ee.E" site_id="vip-comedy##logo_64_314_1520573015.png" xmltv_id="VIP Comedy">VIP Comedy</channel>
    <channel update="i" site="kava.ee.E" site_id="tv-21##logo_64_935_1467120554.png" xmltv_id="TV-21">TV-21</channel>
    <channel update="i" site="kava.ee.E" site_id="filmbox-art-house##logo_64_66_1468936461.png" xmltv_id="FilmBox Art House">FilmBox Art House</channel>
    <channel update="i" site="kava.ee.E" site_id="retro##logo_64_150_1467182508.png" xmltv_id="Ретро">Ретро</channel>
    <channel update="i" site="kava.ee.E" site_id="indiya-tv##logo_64_168_1467209929.png" xmltv_id="Индия ТВ">Индия ТВ</channel>
    <channel update="i" site="kava.ee.E" site_id="dom-kino##logo_64_142_1467122062.png" xmltv_id="Дом Кино">Дом Кино</channel>
    <channel update="i" site="kava.ee.E" site_id="amc##logo_64_165_1490880316.png" xmltv_id="AMC">AMC</channel>
    <channel update="i" site="kava.ee.E" site_id="amedia-2##logo_64_152_1454419507.png" xmltv_id="АМЕДИА 2">АМЕДИА 2</channel>
    <channel update="i" site="kava.ee.E" site_id="tv3-sport##logo_64_919_1575344906.png" xmltv_id="TV3 Sport">TV3 Sport</channel>
    <channel update="i" site="kava.ee.E" site_id="tv3-sport-2##logo_64_1101_1575344950.png" xmltv_id="TV3 Sport 2">TV3 Sport 2</channel>
    <channel update="i" site="kava.ee.E" site_id="eurosport-1##logo_64_60_1470307829.jpg" xmltv_id="Eurosport 1">Eurosport 1</channel>
    <channel update="i" site="kava.ee.E" site_id="eurosport-2-bundesliga##logo_64_58_1467181497.png" xmltv_id="Eurosport 2 (Bundesliga)">Eurosport 2 (Bundesliga)</channel>
    <channel update="i" site="kava.ee.E" site_id="setanta-eurasia##logo_64_933_1454422589.png" xmltv_id="Setanta Eurasia">Setanta Eurasia</channel>
    <channel update="i" site="kava.ee.E" site_id="nba##logo_64_338_1454420591.png" xmltv_id="NBA">NBA</channel>
    <channel update="i" site="kava.ee.E" site_id="viasat-sport-east##logo_64_361_1454492607.png" xmltv_id="VIASAT Sport East">VIASAT Sport East</channel>
    <channel update="i" site="kava.ee.E" site_id="viasat-motor##logo_64_554_1420787608.png" xmltv_id="Viasat Motor">Viasat Motor</channel>
    <channel update="i" site="kava.ee.E" site_id="viasat-golf##logo_64_925_1420787553.png" xmltv_id="Viasat Golf">Viasat Golf</channel>
    <channel update="i" site="kava.ee.E" site_id="extreme-sports##logo_64_86_1467181586.png" xmltv_id="Extreme Sports">Extreme Sports</channel>
    <channel update="i" site="kava.ee.E" site_id="viasat-hockey##logo_64_967_1418122305.png" xmltv_id="Viasat Hockey">Viasat Hockey</channel>
    <channel update="i" site="kava.ee.E" site_id="motorsport-tv##logo_64_85_1488309418.png" xmltv_id="Motorsport TV">Motorsport TV</channel>
    <channel update="i" site="kava.ee.E" site_id="fight-sports-tv##logo_64_182_1465551547.png" xmltv_id="Fight Sports TV">Fight Sports TV</channel>
    <channel update="i" site="kava.ee.E" site_id="sport1##logo_64_608_1491309276.png" xmltv_id="Sport1">Sport1</channel>
    <channel update="i" site="kava.ee.E" site_id="nautical-channel##logo_64_911_1491315993.png" xmltv_id="Nautical Channel">Nautical Channel</channel>
    <channel update="i" site="kava.ee.E" site_id="avto-24##logo_64_408_1467121612.png" xmltv_id="Авто 24">Авто 24</channel>
    <channel update="i" site="kava.ee.E" site_id="discovery-channel-ce##logo_64_41_1467121099.png" xmltv_id="Discovery Channel CE">Discovery Channel CE</channel>
    <channel update="i" site="kava.ee.E" site_id="animal-planet-eu##logo_64_40_1454492022.png" xmltv_id="Animal Planet EU">Animal Planet EU</channel>
    <channel update="i" site="kava.ee.E" site_id="animal-planet-hd##logo_64_426_1491317116.png" xmltv_id="Animal Planet HD">Animal Planet HD</channel>
    <channel update="i" site="kava.ee.E" site_id="discovery-hd-showcase##logo_64_928_1491317225.png" xmltv_id="Discovery HD Showcase">Discovery HD Showcase</channel>
    <channel update="i" site="kava.ee.E" site_id="discovery-id-xtra##logo_64_29_1491317400.png" xmltv_id="Discovery ID XTRA">Discovery ID XTRA</channel>
    <channel update="i" site="kava.ee.E" site_id="discovery-science-eu##logo_64_43_1454492882.png" xmltv_id="Discovery Science EU">Discovery Science EU</channel>
    <channel update="i" site="kava.ee.E" site_id="discovery-world-eu##logo_64_42_1491373024.png" xmltv_id="Discovery World EU">Discovery World EU</channel>
    <channel update="i" site="kava.ee.E" site_id="tlc-pan##logo_64_425_1454422602.png" xmltv_id="TLC Pan">TLC Pan</channel>
    <channel update="i" site="kava.ee.E" site_id="national-geographic-baltic##logo_64_22_1491314775.png" xmltv_id="National Geographic Baltic">National Geographic Baltic</channel>
    <channel update="i" site="kava.ee.E" site_id="viasat-history##logo_64_973_1420814953.png" xmltv_id="Viasat History">Viasat History</channel>
    <channel update="i" site="kava.ee.E" site_id="viasat-explore-nordic##logo_64_972_1420814929.png" xmltv_id="Viasat Explore Nordic">Viasat Explore Nordic</channel>
    <channel update="i" site="kava.ee.E" site_id="viasat-nature-east##logo_64_958_1420814982.png" xmltv_id="VIASAT Nature East">VIASAT Nature East</channel>
    <channel update="i" site="kava.ee.E" site_id="history-europe##logo_64_963_1456822543.png" xmltv_id="History Europe">History Europe</channel>
    <channel update="i" site="kava.ee.E" site_id="travel-channel##logo_64_48_1490877373.png" xmltv_id="Travel Channel">Travel Channel</channel>
    <channel update="i" site="kava.ee.E" site_id="national-geographic-channel-hd##logo_64_936_1454495068.png" xmltv_id="National Geographic Channel HD">National Geographic Channel HD</channel>
    <channel update="i" site="kava.ee.E" site_id="nat-geo-wild-europe##logo_64_49_1418121648.png" xmltv_id="Nat Geo Wild Europe">Nat Geo Wild Europe</channel>
    <channel update="i" site="kava.ee.E" site_id="smartzone-tv##logo_64_761_1579961177.jpg" xmltv_id="Smartzone TV">Smartzone TV</channel>
    <channel update="i" site="kava.ee.E" site_id="sat-1##logo_64_55_1491308795.png" xmltv_id="SAT 1">SAT 1</channel>
    <channel update="i" site="kava.ee.E" site_id="deutche-welle##logo_64_56_1491303225.png" xmltv_id="Deutche Welle">Deutche Welle</channel>
    <channel update="i" site="kava.ee.E" site_id="ard##logo_64_604_1491303074.png" xmltv_id="ARD">ARD</channel>
    <channel update="i" site="kava.ee.E" site_id="3sat##logo_64_605_1491302794.png" xmltv_id="3SAT">3SAT</channel>
    <channel update="i" site="kava.ee.E" site_id="kika##logo_64_606_1491313488.png" xmltv_id="KIKA">KIKA</channel>
    <channel update="i" site="kava.ee.E" site_id="zdf##logo_64_607_1491309624.png" xmltv_id="ZDF">ZDF</channel>
    <channel update="i" site="kava.ee.E" site_id="n24##logo_64_609_1491307792.png" xmltv_id="N24">N24</channel>
    <channel update="i" site="kava.ee.E" site_id="kabel-eins##logo_64_610_1491303405.png" xmltv_id="Kabel Eins">Kabel Eins</channel>
    <channel update="i" site="kava.ee.E" site_id="vox##logo_64_611_1491309576.png" xmltv_id="VOX">VOX</channel>
    <channel update="i" site="kava.ee.E" site_id="pro-7##logo_64_54_1491308520.png" xmltv_id="PRO 7">PRO 7</channel>
    <channel update="i" site="kava.ee.E" site_id="rtl-2##logo_64_53_1491308706.png" xmltv_id="RTL 2">RTL 2</channel>
    <channel update="i" site="kava.ee.E" site_id="rtl##logo_64_50_1491308627.png" xmltv_id="RTL">RTL</channel>
    <channel update="i" site="kava.ee.E" site_id="super-rtl##logo_64_51_1491309417.png" xmltv_id="Super RTL">Super RTL</channel>
    <channel update="i" site="kava.ee.E" site_id="sixx##logo_64_828_1491308981.png" xmltv_id="SIXX">SIXX</channel>
    <channel update="i" site="kava.ee.E" site_id="arte##logo_64_59_1491303157.png" xmltv_id="Arte">Arte</channel>
    <channel update="i" site="kava.ee.E" site_id="mtv-music##logo_64_67_1491913291.png" xmltv_id="MTV Music">MTV Music</channel>
    <channel update="i" site="kava.ee.E" site_id="vh1-euro-imm##logo_64_68_1418121432.png" xmltv_id="VH1 Euro IMM">VH1 Euro IMM</channel>
    <channel update="i" site="kava.ee.E" site_id="mtv-hits##logo_64_69_1491913231.png" xmltv_id="MTV Hits">MTV Hits</channel>
    <channel update="i" site="kava.ee.E" site_id="mtv-dance##logo_64_71_1491913133.png" xmltv_id="MTV Dance">MTV Dance</channel>
    <channel update="i" site="kava.ee.E" site_id="mezzo##logo_64_74_1467118253.png" xmltv_id="Mezzo">Mezzo</channel>
    <channel update="i" site="kava.ee.E" site_id="mtv-europe##logo_64_75_1467114450.png" xmltv_id="MTV Europe">MTV Europe</channel>
    <channel update="i" site="kava.ee.E" site_id="mtv-rocks##logo_64_77_1491913315.png" xmltv_id="MTV Rocks">MTV Rocks</channel>
    <channel update="i" site="kava.ee.E" site_id="mcm-top##logo_64_97_1467118162.png" xmltv_id="MCM TOP">MCM TOP</channel>
    <channel update="i" site="kava.ee.E" site_id="mtv-live-hd##logo_64_964_1491913264.png" xmltv_id="MTV Live HD">MTV Live HD</channel>
    <channel update="i" site="kava.ee.E" site_id="trace-urban##logo_64_94_1467115531.png" xmltv_id="Trace Urban">Trace Urban</channel>
    <channel update="i" site="kava.ee.E" site_id="viva##logo_64_73_1491313536.png" xmltv_id="VIVA">VIVA</channel>
    <channel update="i" site="kava.ee.E" site_id="kidzone-pluss-estonia##logo_64_583_1454492658.png" xmltv_id=" Kidzone Pluss Estonia"> Kidzone Pluss Estonia</channel>
    <channel update="i" site="kava.ee.E" site_id="kidzone-tv##logo_64_91_1454492716.png" xmltv_id="Kidzone TV">Kidzone TV</channel>
    <channel update="i" site="kava.ee.E" site_id="nickelodeon-estonia##logo_64_552_1579961080.png" xmltv_id="Nickelodeon Estonia">Nickelodeon Estonia</channel>
    <channel update="i" site="kava.ee.E" site_id="nickelodeon-euro##logo_64_960_1418121302.png" xmltv_id="Nickelodeon EURO">Nickelodeon EURO</channel>
    <channel update="i" site="kava.ee.E" site_id="lolo-tv##logo_64_942_1491299835.png" xmltv_id="Lolo TV">Lolo TV</channel>
    <channel update="i" site="kava.ee.E" site_id="cartoon-network-rse##logo_64_959_1454423513.png" xmltv_id="Cartoon Network RSE">Cartoon Network RSE</channel>
    <channel update="i" site="kava.ee.E" site_id="boomerang-baltic-cee##logo_64_88_1467110641.png" xmltv_id="Boomerang Baltic (CEE)">Boomerang Baltic (CEE)</channel>
    <channel update="i" site="kava.ee.E" site_id="disney-xd##logo_64_907_1454492863.png" xmltv_id="Disney XD">Disney XD</channel>
    <channel update="i" site="kava.ee.E" site_id="disney-junior##logo_64_906_1454571629.png" xmltv_id="Disney Junior">Disney Junior</channel>
    <channel update="i" site="kava.ee.E" site_id="disney-channel##logo_64_905_1491379607.png" xmltv_id="Disney Channel">Disney Channel</channel>
    <channel update="i" site="kava.ee.E" site_id="nick-jr##logo_64_560_1454415832.png" xmltv_id="Nick Jr.">Nick Jr.</channel>
    <channel update="i" site="kava.ee.E" site_id="baby-tv##logo_64_909_1454421888.png" xmltv_id="Baby TV">Baby TV</channel>
    <channel update="i" site="kava.ee.E" site_id="gulli##logo_64_938_1491302239.png" xmltv_id="Gulli">Gulli</channel>
    <channel update="i" site="kava.ee.E" site_id="tiji##logo_64_939_1491302305.png" xmltv_id="TiJi">TiJi</channel>
    <channel update="i" site="kava.ee.E" site_id="detskiy-mir-teleklub##logo_64_543_1481548036.jpg" xmltv_id="Детский мир + Телеклуб">Детский мир + Телеклуб</channel>
    <channel update="i" site="kava.ee.E" site_id="kidzone##logo_64_896_1481633024.png" xmltv_id="Kidzone+">Kidzone+</channel>
    <channel update="i" site="kava.ee.E" site_id="cnbc-europe##logo_64_98_1418120898.png" xmltv_id="CNBC Europe">CNBC Europe</channel>
    <channel update="i" site="kava.ee.E" site_id="cnn##logo_64_78_1418120947.png" xmltv_id="CNN">CNN</channel>
    <channel update="i" site="kava.ee.E" site_id="euronews##logo_64_79_1491386244.png" xmltv_id="Euronews">Euronews</channel>
    <channel update="i" site="kava.ee.E" site_id="bbc-world##logo_64_80_1472213898.png" xmltv_id="BBC World">BBC World</channel>
    <channel update="i" site="kava.ee.E" site_id="bloomberg##logo_64_81_1491385922.png" xmltv_id="Bloomberg">Bloomberg</channel>
    <channel update="i" site="kava.ee.E" site_id="rossiya-24##logo_64_640_1397723719.jpg" xmltv_id="Россия 24">Россия 24</channel>
    <channel update="i" site="kava.ee.E" site_id="france-24-uk##logo_64_904_1467117619.png" xmltv_id="France 24 UK">France 24 UK</channel>
    <channel update="i" site="kava.ee.E" site_id="arirang-tv##logo_64_913_1481548249.png" xmltv_id="Arirang TV">Arirang TV</channel>
    <channel update="i" site="kava.ee.E" site_id="al-jazeera##logo_64_903_1491385662.png" xmltv_id="Al Jazeera">Al Jazeera</channel>
    <channel update="i" site="kava.ee.E" site_id="tv5monde-europe##logo_64_95_1491302166.png" xmltv_id="TV5Monde Europe">TV5Monde Europe</channel>
    <channel update="i" site="kava.ee.E" site_id="klassikaraadio##logo_64_915_1491300084.png" xmltv_id="Klassikaraadio">Klassikaraadio</channel>
    <channel update="i" site="kava.ee.E" site_id="vikerraadio##logo_64_33_1538126488.png" xmltv_id="Vikerraadio">Vikerraadio</channel>
    <channel update="i" site="kava.ee.E" site_id="raadio2##logo_64_35_1491300173.png" xmltv_id="Raadio2">Raadio2</channel>
    <channel update="i" site="kava.ee.E" site_id="kuku-raadio##logo_64_45_1491300135.png" xmltv_id="Kuku Raadio">Kuku Raadio</channel>
    <channel update="i" site="kava.ee.E" site_id="elmar-raadio##logo_64_46_1491300005.png" xmltv_id="Elmar raadio">Elmar raadio</channel>
  </channels>
</site>