<?xml version="1.0" encoding="UTF-8"?>
<site generator-info-name="WebGrab+Plus/w MDB &amp; REX Postprocess -- version V2.1.4 -- Jan van Straaten" site="tvguide.dk">
  <channels>
    <channel update="i" site="tvguide.dk" site_id="dr1" xmltv_id="DR1">DR1</channel>
    <channel update="i" site="tvguide.dk" site_id="tv2" xmltv_id="TV2">TV2</channel>
    <channel update="i" site="tvguide.dk" site_id="tv3" xmltv_id="TV3">TV3</channel>
    <channel update="i" site="tvguide.dk" site_id="kanal-5" xmltv_id="Kanal 5">Kanal 5</channel>
    <channel update="i" site="tvguide.dk" site_id="dr2" xmltv_id="DR2">DR2</channel>
    <channel update="i" site="tvguide.dk" site_id="tv2-zulu" xmltv_id="TV2 Zulu">TV2 Zulu</channel>
    <channel update="i" site="tvguide.dk" site_id="tv3-plus" xmltv_id="TV3+">TV3+</channel>
    <channel update="i" site="tvguide.dk" site_id="6eren" xmltv_id="6'eren">6'eren</channel>
    <channel update="i" site="tvguide.dk" site_id="dr3" xmltv_id="DR3">DR3</channel>
    <channel update="i" site="tvguide.dk" site_id="tv2-charlie" xmltv_id="TV2 Charlie">TV2 Charlie</channel>
    <channel update="i" site="tvguide.dk" site_id="tv3-puls" xmltv_id="TV3 Puls">TV3 Puls</channel>
    <channel update="i" site="tvguide.dk" site_id="kanal-4" xmltv_id="Kanal 4">Kanal 4</channel>
    <channel update="i" site="tvguide.dk" site_id="dr-k" xmltv_id="DRK">DRK</channel>
    <channel update="i" site="tvguide.dk" site_id="tv2-fri" xmltv_id="TV2 FRI">TV2 FRI</channel>
    <channel update="i" site="tvguide.dk" site_id="tv3-max" xmltv_id="TV3 Max">TV3 Max</channel>
    <channel update="i" site="tvguide.dk" site_id="discovery-channel" xmltv_id="Discovery Channel">Discovery Channel</channel>
    <channel update="i" site="tvguide.dk" site_id="dr-ultra" xmltv_id="DR Ultra">DR Ultra</channel>
    <channel update="i" site="tvguide.dk" site_id="tv2-sport" xmltv_id="TV2 Sport">TV2 Sport</channel>
    <channel update="i" site="tvguide.dk" site_id="tv3-sport" xmltv_id="TV3 Sport">TV3 Sport</channel>
    <channel update="i" site="tvguide.dk" site_id="canal-9" xmltv_id="Canal 9">Canal 9</channel>
    <channel update="i" site="tvguide.dk" site_id="dr-ramasjang" xmltv_id="DR Ramasjang">DR Ramasjang</channel>
    <channel update="i" site="tvguide.dk" site_id="eurosport-2" xmltv_id="Eurosport 2">Eurosport 2</channel>
    <channel update="i" site="tvguide.dk" site_id="eurosport" xmltv_id="Eurosport 1">Eurosport 1</channel>
    <channel update="i" site="tvguide.dk" site_id="tlc" xmltv_id="TLC">TLC</channel>
    <channel update="i" site="tvguide.dk" site_id="animal-planet" xmltv_id="Animal Planet">Animal Planet</channel>
    <channel update="i" site="tvguide.dk" site_id="national-geographic" xmltv_id="National Geographic">National Geographic</channel>
    <channel update="i" site="tvguide.dk" site_id="discovery-science" xmltv_id="Discovery Science">Discovery Science</channel>
    <channel update="i" site="tvguide.dk" site_id="xee" xmltv_id="Xee">Xee</channel>
    <channel update="i" site="tvguide.dk" site_id="viasat-golf" xmltv_id="Viasat Golf">Viasat Golf</channel>
    <channel update="i" site="tvguide.dk" site_id="viasat-film-premiere" xmltv_id="Viasat Film Premiere">Viasat Film Premiere</channel>
    <channel update="i" site="tvguide.dk" site_id="viasat-film-hits" xmltv_id="Viasat Film Hits">Viasat Film Hits</channel>
    <channel update="i" site="tvguide.dk" site_id="viasat-film-family" xmltv_id="Viasat Film Family">Viasat Film Family</channel>
    <channel update="i" site="tvguide.dk" site_id="viasat-film-action" xmltv_id="Viasat Film Action">Viasat Film Action</channel>
    <channel update="i" site="tvguide.dk" site_id="sf-kanalen" xmltv_id="SF-kanalen">SF-kanalen</channel>
    <channel update="i" site="tvguide.dk" site_id="viasat-series" xmltv_id="Viasat Series">Viasat Series</channel>
    <channel update="i" site="tvguide.dk" site_id="national-geographic-people" xmltv_id="National Geographic People">National Geographic People</channel>
    <channel update="i" site="tvguide.dk" site_id="national-geographic-wild" xmltv_id="National Geographic Wild">National Geographic Wild</channel>
    <channel update="i" site="tvguide.dk" site_id="nickjr" xmltv_id="Nick Jr">Nick Jr</channel>
    <channel update="i" site="tvguide.dk" site_id="nickelodeon" xmltv_id="Nickelodeon">Nickelodeon</channel>
    <channel update="i" site="tvguide.dk" site_id="viasat-ultra-hd" xmltv_id="Viasat Ultra HD">Viasat Ultra HD</channel>
    <channel update="i" site="tvguide.dk" site_id="tv2-news" xmltv_id="TV2 News">TV2 News</channel>
    <channel update="i" site="tvguide.dk" site_id="c-more-hits" xmltv_id="C More Hits">C More Hits</channel>
    <channel update="i" site="tvguide.dk" site_id="c-more-series-hd" xmltv_id="C More Series HD">C More Series HD</channel>
    <channel update="i" site="tvguide.dk" site_id="c-more-series" xmltv_id="C More Series">C More Series</channel>
    <channel update="i" site="tvguide.dk" site_id="c-more-hits-hd" xmltv_id="C More Hits HD">C More Hits HD</channel>
    <channel update="i" site="tvguide.dk" site_id="c-more-first-hd" xmltv_id="C More First HD">C More First HD</channel>
    <channel update="i" site="tvguide.dk" site_id="c-more-first" xmltv_id="C More First">C More First</channel>
    <channel update="i" site="tvguide.dk" site_id="comedy-central" xmltv_id="Comedy Central">Comedy Central</channel>
    <channel update="i" site="tvguide.dk" site_id="id" xmltv_id="ID">ID</channel>
    <channel update="i" site="tvguide.dk" site_id="dk4" xmltv_id="DK4">DK4</channel>
    <channel update="i" site="tvguide.dk" site_id="disney" xmltv_id="Disney Channel">Disney Channel</channel>
    <channel update="i" site="tvguide.dk" site_id="esports-tv" xmltv_id="eSports TV">eSports TV</channel>
    <channel update="i" site="tvguide.dk" site_id="la-1" xmltv_id="LA 1">LA 1</channel>
    <channel update="i" site="tvguide.dk" site_id="la-2" xmltv_id="LA 2">LA 2</channel>
    <channel update="i" site="tvguide.dk" site_id="antena-3" xmltv_id="Antena 3">Antena 3</channel>
    <channel update="i" site="tvguide.dk" site_id="cuatro" xmltv_id="Cuatro">Cuatro</channel>
    <channel update="i" site="tvguide.dk" site_id="telecinco" xmltv_id="Telecinco">Telecinco</channel>
    <channel update="i" site="tvguide.dk" site_id="la-sexta" xmltv_id="La Sexta">La Sexta</channel>
    <channel update="i" site="tvguide.dk" site_id="paramount-channel" xmltv_id="Paramount Channel">Paramount Channel</channel>
    <channel update="i" site="tvguide.dk" site_id="divinity" xmltv_id="Divinity">Divinity</channel>
    <channel update="i" site="tvguide.dk" site_id="dkiss" xmltv_id="DKISS">DKISS</channel>
    <channel update="i" site="tvguide.dk" site_id="ten" xmltv_id="Ten">Ten</channel>
    <channel update="i" site="tvguide.dk" site_id="be-mad" xmltv_id="BE MAD">BE MAD</channel>
    <channel update="i" site="tvguide.dk" site_id="discovery-max" xmltv_id="Discovery Max">Discovery Max</channel>
    <channel update="i" site="tvguide.dk" site_id="energy" xmltv_id="Energy">Energy</channel>
    <channel update="i" site="tvguide.dk" site_id="factoria-de-ficcion" xmltv_id="Factoría de Ficción">Factoría de Ficción</channel>
    <channel update="i" site="tvguide.dk" site_id="atreseries" xmltv_id="Atreseries">Atreseries</channel>
    <channel update="i" site="tvguide.dk" site_id="nova" xmltv_id="Nova">Nova</channel>
    <channel update="i" site="tvguide.dk" site_id="neox" xmltv_id="Neox">Neox</channel>
    <channel update="i" site="tvguide.dk" site_id="13-tv" xmltv_id="13 TV">13 TV</channel>
    <channel update="i" site="tvguide.dk" site_id="boing" xmltv_id="Boing">Boing</channel>
    <channel update="i" site="tvguide.dk" site_id="clan-tve" xmltv_id="Clan TVE">Clan TVE</channel>
    <channel update="i" site="tvguide.dk" site_id="disney-channel" xmltv_id="Disney Channel">Disney Channel</channel>
    <channel update="i" site="tvguide.dk" site_id="teledeporte" xmltv_id="Teledeporte">Teledeporte</channel>
    <channel update="i" site="tvguide.dk" site_id="gol" xmltv_id="GOL">GOL</channel>
    <channel update="i" site="tvguide.dk" site_id="real-madrid-tv" xmltv_id="Real Madrid TV">Real Madrid TV</channel>
    <channel update="i" site="tvguide.dk" site_id="playboy-tv" xmltv_id="Playboy TV">Playboy TV</channel>
    <channel update="i" site="tvguide.dk" site_id="rt" xmltv_id="RT">RT</channel>
    <channel update="i" site="tvguide.dk" site_id="viajar" xmltv_id="Viajar">Viajar</channel>
    <channel update="i" site="tvguide.dk" site_id="rt-espanol" xmltv_id="RT Español">RT Español</channel>
    <channel update="i" site="tvguide.dk" site_id="rt-francia-hd" xmltv_id="RT Francia HD">RT Francia HD</channel>
    <channel update="i" site="tvguide.dk" site_id="multi-4-motogp" xmltv_id="Multi 4 MotoGP">Multi 4 MotoGP</channel>
    <channel update="i" site="tvguide.dk" site_id="multi2-f1" xmltv_id="Multi2 F1">Multi2 F1</channel>
    <channel update="i" site="tvguide.dk" site_id="multi2-motogp" xmltv_id="Multi2 MotoGP">Multi2 MotoGP</channel>
    <channel update="i" site="tvguide.dk" site_id="multi3-motogp" xmltv_id="Multi3 MotoGP">Multi3 MotoGP</channel>
    <channel update="i" site="tvguide.dk" site_id="multi5-motogp" xmltv_id="Multi5 MotoGP">Multi5 MotoGP</channel>
    <channel update="i" site="tvguide.dk" site_id="multi6-f1" xmltv_id="Multi6 F1">Multi6 F1</channel>
    <channel update="i" site="tvguide.dk" site_id="multi6-motogp" xmltv_id="Multi6 MotoGP">Multi6 MotoGP</channel>
    <channel update="i" site="tvguide.dk" site_id="multicamara1-motogp" xmltv_id="Multicámara1 MotoGP">Multicámara1 MotoGP</channel>
    <channel update="i" site="tvguide.dk" site_id="nat-geo-wild" xmltv_id="Nat Geo Wild">Nat Geo Wild</channel>
    <channel update="i" site="tvguide.dk" site_id="national-geographic" xmltv_id="National Geographic">National Geographic</channel>
    <channel update="i" site="tvguide.dk" site_id="nhk-world-tv" xmltv_id="NHK World TV">NHK World TV</channel>
    <channel update="i" site="tvguide.dk" site_id="nick-jr" xmltv_id="NICK JR">NICK JR</channel>
    <channel update="i" site="tvguide.dk" site_id="nickelodeon" xmltv_id="Nickelodeon">Nickelodeon</channel>
    <channel update="i" site="tvguide.dk" site_id="odisea" xmltv_id="Odisea">Odisea</channel>
    <channel update="i" site="tvguide.dk" site_id="vh1" xmltv_id="VH1">VH1</channel>
    <channel update="i" site="tvguide.dk" site_id="sky-news" xmltv_id="Sky News">Sky News</channel>
    <channel update="i" site="tvguide.dk" site_id="tv-chile" xmltv_id="TV Chile">TV Chile</channel>
    <channel update="i" site="tvguide.dk" site_id="tv-canaria" xmltv_id="TV Canaria">TV Canaria</channel>
    <channel update="i" site="tvguide.dk" site_id="tpa" xmltv_id="TPA">TPA</channel>
    <channel update="i" site="tvguide.dk" site_id="toros" xmltv_id="Toros">Toros</channel>
    <channel update="i" site="tvguide.dk" site_id="tnt" xmltv_id="TNT">TNT</channel>
    <channel update="i" site="tvguide.dk" site_id="mtv-rocks" xmltv_id="MTV ROCKS">MTV ROCKS</channel>
    <channel update="i" site="tvguide.dk" site_id="telesur" xmltv_id="Telesur">Telesur</channel>
    <channel update="i" site="tvguide.dk" site_id="telemadrid" xmltv_id="Telemadrid">Telemadrid</channel>
    <channel update="i" site="tvguide.dk" site_id="sundance" xmltv_id="Sundance">Sundance</channel>
    <channel update="i" site="tvguide.dk" site_id="telefe-internacional" xmltv_id="Telefe Internacional">Telefe Internacional</channel>
    <channel update="i" site="tvguide.dk" site_id="tcm" xmltv_id="TCM">TCM</channel>
    <channel update="i" site="tvguide.dk" site_id="tvg-tv-galicia" xmltv_id="TVG - TV Galicia">TVG - TV Galicia</channel>
    <channel update="i" site="tvguide.dk" site_id="syfy" xmltv_id="SYFY">SYFY</channel>
    <channel update="i" site="tvguide.dk" site_id="tv5monde" xmltv_id="TV5MONDE">TV5MONDE</channel>
    <channel update="i" site="tvguide.dk" site_id="tv-colombia" xmltv_id="TV Colombia">TV Colombia</channel>
    <channel update="i" site="tvguide.dk" site_id="tv3-cat" xmltv_id="TV3 Cat">TV3 Cat</channel>
    <channel update="i" site="tvguide.dk" site_id="tv3" xmltv_id="TV3">TV3</channel>
    <channel update="i" site="tvguide.dk" site_id="tv-record" xmltv_id="TV RECORD">TV RECORD</channel>
    <channel update="i" site="tvguide.dk" site_id="tv-mediterraneo" xmltv_id="TV Mediterráneo">TV Mediterráneo</channel>
    <channel update="i" site="tvguide.dk" site_id="tv-galicia" xmltv_id="TV Galicia">TV Galicia</channel>
    <channel update="i" site="tvguide.dk" site_id="cero" xmltv_id="#0">#0</channel>
    <channel update="i" site="tvguide.dk" site_id="mtv" xmltv_id="MTV">MTV</channel>
    <channel update="i" site="tvguide.dk" site_id="canal-de-las-estrellas" xmltv_id="Canal de las Estrellas">Canal de las Estrellas</channel>
    <channel update="i" site="tvguide.dk" site_id="canal-cocina" xmltv_id="Canal Cocina">Canal Cocina</channel>
    <channel update="i" site="tvguide.dk" site_id="canal-33" xmltv_id="Canal 33">Canal 33</channel>
    <channel update="i" site="tvguide.dk" site_id="calle-13" xmltv_id="Calle 13">Calle 13</channel>
    <channel update="i" site="tvguide.dk" site_id="canal-extremadura" xmltv_id="Canal Extremadura">Canal Extremadura</channel>
    <channel update="i" site="tvguide.dk" site_id="bloomberg" xmltv_id="Bloomberg">Bloomberg</channel>
    <channel update="i" site="tvguide.dk" site_id="blaze" xmltv_id="Blaze">Blaze</channel>
    <channel update="i" site="tvguide.dk" site_id="beteve" xmltv_id="Betevé">Betevé</channel>
    <channel update="i" site="tvguide.dk" site_id="bein-laliga-4k" xmltv_id="Bein LaLiga 4K">Bein LaLiga 4K</channel>
    <channel update="i" site="tvguide.dk" site_id="bein-laliga-1" xmltv_id="Bein LaLiga 1">Bein LaLiga 1</channel>
    <channel update="i" site="tvguide.dk" site_id="bein-laliga" xmltv_id="Bein LaLiga">Bein LaLiga</channel>
    <channel update="i" site="tvguide.dk" site_id="bbc-world" xmltv_id="BBC World">BBC World</channel>
    <channel update="i" site="tvguide.dk" site_id="canal-decasa" xmltv_id="Canal Decasa">Canal Decasa</channel>
    <channel update="i" site="tvguide.dk" site_id="canal-futbol-replay" xmltv_id="Canal Fútbol Replay">Canal Fútbol Replay</channel>
    <channel update="i" site="tvguide.dk" site_id="cnbc" xmltv_id="CNBC">CNBC</channel>
    <channel update="i" site="tvguide.dk" site_id="classica-hd" xmltv_id="Classica HD">Classica HD</channel>
    <channel update="i" site="tvguide.dk" site_id="classica" xmltv_id="Classica">Classica</channel>
    <channel update="i" site="tvguide.dk" site_id="cgtn-espanol" xmltv_id="CGTN Español">CGTN Español</channel>
    <channel update="i" site="tvguide.dk" site_id="canal-orbe-21" xmltv_id="Canal Orbe 21">Canal Orbe 21</channel>
    <channel update="i" site="tvguide.dk" site_id="caza-y-pesca" xmltv_id="Caza y Pesca">Caza y Pesca</channel>
    <channel update="i" site="tvguide.dk" site_id="castilla-la-mancha-tv" xmltv_id="Castilla la Mancha TV">Castilla la Mancha TV</channel>
    <channel update="i" site="tvguide.dk" site_id="canal-sur-hd" xmltv_id="Canal Sur HD">Canal Sur HD</channel>
    <channel update="i" site="tvguide.dk" site_id="canal-sur-andalucia" xmltv_id="Canal Sur Andalucía">Canal Sur Andalucía</channel>
    <channel update="i" site="tvguide.dk" site_id="canal-sur" xmltv_id="Canal Sur">Canal Sur</channel>
    <channel update="i" site="tvguide.dk" site_id="canal-panda" xmltv_id="Canal Panda">Canal Panda</channel>
    <channel update="i" site="tvguide.dk" site_id="cnn-int" xmltv_id="CNN Int">CNN Int</channel>
    <channel update="i" site="tvguide.dk" site_id="al-jazeera-english" xmltv_id="Al Jazeera English">Al Jazeera English</channel>
    <channel update="i" site="tvguide.dk" site_id="alquiler-5" xmltv_id="Alquiler 5">Alquiler 5</channel>
    <channel update="i" site="tvguide.dk" site_id="alquiler-4" xmltv_id="Alquiler 4">Alquiler 4</channel>
    <channel update="i" site="tvguide.dk" site_id="alquiler-3" xmltv_id="Alquiler 3">Alquiler 3</channel>
    <channel update="i" site="tvguide.dk" site_id="alquiler-2-hd" xmltv_id="Alquiler 2 HD">Alquiler 2 HD</channel>
    <channel update="i" site="tvguide.dk" site_id="alquiler-2" xmltv_id="Alquiler 2">Alquiler 2</channel>
    <channel update="i" site="tvguide.dk" site_id="alquiler-1" xmltv_id="Alquiler 1">Alquiler 1</channel>
    <channel update="i" site="tvguide.dk" site_id="a-punt" xmltv_id="À Punt">À Punt</channel>
    <channel update="i" site="tvguide.dk" site_id="alquiler-hd" xmltv_id="Alquiler HD">Alquiler HD</channel>
    <channel update="i" site="tvguide.dk" site_id="8-tv" xmltv_id="8 tv">8 tv</channel>
    <channel update="i" site="tvguide.dk" site_id="7-tv-region-murcia" xmltv_id="7 TV Región Murcia">7 TV Región Murcia</channel>
    <channel update="i" site="tvguide.dk" site_id="3-24" xmltv_id="3 24">3 24</channel>
    <channel update="i" site="tvguide.dk" site_id="24-horas" xmltv_id="24 Horas">24 Horas</channel>
    <channel update="i" site="tvguide.dk" site_id="alquiler-6" xmltv_id="Alquiler 6">Alquiler 6</channel>
    <channel update="i" site="tvguide.dk" site_id="amc" xmltv_id="AMC">AMC</channel>
    <channel update="i" site="tvguide.dk" site_id="baby-tv" xmltv_id="Baby TV">Baby TV</channel>
    <channel update="i" site="tvguide.dk" site_id="barca-tv" xmltv_id="Barça TV">Barça TV</channel>
    <channel update="i" site="tvguide.dk" site_id="axn-white" xmltv_id="AXN White">AXN White</channel>
    <channel update="i" site="tvguide.dk" site_id="andalucia-tv" xmltv_id="Andalucía TV">Andalucía TV</channel>
    <channel update="i" site="tvguide.dk" site_id="axn" xmltv_id="AXN">AXN</channel>
    <channel update="i" site="tvguide.dk" site_id="arirang-tv" xmltv_id="ARIRANG TV">ARIRANG TV</channel>
    <channel update="i" site="tvguide.dk" site_id="aragon-tv-int" xmltv_id="Aragón TV Int">Aragón TV Int</channel>
    <channel update="i" site="tvguide.dk" site_id="aragon-tv" xmltv_id="Aragón TV">Aragón TV</channel>
    <channel update="i" site="tvguide.dk" site_id="cnc-world" xmltv_id="CNC World">CNC World</channel>
    <channel update="i" site="tvguide.dk" site_id="la-7" xmltv_id="La 7">La 7</channel>
    <channel update="i" site="tvguide.dk" site_id="m-disney" xmltv_id="M. Disney">M. Disney</channel>
    <channel update="i" site="tvguide.dk" site_id="libertad-digital" xmltv_id="Libertad Digital">Libertad Digital</channel>
    <channel update="i" site="tvguide.dk" site_id="laliga-123-tv" xmltv_id="LaLiga 123 TV">LaLiga 123 TV</channel>
    <channel update="i" site="tvguide.dk" site_id="vamos" xmltv_id="#Vamos">#Vamos</channel>
    <channel update="i" site="tvguide.dk" site_id="la-otra" xmltv_id="La Otra">La Otra</channel>
    <channel update="i" site="tvguide.dk" site_id="m-esports" xmltv_id="M. eSports">M. eSports</channel>
    <channel update="i" site="tvguide.dk" site_id="intereconomia-tv" xmltv_id="Intereconomía TV">Intereconomía TV</channel>
    <channel update="i" site="tvguide.dk" site_id="iberalia-tv" xmltv_id="Iberalia TV">Iberalia TV</channel>
    <channel update="i" site="tvguide.dk" site_id="ib3-rtv-illes-balears" xmltv_id="IB3 RTV Illes Balears">IB3 RTV Illes Balears</channel>
    <channel update="i" site="tvguide.dk" site_id="hollywood" xmltv_id="Hollywood">Hollywood</channel>
    <channel update="i" site="tvguide.dk" site_id="m-drama" xmltv_id="M. Drama">M. Drama</channel>
    <channel update="i" site="tvguide.dk" site_id="m-formula-1-uhd" xmltv_id="M. Fórmula 1 UHD">M. Fórmula 1 UHD</channel>
    <channel update="i" site="tvguide.dk" site_id="movistar-comedia" xmltv_id="Movistar Comedia">Movistar Comedia</channel>
    <channel update="i" site="tvguide.dk" site_id="movistar-series" xmltv_id="Movistar Series">Movistar Series</channel>
    <channel update="i" site="tvguide.dk" site_id="movistar-partidazo" xmltv_id="Movistar Partidazo">Movistar Partidazo</channel>
    <channel update="i" site="tvguide.dk" site_id="movistar-moto-gp" xmltv_id="Movistar Moto GP">Movistar Moto GP</channel>
    <channel update="i" site="tvguide.dk" site_id="movistar-golf" xmltv_id="Movistar Golf">Movistar Golf</channel>
    <channel update="i" site="tvguide.dk" site_id="movistar-formula-1" xmltv_id="Movistar Fórmula 1">Movistar Fórmula 1</channel>
    <channel update="i" site="tvguide.dk" site_id="movistar-estrenos" xmltv_id="Movistar Estrenos">Movistar Estrenos</channel>
    <channel update="i" site="tvguide.dk" site_id="movistar-deportes" xmltv_id="Movistar Deportes">Movistar Deportes</channel>
    <channel update="i" site="tvguide.dk" site_id="movistar-cine-espanol" xmltv_id="Movistar Cine Español">Movistar Cine Español</channel>
    <channel update="i" site="tvguide.dk" site_id="m-halloween" xmltv_id="M. Halloween">M. Halloween</channel>
    <channel update="i" site="tvguide.dk" site_id="movistar-accion" xmltv_id="Movistar Acción">Movistar Acción</channel>
    <channel update="i" site="tvguide.dk" site_id="mezzo-live-hd" xmltv_id="Mezzo Live HD">Mezzo Live HD</channel>
    <channel update="i" site="tvguide.dk" site_id="mezzo" xmltv_id="Mezzo">Mezzo</channel>
    <channel update="i" site="tvguide.dk" site_id="mega" xmltv_id="Mega">Mega</channel>
    <channel update="i" site="tvguide.dk" site_id="m-cinedocandroll" xmltv_id="M.CineDoc&amp;Roll">M.CineDoc&amp;Roll</channel>
    <channel update="i" site="tvguide.dk" site_id="m-seriesmania" xmltv_id="M. Seriesmanía">M. Seriesmanía</channel>
    <channel update="i" site="tvguide.dk" site_id="m-partidazo-uhd" xmltv_id="M. Partidazo UHD">M. Partidazo UHD</channel>
    <channel update="i" site="tvguide.dk" site_id="m-liga-de-campeones" xmltv_id="M. Liga de Campeones">M. Liga de Campeones</channel>
    <channel update="i" site="tvguide.dk" site_id="historia" xmltv_id="Historia">Historia</channel>
    <channel update="i" site="tvguide.dk" site_id="comedy-central" xmltv_id="Comedy Central">Comedy Central</channel>
    <channel update="i" site="tvguide.dk" site_id="disney-xd" xmltv_id="Disney XD">Disney XD</channel>
    <channel update="i" site="tvguide.dk" site_id="disney-junior" xmltv_id="Disney Junior">Disney Junior</channel>
    <channel update="i" site="tvguide.dk" site_id="discovery" xmltv_id="Discovery">Discovery</channel>
    <channel update="i" site="tvguide.dk" site_id="dark" xmltv_id="DARK">DARK</channel>
    <channel update="i" site="tvguide.dk" site_id="cubavision" xmltv_id="Cubavisión">Cubavisión</channel>
    <channel update="i" site="tvguide.dk" site_id="crimen-investigacion" xmltv_id="Crimen + Investigación">Crimen + Investigación</channel>
    <channel update="i" site="tvguide.dk" site_id="cosmo" xmltv_id="COSMO">COSMO</channel>
    <channel update="i" site="tvguide.dk" site_id="el-garage-tv" xmltv_id="El Garage TV">El Garage TV</channel>
    <channel update="i" site="tvguide.dk" site_id="eurosport-2" xmltv_id="Eurosport 2">Eurosport 2</channel>
    <channel update="i" site="tvguide.dk" site_id="france-24" xmltv_id="FRANCE 24">FRANCE 24</channel>
    <channel update="i" site="tvguide.dk" site_id="fox-news" xmltv_id="Fox News">Fox News</channel>
    <channel update="i" site="tvguide.dk" site_id="fox-life" xmltv_id="Fox Life">Fox Life</channel>
    <channel update="i" site="tvguide.dk" site_id="fox" xmltv_id="Fox">Fox</channel>
    <channel update="i" site="tvguide.dk" site_id="ewtn" xmltv_id="EWTN">EWTN</channel>
    <channel update="i" site="tvguide.dk" site_id="esport-3" xmltv_id="Esport 3">Esport 3</channel>
    <channel update="i" site="tvguide.dk" site_id="eurosport-1" xmltv_id="Eurosport 1">Eurosport 1</channel>
    <channel update="i" site="tvguide.dk" site_id="euronews" xmltv_id="Euronews">Euronews</channel>
    <channel update="i" site="tvguide.dk" site_id="etb-sat" xmltv_id="ETB Sat">ETB Sat</channel>
    <channel update="i" site="tvguide.dk" site_id="etb-2" xmltv_id="ETB 2">ETB 2</channel>
    <channel update="i" site="tvguide.dk" site_id="etb-1" xmltv_id="ETB 1">ETB 1</channel>
    <channel update="i" site="tvguide.dk" site_id="bbc-one" xmltv_id="BBC One">BBC One</channel>
    <channel update="i" site="tvguide.dk" site_id="bbc-two" xmltv_id="BBC Two">BBC Two</channel>
    <channel update="i" site="tvguide.dk" site_id="itv1" xmltv_id="ITV">ITV</channel>
    <channel update="i" site="tvguide.dk" site_id="channel-4" xmltv_id="Channel 4">Channel 4</channel>
    <channel update="i" site="tvguide.dk" site_id="channel-5" xmltv_id="Channel 5">Channel 5</channel>
    <channel update="i" site="tvguide.dk" site_id="sky-one" xmltv_id="Sky One">Sky One</channel>
    <channel update="i" site="tvguide.dk" site_id="bbc-four" xmltv_id="BBC Four">BBC Four</channel>
    <channel update="i" site="tvguide.dk" site_id="itv2" xmltv_id="ITV2">ITV2</channel>
    <channel update="i" site="tvguide.dk" site_id="itv3" xmltv_id="ITV3">ITV3</channel>
    <channel update="i" site="tvguide.dk" site_id="itv4" xmltv_id="ITV4">ITV4</channel>
    <channel update="i" site="tvguide.dk" site_id="blaze" xmltv_id="Blaze">Blaze</channel>
    <channel update="i" site="tvguide.dk" site_id="e4" xmltv_id="E4">E4</channel>
    <channel update="i" site="tvguide.dk" site_id="more-4" xmltv_id="More 4">More 4</channel>
    <channel update="i" site="tvguide.dk" site_id="film-4" xmltv_id="Film 4">Film 4</channel>
    <channel update="i" site="tvguide.dk" site_id="sky-living" xmltv_id="Sky Living">Sky Living</channel>
    <channel update="i" site="tvguide.dk" site_id="sky-two" xmltv_id="Sky Two">Sky Two</channel>
    <channel update="i" site="tvguide.dk" site_id="dave" xmltv_id="Dave">Dave</channel>
    <channel update="i" site="tvguide.dk" site_id="5-star" xmltv_id="5 Star">5 Star</channel>
    <channel update="i" site="tvguide.dk" site_id="5-usa" xmltv_id="5 USA">5 USA</channel>
    <channel update="i" site="tvguide.dk" site_id="pick" xmltv_id="Pick">Pick</channel>
    <channel update="i" site="tvguide.dk" site_id="really" xmltv_id="Really">Really</channel>
    <channel update="i" site="tvguide.dk" site_id="yesterday" xmltv_id="Yesterday">Yesterday</channel>
    <channel update="i" site="tvguide.dk" site_id="discovery-channel" xmltv_id="Discovery Channel">Discovery Channel</channel>
    <channel update="i" site="tvguide.dk" site_id="bbc-news-channel" xmltv_id="BBC News">BBC News</channel>
    <channel update="i" site="tvguide.dk" site_id="nat-geo" xmltv_id="National Geographic">National Geographic</channel>
    <channel update="i" site="tvguide.dk" site_id="cbeebies" xmltv_id="Cbeebies">Cbeebies</channel>
    <channel update="i" site="tvguide.dk" site_id="animal-planet" xmltv_id="Animal Planet">Animal Planet</channel>
    <channel update="i" site="tvguide.dk" site_id="discovery-world" xmltv_id="Discovery World">Discovery World</channel>
    <channel update="i" site="tvguide.dk" site_id="sky-atlantic" xmltv_id="Sky Atlantic">Sky Atlantic</channel>
    <channel update="i" site="tvguide.dk" site_id="sky-cinema-action" xmltv_id="Sky Cinema Action">Sky Cinema Action</channel>
    <channel update="i" site="tvguide.dk" site_id="sky-atlantic-hd" xmltv_id="Sky Atlantic HD">Sky Atlantic HD</channel>
    <channel update="i" site="tvguide.dk" site_id="real-lives" xmltv_id="REAL Lives">REAL Lives</channel>
    <channel update="i" site="tvguide.dk" site_id="sky-arts-hd" xmltv_id="Sky Arts HD">Sky Arts HD</channel>
    <channel update="i" site="tvguide.dk" site_id="sky-arts" xmltv_id="Sky Arts">Sky Arts</channel>
    <channel update="i" site="tvguide.dk" site_id="nat-geo-wild-hd" xmltv_id="Nat Geo Wild HD">Nat Geo Wild HD</channel>
    <channel update="i" site="tvguide.dk" site_id="watch" xmltv_id="Watch">Watch</channel>
    <channel update="i" site="tvguide.dk" site_id="paramount" xmltv_id="Paramount">Paramount</channel>
    <channel update="i" site="tvguide.dk" site_id="sky-cinema-comedy" xmltv_id="Sky Cinema Comedy">Sky Cinema Comedy</channel>
    <channel update="i" site="tvguide.dk" site_id="sky-cinema-action-hd" xmltv_id="Sky Cinema Action HD">Sky Cinema Action HD</channel>
    <channel update="i" site="tvguide.dk" site_id="sky-cinema-comedy-hd" xmltv_id="Sky Cinema Comedy HD">Sky Cinema Comedy HD</channel>
    <channel update="i" site="tvguide.dk" site_id="sky-sports-cricket" xmltv_id="Sky Sports Cricket">Sky Sports Cricket</channel>
    <channel update="i" site="tvguide.dk" site_id="sky-news-hd" xmltv_id="Sky News HD">Sky News HD</channel>
    <channel update="i" site="tvguide.dk" site_id="sky-one-hd" xmltv_id="Sky One HD">Sky One HD</channel>
    <channel update="i" site="tvguide.dk" site_id="sky-sports-action" xmltv_id="Sky Sports Action">Sky Sports Action</channel>
    <channel update="i" site="tvguide.dk" site_id="sky-sports-box-office" xmltv_id="Sky Sports Box Office">Sky Sports Box Office</channel>
    <channel update="i" site="tvguide.dk" site_id="sky-sports-box-office-hd" xmltv_id="Sky Sports Box Office HD">Sky Sports Box Office HD</channel>
    <channel update="i" site="tvguide.dk" site_id="sky-sports-f1" xmltv_id="Sky Sports F1">Sky Sports F1</channel>
    <channel update="i" site="tvguide.dk" site_id="sky-living-it" xmltv_id="Sky Living It">Sky Living It</channel>
    <channel update="i" site="tvguide.dk" site_id="sky-sports-f1-hd" xmltv_id="Sky Sports F1 HD">Sky Sports F1 HD</channel>
    <channel update="i" site="tvguide.dk" site_id="sky-sports-football" xmltv_id="Sky Sports Football">Sky Sports Football</channel>
    <channel update="i" site="tvguide.dk" site_id="sky-sports-golf" xmltv_id="Sky Sports Golf">Sky Sports Golf</channel>
    <channel update="i" site="tvguide.dk" site_id="sky-sports-main-event" xmltv_id="Sky Sports Main Event">Sky Sports Main Event</channel>
    <channel update="i" site="tvguide.dk" site_id="sky-sports-mix-hd" xmltv_id="Sky Sports Mix HD">Sky Sports Mix HD</channel>
    <channel update="i" site="tvguide.dk" site_id="sky-sports-news" xmltv_id="Sky Sports News">Sky Sports News</channel>
    <channel update="i" site="tvguide.dk" site_id="sky-sports-news-hd" xmltv_id="Sky Sports News HD">Sky Sports News HD</channel>
    <channel update="i" site="tvguide.dk" site_id="sky-sports-premier-league" xmltv_id="Sky Sports Premier League">Sky Sports Premier League</channel>
    <channel update="i" site="tvguide.dk" site_id="sky-sports-premier-league-ro" xmltv_id="Sky Sports Premier League RO">Sky Sports Premier League RO</channel>
    <channel update="i" site="tvguide.dk" site_id="sky-news" xmltv_id="Sky News">Sky News</channel>
    <channel update="i" site="tvguide.dk" site_id="sky-living-hd" xmltv_id="Sky Living HD">Sky Living HD</channel>
    <channel update="i" site="tvguide.dk" site_id="sky-cinema-disney" xmltv_id="Sky Cinema Disney">Sky Cinema Disney</channel>
    <channel update="i" site="tvguide.dk" site_id="sky-cinema-disney-hd" xmltv_id="Sky Cinema Disney HD">Sky Cinema Disney HD</channel>
    <channel update="i" site="tvguide.dk" site_id="sky-cinema-drama" xmltv_id="Sky Cinema Drama">Sky Cinema Drama</channel>
    <channel update="i" site="tvguide.dk" site_id="sky-cinema-drama-hd" xmltv_id="Sky Cinema Drama HD">Sky Cinema Drama HD</channel>
    <channel update="i" site="tvguide.dk" site_id="sky-cinema-family" xmltv_id="Sky Cinema Family">Sky Cinema Family</channel>
    <channel update="i" site="tvguide.dk" site_id="sky-cinema-family-hd" xmltv_id="Sky Cinema Family HD">Sky Cinema Family HD</channel>
    <channel update="i" site="tvguide.dk" site_id="sky-cinema-greats" xmltv_id="Sky Cinema Greats">Sky Cinema Greats</channel>
    <channel update="i" site="tvguide.dk" site_id="sky-cinema-hits" xmltv_id="Sky Cinema Hits">Sky Cinema Hits</channel>
    <channel update="i" site="tvguide.dk" site_id="sky-cinema-hits-hd" xmltv_id="Sky Cinema Hits HD">Sky Cinema Hits HD</channel>
    <channel update="i" site="tvguide.dk" site_id="sky-cinema-premiere" xmltv_id="Sky Cinema Premiere">Sky Cinema Premiere</channel>
    <channel update="i" site="tvguide.dk" site_id="sky-cinema-premiere-hd" xmltv_id="Sky Cinema Premiere HD">Sky Cinema Premiere HD</channel>
    <channel update="i" site="tvguide.dk" site_id="sky-cinema-sci-fi-horror" xmltv_id="Sky Cinema Sci-Fi\/Horror">Sky Cinema Sci-Fi\/Horror</channel>
    <channel update="i" site="tvguide.dk" site_id="sky-cinema-sci-fi-horror-hd" xmltv_id="Sky Cinema Sci-Fi\/Horror HD">Sky Cinema Sci-Fi\/Horror HD</channel>
    <channel update="i" site="tvguide.dk" site_id="sky-cinema-select" xmltv_id="Sky Cinema Select">Sky Cinema Select</channel>
    <channel update="i" site="tvguide.dk" site_id="sky-cinema-select-hd" xmltv_id="Sky Cinema Select HD">Sky Cinema Select HD</channel>
    <channel update="i" site="tvguide.dk" site_id="sky-cinema-thriller" xmltv_id="Sky Cinema Thriller">Sky Cinema Thriller</channel>
    <channel update="i" site="tvguide.dk" site_id="sky-cinema-thriller-hd" xmltv_id="Sky Cinema Thriller HD">Sky Cinema Thriller HD</channel>
    <channel update="i" site="tvguide.dk" site_id="sky-sports-arena" xmltv_id="Sky Sports Arena">Sky Sports Arena</channel>
    <channel update="i" site="tvguide.dk" site_id="bbc-one-wales" xmltv_id="BBC One Wales">BBC One Wales</channel>
    <channel update="i" site="tvguide.dk" site_id="challenge" xmltv_id="Challenge">Challenge</channel>
    <channel update="i" site="tvguide.dk" site_id="citv" xmltv_id="cItv">cItv</channel>
    <channel update="i" site="tvguide.dk" site_id="ci-hd" xmltv_id="CI HD">CI HD</channel>
    <channel update="i" site="tvguide.dk" site_id="ci" xmltv_id="CI">CI</channel>
    <channel update="i" site="tvguide.dk" site_id="chelsea-tv" xmltv_id="Chelsea TV">Chelsea TV</channel>
    <channel update="i" site="tvguide.dk" site_id="cbbc-hd" xmltv_id="CBBC HD">CBBC HD</channel>
    <channel update="i" site="tvguide.dk" site_id="cbbc" xmltv_id="CBBC">CBBC</channel>
    <channel update="i" site="tvguide.dk" site_id="bbc-parliament" xmltv_id="BBC Parliament">BBC Parliament</channel>
    <channel update="i" site="tvguide.dk" site_id="bbc-one-scotland" xmltv_id="BBC One Scotland">BBC One Scotland</channel>
    <channel update="i" site="tvguide.dk" site_id="alibi" xmltv_id="Alibi">Alibi</channel>
    <channel update="i" site="tvguide.dk" site_id="5-spike" xmltv_id="5 Spike">5 Spike</channel>
    <channel update="i" site="tvguide.dk" site_id="5-select" xmltv_id="5 Select">5 Select</channel>
    <channel update="i" site="tvguide.dk" site_id="4-seven" xmltv_id="4 Seven">4 Seven</channel>
    <channel update="i" site="tvguide.dk" site_id="4-music" xmltv_id="4 Music">4 Music</channel>
    <channel update="i" site="tvguide.dk" site_id="bbc-one-oxfordshire" xmltv_id="BBC One Oxfordshire">BBC One Oxfordshire</channel>
    <channel update="i" site="tvguide.dk" site_id="bbc-one-northern-ireland" xmltv_id="BBC One Northern Ireland">BBC One Northern Ireland</channel>
    <channel update="i" site="tvguide.dk" site_id="bbc-one-east-midlands" xmltv_id="BBC One East Midlands">BBC One East Midlands</channel>
    <channel update="i" site="tvguide.dk" site_id="bbc-one-east" xmltv_id="BBC One East">BBC One East</channel>
    <channel update="i" site="tvguide.dk" site_id="bbc-one-channel-islands" xmltv_id="BBC One Channel Islands">BBC One Channel Islands</channel>
    <channel update="i" site="tvguide.dk" site_id="bbc-one-cambridgeshire" xmltv_id="BBC One Cambridgeshire">BBC One Cambridgeshire</channel>
    <channel update="i" site="tvguide.dk" site_id="bbc-alba" xmltv_id="BBC Alba">BBC Alba</channel>
    <channel update="i" site="tvguide.dk" site_id="animal-planet-hd" xmltv_id="Animal Planet HD">Animal Planet HD</channel>
    <channel update="i" site="tvguide.dk" site_id="lifetime-hd" xmltv_id="Lifetime HD">Lifetime HD</channel>
    <channel update="i" site="tvguide.dk" site_id="lifetime" xmltv_id="Lifetime">Lifetime</channel>
    <channel update="i" site="tvguide.dk" site_id="itv-be" xmltv_id="Itv Be">Itv Be</channel>
    <channel update="i" site="tvguide.dk" site_id="id" xmltv_id="ID">ID</channel>
    <channel update="i" site="tvguide.dk" site_id="home-and-health" xmltv_id="Home and Health">Home and Health</channel>
    <channel update="i" site="tvguide.dk" site_id="history" xmltv_id="History">History</channel>
    <channel update="i" site="tvguide.dk" site_id="history-hd" xmltv_id="History HD">History HD</channel>
    <channel update="i" site="tvguide.dk" site_id="discovery-turbo" xmltv_id="Discovery Turbo">Discovery Turbo</channel>
    <channel update="i" site="tvguide.dk" site_id="discovery-showcase-hd" xmltv_id="Discovery Showcase HD">Discovery Showcase HD</channel>
    <channel update="i" site="tvguide.dk" site_id="discovery-shed" xmltv_id="Discovery Shed">Discovery Shed</channel>
    <channel update="i" site="tvguide.dk" site_id="eden" xmltv_id="Eden">Eden</channel>
    <channel update="i" site="tvguide.dk" site_id="discovery-science" xmltv_id="Discovery Science">Discovery Science</channel>
    <channel update="i" site="tvguide.dk" site_id="discovery-history" xmltv_id="Discovery History">Discovery History</channel>
    <channel update="i" site="tvguide.dk" site_id="dmax" xmltv_id="Dmax">Dmax</channel>
    <channel update="i" site="tvguide.dk" site_id="h2" xmltv_id="H2">H2</channel>
    <channel update="i" site="tvguide.dk" site_id="gold" xmltv_id="GOLD">GOLD</channel>
    <channel update="i" site="tvguide.dk" site_id="svt1" xmltv_id="SVT1">SVT1</channel>
    <channel update="i" site="tvguide.dk" site_id="svt2" xmltv_id="SVT2">SVT2</channel>
    <channel update="i" site="tvguide.dk" site_id="tv3" xmltv_id="TV3">TV3</channel>
    <channel update="i" site="tvguide.dk" site_id="tv4" xmltv_id="TV4">TV4</channel>
    <channel update="i" site="tvguide.dk" site_id="kanal5" xmltv_id="Kanal 5">Kanal 5</channel>
    <channel update="i" site="tvguide.dk" site_id="tv6" xmltv_id="TV6">TV6</channel>
    <channel update="i" site="tvguide.dk" site_id="sjuan" xmltv_id="Sjuan">Sjuan</channel>
    <channel update="i" site="tvguide.dk" site_id="tv8" xmltv_id="TV8">TV8</channel>
    <channel update="i" site="tvguide.dk" site_id="kanal9" xmltv_id="Kanal 9">Kanal 9</channel>
    <channel update="i" site="tvguide.dk" site_id="tv10" xmltv_id="TV10">TV10</channel>
    <channel update="i" site="tvguide.dk" site_id="kanal-11" xmltv_id="Kanal 11">Kanal 11</channel>
    <channel update="i" site="tvguide.dk" site_id="tv12" xmltv_id="TV12">TV12</channel>
    <channel update="i" site="tvguide.dk" site_id="discovery-channel" xmltv_id="Discovery Channel">Discovery Channel</channel>
    <channel update="i" site="tvguide.dk" site_id="kunskapskanalen" xmltv_id="Kunskapskanalen">Kunskapskanalen</channel>
    <channel update="i" site="tvguide.dk" site_id="barnkanalen" xmltv_id="Barnkanalen">Barnkanalen</channel>
    <channel update="i" site="tvguide.dk" site_id="svt24" xmltv_id="SVT24">SVT24</channel>
    <channel update="i" site="tvguide.dk" site_id="tv4-fakta" xmltv_id="TV4 Fakta">TV4 Fakta</channel>
    <channel update="i" site="tvguide.dk" site_id="animal-planet" xmltv_id="Animal Planet">Animal Planet</channel>
    <channel update="i" site="tvguide.dk" site_id="viasat-sport" xmltv_id="Viasat Sport">Viasat Sport</channel>
    <channel update="i" site="tvguide.dk" site_id="viasat-premiere" xmltv_id="Viasat Premiere">Viasat Premiere</channel>
    <channel update="i" site="tvguide.dk" site_id="viasat-hockey" xmltv_id="Viasat Hockey">Viasat Hockey</channel>
    <channel update="i" site="tvguide.dk" site_id="viasat-fotboll" xmltv_id="Viasat Fotball">Viasat Fotball</channel>
    <channel update="i" site="tvguide.dk" site_id="mtv" xmltv_id="MTV">MTV</channel>
    <channel update="i" site="tvguide.dk" site_id="viasat-film-hits" xmltv_id="Viasat Film Hits">Viasat Film Hits</channel>
    <channel update="i" site="tvguide.dk" site_id="viasat-motor" xmltv_id="Viasat Motor">Viasat Motor</channel>
    <channel update="i" site="tvguide.dk" site_id="viasat-golf" xmltv_id="Viasat Golf">Viasat Golf</channel>
    <channel update="i" site="tvguide.dk" site_id="viasat-film-action" xmltv_id="Viasat Film Action">Viasat Film Action</channel>
    <channel update="i" site="tvguide.dk" site_id="viasat-series" xmltv_id="Viasat Series">Viasat Series</channel>
    <channel update="i" site="tvguide.dk" site_id="viasat-ultra-hd" xmltv_id="Viasat Ultra HD">Viasat Ultra HD</channel>
    <channel update="i" site="tvguide.dk" site_id="national-geographic-wild" xmltv_id="National Geographic Wild">National Geographic Wild</channel>
    <channel update="i" site="tvguide.dk" site_id="national-geographic" xmltv_id="National Geographic">National Geographic</channel>
    <channel update="i" site="tvguide.dk" site_id="viasat-sport-premium" xmltv_id="Viasat Sport Premium">Viasat Sport Premium</channel>
    <channel update="i" site="tvguide.dk" site_id="tlc" xmltv_id="TLC">TLC</channel>
    <channel update="i" site="tvguide.dk" site_id="tv4-komedie" xmltv_id="TV4 Komedie">TV4 Komedie</channel>
    <channel update="i" site="tvguide.dk" site_id="tv4-sport" xmltv_id="TV4 Sport">TV4 Sport</channel>
    <channel update="i" site="tvguide.dk" site_id="tv4-guld" xmltv_id="TV4 Guld">TV4 Guld</channel>
    <channel update="i" site="tvguide.dk" site_id="tv4-film" xmltv_id="TV4 Film">TV4 Film</channel>
    <channel update="i" site="tvguide.dk" site_id="tv3sport" xmltv_id="TV3 Sport">TV3 Sport</channel>
    <channel update="i" site="tvguide.dk" site_id="animal-planet-hd" xmltv_id="Animal Planet HD">Animal Planet HD</channel>
    <channel update="i" site="tvguide.dk" site_id="id" xmltv_id="ID">ID</channel>
    <channel update="i" site="tvguide.dk" site_id="discovery-showcase-hd" xmltv_id="Discovery Showcase HD">Discovery Showcase HD</channel>
    <channel update="i" site="tvguide.dk" site_id="discovery-world" xmltv_id="Discovery World">Discovery World</channel>
    <channel update="i" site="tvguide.dk" site_id="discovery-science" xmltv_id="Discovery Science">Discovery Science</channel>
    <channel update="i" site="tvguide.dk" site_id="fxl" xmltv_id="FXL">FXL</channel>
    <channel update="i" site="tvguide.dk" site_id="fox" xmltv_id="FOX">FOX</channel>
    <channel update="i" site="tvguide.dk" site_id="eurosport-2" xmltv_id="Eurosport 2">Eurosport 2</channel>
    <channel update="i" site="tvguide.dk" site_id="eurosport" xmltv_id="Eurosport">Eurosport</channel>
    <channel update="i" site="tvguide.dk" site_id="esport" xmltv_id="Esport TV">Esport TV</channel>
    <channel update="i" site="tvguide.dk" site_id="prosieben" xmltv_id="Pro Sieben">Pro Sieben</channel>
    <channel update="i" site="tvguide.dk" site_id="rtl" xmltv_id="RTL">RTL</channel>
    <channel update="i" site="tvguide.dk" site_id="sat1" xmltv_id="Sat 1">Sat 1</channel>
    <channel update="i" site="tvguide.dk" site_id="rbb" xmltv_id="RBB">RBB</channel>
    <channel update="i" site="tvguide.dk" site_id="nickjrde" xmltv_id="Nick Jr">Nick Jr</channel>
    <channel update="i" site="tvguide.dk" site_id="nicktoonsde" xmltv_id="Nick Toons">Nick Toons</channel>
    <channel update="i" site="tvguide.dk" site_id="viva" xmltv_id="Viva">Viva</channel>
    <channel update="i" site="tvguide.dk" site_id="axn" xmltv_id="AXN">AXN</channel>
    <channel update="i" site="tvguide.dk" site_id="ard1" xmltv_id="ARD 1">ARD 1</channel>
    <channel update="i" site="tvguide.dk" site_id="mtvde" xmltv_id="MTV">MTV</channel>
    <channel update="i" site="tvguide.dk" site_id="zdf" xmltv_id="ZDF">ZDF</channel>
  </channels>
</site>
