﻿<?xml version="1.0" encoding="UTF-8"?>
<site generator-info-name="WebGrab+Plus/w MDB &amp; REX Postprocess -- version V3.0.0.5 -- Jan van Straaten" site="musor.tv">
  <channels>
    <channel update="i" site="musor.tv" site_id="DUNA" xmltv_id="Duna TV (HD)">Duna TV (HD)</channel>
    <channel update="i" site="musor.tv" site_id="DUNAWORLD" xmltv_id="Duna World (HD)">Duna World (HD)</channel>
    <channel update="i" site="musor.tv" site_id="RTL" xmltv_id="RTL Klub (HD)">RTL Klub (HD)</channel>
    <channel update="i" site="musor.tv" site_id="RTL2" xmltv_id="RTL II (HD)">RTL II (HD)</channel>
    <channel update="i" site="musor.tv" site_id="RTL_GOLD" xmltv_id="RTL Gold">RTL Gold</channel>
    <channel update="i" site="musor.tv" site_id="RTL_PLUSZ" xmltv_id="RTL+">RTL+</channel>
    <channel update="i" site="musor.tv" site_id="TV2" xmltv_id="TV2 (HD)">TV2 (HD)</channel>
    <channel update="i" site="musor.tv" site_id="SUPERTV2" xmltv_id="Super TV2 (HD)">Super TV2 (HD)</channel>
    <channel update="i" site="musor.tv" site_id="PRIME" xmltv_id="Prime">Prime</channel>
    <channel update="i" site="musor.tv" site_id="COOL" xmltv_id="Cool (HD)">Cool (HD)</channel>
    <channel update="i" site="musor.tv" site_id="VIASAT3" xmltv_id="Viasat 3 (HD)">Viasat 3 (HD)</channel>
    <channel update="i" site="musor.tv" site_id="VIASAT6" xmltv_id="Viasat 6">Viasat 6</channel>
    <channel update="i" site="musor.tv" site_id="HBOHD" xmltv_id="HBO (HD)">HBO (HD)</channel>
    <channel update="i" site="musor.tv" site_id="HBO2" xmltv_id="HBO 2 (HD)">HBO 2 (HD)</channel>
    <channel update="i" site="musor.tv" site_id="HBO3" xmltv_id="HBO 3 (HD)">HBO 3 (HD)</channel>
    <channel update="i" site="musor.tv" site_id="CINEMAX" xmltv_id="Cinemax (HD)">Cinemax (HD)</channel>
    <channel update="i" site="musor.tv" site_id="CINEMAX2" xmltv_id="Cinemax 2 (HD)">Cinemax 2 (HD)</channel>
    <channel update="i" site="musor.tv" site_id="FILMBOX_EXTRA_HD" xmltv_id="Filmbox Extra HD">Filmbox Extra HD</channel>
    <channel update="i" site="musor.tv" site_id="FILMBOX_PREMIUM" xmltv_id="Filmbox Premium">Filmbox Premium</channel>
    <channel update="i" site="musor.tv" site_id="FILMBOXFAMILY" xmltv_id="Filmbox Family">Filmbox Family</channel>
    <channel update="i" site="musor.tv" site_id="FILMBOX" xmltv_id="Filmbox">Filmbox</channel>
    <channel update="i" site="musor.tv" site_id="FILMBOXPLUS" xmltv_id="Filmbox Plus">Filmbox Plus</channel>
    <channel update="i" site="musor.tv" site_id="MOZIVERZUM" xmltv_id="Moziverzum (HD)">Moziverzum (HD)</channel>
    <channel update="i" site="musor.tv" site_id="MOZI_PLUSZ" xmltv_id="Mozi+ (HD)">Mozi+ (HD)</channel>
    <channel update="i" site="musor.tv" site_id="FILMPLUS" xmltv_id="film+ (HD)">film+ (HD)</channel>
    <channel update="i" site="musor.tv" site_id="FILMNOW" xmltv_id="Film Now">Film Now</channel>
    <channel update="i" site="musor.tv" site_id="EPIC_DRAMA" xmltv_id="Epic Drama">Epic Drama</channel>
    <channel update="i" site="musor.tv" site_id="TV4" xmltv_id="TV 4">TV 4</channel>
    <channel update="i" site="musor.tv" site_id="FILM4" xmltv_id="Film 4">Film 4</channel>
    <channel update="i" site="musor.tv" site_id="STORY4" xmltv_id="Story 4">Story 4</channel>
    <channel update="i" site="musor.tv" site_id="GALAXY" xmltv_id="Galaxy 4">Galaxy 4</channel>
    <channel update="i" site="musor.tv" site_id="SOROZAT" xmltv_id="Sorozat+">Sorozat+</channel>
    <channel update="i" site="musor.tv" site_id="COMEDY" xmltv_id="Comedy Central">Comedy Central</channel>
    <channel update="i" site="musor.tv" site_id="COMEDY_CENTRAL_FAMILY" xmltv_id="Comedy Central Family">Comedy Central Family</channel>
    <channel update="i" site="musor.tv" site_id="HUMOR_PLUSZ" xmltv_id="Humor+">Humor+</channel>
    <channel update="i" site="musor.tv" site_id="JOCKYTV" xmltv_id="Jocky TV">Jocky TV</channel>
    <channel update="i" site="musor.tv" site_id="AXN" xmltv_id="AXN (HD)">AXN (HD)</channel>
    <channel update="i" site="musor.tv" site_id="SONY_MAX" xmltv_id="Sony Max">Sony Max</channel>
    <channel update="i" site="musor.tv" site_id="SONY_MOVIE_CHANNEL" xmltv_id="Sony Movie Channel">Sony Movie Channel</channel>
    <channel update="i" site="musor.tv" site_id="AMC" xmltv_id="AMC (HD)">AMC (HD)</channel>
    <channel update="i" site="musor.tv" site_id="PARAMOUNT" xmltv_id="Paramount Channel (HD)">Paramount Channel (HD)</channel>
    <channel update="i" site="musor.tv" site_id="FILMMANIA" xmltv_id="Film Mánia">Film Mánia</channel>
    <channel update="i" site="musor.tv" site_id="FILMCAFE" xmltv_id="Film Café (HD)">Film Café (HD)</channel>
    <channel update="i" site="musor.tv" site_id="IZAURA_TV" xmltv_id="Izaura TV">Izaura TV</channel>
    <channel update="i" site="musor.tv" site_id="RTL_SPIKE" xmltv_id="RTL Spike">RTL Spike</channel>
    <channel update="i" site="musor.tv" site_id="ATV_SPIRIT" xmltv_id="ATV Spirit (HD)">ATV Spirit (HD)</channel>
    <channel update="i" site="musor.tv" site_id="M2" xmltv_id="M2 / Petőfi (HD)">M2 / Petőfi (HD)</channel>
    <channel update="i" site="musor.tv" site_id="MINIMAX" xmltv_id="Minimax">Minimax</channel>
    <channel update="i" site="musor.tv" site_id="DISNEY" xmltv_id="Disney Channel">Disney Channel</channel>
    <channel update="i" site="musor.tv" site_id="CARTOON" xmltv_id="Cartoon Network">Cartoon Network</channel>
    <channel update="i" site="musor.tv" site_id="BOOMERANG" xmltv_id="Boomerang">Boomerang</channel>
    <channel update="i" site="musor.tv" site_id="NICKELODEON" xmltv_id="Nickelodeon">Nickelodeon</channel>
    <channel update="i" site="musor.tv" site_id="NICKTOONS" xmltv_id="Nicktoons">Nicktoons</channel>
    <channel update="i" site="musor.tv" site_id="NICKJR" xmltv_id="Nick Jr">Nick Jr</channel>
    <channel update="i" site="musor.tv" site_id="JIMJAM" xmltv_id="JimJam">JimJam</channel>
    <channel update="i" site="musor.tv" site_id="KIWI_TV" xmltv_id="Kiwi TV">Kiwi TV</channel>
    <channel update="i" site="musor.tv" site_id="MTV_EURO" xmltv_id="MTV European">MTV European</channel>
    <channel update="i" site="musor.tv" site_id="DUCKTV" xmltv_id="Duck TV">Duck TV</channel>
    <channel update="i" site="musor.tv" site_id="DUCKHD" xmltv_id="Duck TV HD">Duck TV HD</channel>
    <channel update="i" site="musor.tv" site_id="M5" xmltv_id="M5 (HD)">M5 (HD)</channel>
    <channel update="i" site="musor.tv" site_id="SPEKTRUM" xmltv_id="Spektrum (HD)">Spektrum (HD)</channel>
    <channel update="i" site="musor.tv" site_id="NATGEO" xmltv_id="National Geographic (HD)">National Geographic (HD)</channel>
    <channel update="i" site="musor.tv" site_id="NATGEOWILD" xmltv_id="National Geographic Wild (HD)">National Geographic Wild (HD)</channel>
    <channel update="i" site="musor.tv" site_id="DISCOVERYHD" xmltv_id="Discovery HD Showcase">Discovery HD Showcase</channel>
    <channel update="i" site="musor.tv" site_id="DISCOVERY" xmltv_id="Discovery Channel (HD)">Discovery Channel (HD)</channel>
    <channel update="i" site="musor.tv" site_id="DISCOVERYSCI" xmltv_id="Discovery Science (HD)">Discovery Science (HD)</channel>
    <channel update="i" site="musor.tv" site_id="ID" xmltv_id="Investigation Discovery (HD)">Investigation Discovery (HD)</channel>
    <channel update="i" site="musor.tv" site_id="DTX" xmltv_id="Discovery Turbo Xtra (DTX) (HD)">Discovery Turbo Xtra (DTX) (HD)</channel>
    <channel update="i" site="musor.tv" site_id="TLC" xmltv_id="TLC">TLC</channel>
    <channel update="i" site="musor.tv" site_id="ANIMAL" xmltv_id="Animal Planet (HD)">Animal Planet (HD)</channel>
    <channel update="i" site="musor.tv" site_id="HISTORYHD" xmltv_id="History (HD)">History (HD)</channel>
    <channel update="i" site="musor.tv" site_id="HISTORY2" xmltv_id="History2">History2</channel>
    <channel update="i" site="musor.tv" site_id="TRAVEL" xmltv_id="Travel Channel (HD)">Travel Channel (HD)</channel>
    <channel update="i" site="musor.tv" site_id="VIASAT_NATURE_HISTORY_HD" xmltv_id="Viasat Nature/History HD">Viasat Nature/History HD</channel>
    <channel update="i" site="musor.tv" site_id="VIASATEXP" xmltv_id="Viasat Explore (HD)">Viasat Explore (HD)</channel>
    <channel update="i" site="musor.tv" site_id="VIASATNAT" xmltv_id="Viasat Nature (HD)">Viasat Nature (HD)</channel>
    <channel update="i" site="musor.tv" site_id="VIASATHIST" xmltv_id="Viasat History (HD)">Viasat History (HD)</channel>
    <channel update="i" site="musor.tv" site_id="OZONE_TV" xmltv_id="Ozone TV (HD)">Ozone TV (HD)</channel>
    <channel update="i" site="musor.tv" site_id="LIFE_TV" xmltv_id="Life TV (HD)">Life TV (HD)</channel>
    <channel update="i" site="musor.tv" site_id="FEM3" xmltv_id="FEM3">FEM3</channel>
    <channel update="i" site="musor.tv" site_id="SPEKTRUMHOME" xmltv_id="Spektrum Home">Spektrum Home</channel>
    <channel update="i" site="musor.tv" site_id="PAPRIKA" xmltv_id="TV Paprika (HD)">TV Paprika (HD)</channel>
    <channel update="i" site="musor.tv" site_id="FOODNETWORK" xmltv_id="Food Network (HD)">Food Network (HD)</channel>
    <channel update="i" site="musor.tv" site_id="LICHI_TV" xmltv_id="LiChi TV">LiChi TV</channel>
    <channel update="i" site="musor.tv" site_id="CBSREALITY" xmltv_id="CBS Reality">CBS Reality</channel>
    <channel update="i" site="musor.tv" site_id="DIGIWORLD" xmltv_id="DIGI World (HD)">DIGI World (HD)</channel>
    <channel update="i" site="musor.tv" site_id="DIGILIFE" xmltv_id="DIGI Life (HD)">DIGI Life (HD)</channel>
    <channel update="i" site="musor.tv" site_id="DIGIANIMALWORLD" xmltv_id="DIGI Animal World (HD)">DIGI Animal World (HD)</channel>
    <channel update="i" site="musor.tv" site_id="BBC_EARTH" xmltv_id="BBC Earth (HD)">BBC Earth (HD)</channel>
    <channel update="i" site="musor.tv" site_id="DAVINCI" xmltv_id="Da Vinci">Da Vinci</channel>
    <channel update="i" site="musor.tv" site_id="FINELIVING" xmltv_id="Fine Living (HD)">Fine Living (HD)</channel>
    <channel update="i" site="musor.tv" site_id="D1TV" xmltv_id="D1 Televízió">D1 Televízió</channel>
    <channel update="i" site="musor.tv" site_id="FIXTV" xmltv_id="FIX TV (HD)">FIX TV (HD)</channel>
    <channel update="i" site="musor.tv" site_id="HATOS_CSATORNA" xmltv_id="Hatoscsatorna">Hatoscsatorna</channel>
    <channel update="i" site="musor.tv" site_id="PAX" xmltv_id="PAX TV">PAX TV</channel>
    <channel update="i" site="musor.tv" site_id="BONUM" xmltv_id="Bonum TV">Bonum TV</channel>
    <channel update="i" site="musor.tv" site_id="HETI_TV" xmltv_id="Heti TV">Heti TV</channel>
    <channel update="i" site="musor.tv" site_id="DIKH_TV" xmltv_id="Dikh TV">Dikh TV</channel>
    <channel update="i" site="musor.tv" site_id="E_ENTERTAINMENT" xmltv_id="E! Entertainment (HD)">E! Entertainment (HD)</channel>
    <channel update="i" site="musor.tv" site_id="M4_SPORT" xmltv_id="M4 Sport (HD)">M4 Sport (HD)</channel>
    <channel update="i" site="musor.tv" site_id="DIGISPORT1" xmltv_id="DIGI Sport 1 (HD)">DIGI Sport 1 (HD)</channel>
    <channel update="i" site="musor.tv" site_id="DIGISPORT2" xmltv_id="DIGI Sport 2 (HD)">DIGI Sport 2 (HD)</channel>
    <channel update="i" site="musor.tv" site_id="DIGISPORT3" xmltv_id="DIGI Sport 3 (HD)">DIGI Sport 3 (HD)</channel>
    <channel update="i" site="musor.tv" site_id="SPORT1" xmltv_id="Sport 1 (HD)">Sport 1 (HD)</channel>
    <channel update="i" site="musor.tv" site_id="SPORT2" xmltv_id="Sport 2 (HD)">Sport 2 (HD)</channel>
    <channel update="i" site="musor.tv" site_id="EUROSPORT" xmltv_id="Eurosport 1 (HD)">Eurosport 1 (HD)</channel>
    <channel update="i" site="musor.tv" site_id="EUROSPORT2" xmltv_id="Eurosport 2 (HD)">Eurosport 2 (HD)</channel>
    <channel update="i" site="musor.tv" site_id="SPILER_TV" xmltv_id="Spíler1 TV (HD)">Spíler1 TV (HD)</channel>
    <channel update="i" site="musor.tv" site_id="SPILER2_TV" xmltv_id="Spíler2 TV (HD)">Spíler2 TV (HD)</channel>
    <channel update="i" site="musor.tv" site_id="EXTREMESP" xmltv_id="Extreme Sports Channel">Extreme Sports Channel</channel>
    <channel update="i" site="musor.tv" site_id="FISHING_HUNTING" xmltv_id="Fishing &amp; Hunting Channel (HD)">Fishing &amp; Hunting Channel (HD)</channel>
    <channel update="i" site="musor.tv" site_id="FIT_HD" xmltv_id="Fit HD">Fit HD</channel>
    <channel update="i" site="musor.tv" site_id="AUTO_MOTOR_SPORT" xmltv_id="Auto Motor Sport (HD)">Auto Motor Sport (HD)</channel>
    <channel update="i" site="musor.tv" site_id="MUSICCHANNEL" xmltv_id="1 Music Channel (HD)">1 Music Channel (HD)</channel>
    <channel update="i" site="musor.tv" site_id="HIT_MUSIC" xmltv_id="H!T Music">H!T Music</channel>
    <channel update="i" site="musor.tv" site_id="MTVHU" xmltv_id="MTV Hungary">MTV Hungary</channel>
    <channel update="i" site="musor.tv" site_id="MTVLIVEHD" xmltv_id="MTV Live HD">MTV Live HD</channel>
    <channel update="i" site="musor.tv" site_id="MTVHITS" xmltv_id="MTV Hits">MTV Hits</channel>
    <channel update="i" site="musor.tv" site_id="MTVDANCE" xmltv_id="MTV Dance">MTV Dance</channel>
    <channel update="i" site="musor.tv" site_id="MTVROCKS" xmltv_id="MTV Rocks">MTV Rocks</channel>
    <channel update="i" site="musor.tv" site_id="VH1" xmltv_id="VH-1">VH-1</channel>
    <channel update="i" site="musor.tv" site_id="VH1CLASSIC" xmltv_id="VH-1 Classic">VH-1 Classic</channel>
    <channel update="i" site="musor.tv" site_id="TOTALDANCE_TV" xmltv_id="Total Dance TV">Total Dance TV</channel>
    <channel update="i" site="musor.tv" site_id="TRACEURBAN" xmltv_id="Trace Urban (HD)">Trace Urban (HD)</channel>
    <channel update="i" site="musor.tv" site_id="MUZSIKATV" xmltv_id="Muzsika TV">Muzsika TV</channel>
    <channel update="i" site="musor.tv" site_id="SLAGERTV" xmltv_id="Sláger TV">Sláger TV</channel>
    <channel update="i" site="musor.tv" site_id="ZENEBUTIK" xmltv_id="Zenebutik TV">Zenebutik TV</channel>
    <channel update="i" site="musor.tv" site_id="MEZZOHD" xmltv_id="Mezzo Live HD">Mezzo Live HD</channel>
    <channel update="i" site="musor.tv" site_id="MEZZO" xmltv_id="Mezzo">Mezzo</channel>
    <channel update="i" site="musor.tv" site_id="CLASSICA" xmltv_id="Stingray Classica HD">Stingray Classica HD</channel>
    <channel update="i" site="musor.tv" site_id="ICONCERTS" xmltv_id="iConcerts HD">iConcerts HD</channel>
    <channel update="i" site="musor.tv" site_id="CMUSIC" xmltv_id="C Music TV">C Music TV</channel>
    <channel update="i" site="musor.tv" site_id="M1" xmltv_id="M1 (HD)">M1 (HD)</channel>
    <channel update="i" site="musor.tv" site_id="ATV" xmltv_id="ATV (HD)">ATV (HD)</channel>
    <channel update="i" site="musor.tv" site_id="HIRTV" xmltv_id="Hír TV">Hír TV</channel>
    <channel update="i" site="musor.tv" site_id="EURONEWS" xmltv_id="Euronews (HD)">Euronews (HD)</channel>
    <channel update="i" site="musor.tv" site_id="BALATON_TV" xmltv_id="Balaton TV">Balaton TV</channel>
    <channel update="i" site="musor.tv" site_id="KOLCSEY_TV" xmltv_id="Kölcsey TV">Kölcsey TV</channel>
    <channel update="i" site="musor.tv" site_id="7TV" xmltv_id="7.TV">7.TV</channel>
    <channel update="i" site="musor.tv" site_id="KAPOS_TV" xmltv_id="Kapos TV">Kapos TV</channel>
    <channel update="i" site="musor.tv" site_id="FEHERVAR_TV" xmltv_id="Fehérvár TV">Fehérvár TV</channel>
    <channel update="i" site="musor.tv" site_id="SZEGED_TV" xmltv_id="Szeged TV">Szeged TV</channel>
    <channel update="i" site="musor.tv" site_id="HEGYVIDEK_TV" xmltv_id="Hegyvidék TV">Hegyvidék TV</channel>
    <channel update="i" site="musor.tv" site_id="UJBUDA_TV" xmltv_id="Újbuda TV">Újbuda TV</channel>
    <channel update="i" site="musor.tv" site_id="ERDELY_TV" xmltv_id="Erdély TV">Erdély TV</channel>
    <channel update="i" site="musor.tv" site_id="CNN" xmltv_id="CNN">CNN</channel>
    <channel update="i" site="musor.tv" site_id="BBCWORLD" xmltv_id="BBC World News">BBC World News</channel>
    <channel update="i" site="musor.tv" site_id="CNBC" xmltv_id="CNBC">CNBC</channel>
    <channel update="i" site="musor.tv" site_id="SKYNEWS" xmltv_id="Sky News">Sky News</channel>
    <channel update="i" site="musor.tv" site_id="RT" xmltv_id="Russia Today">Russia Today</channel>
    <channel update="i" site="musor.tv" site_id="TRACESPORTS" xmltv_id="Trace Sports HD">Trace Sports HD</channel>
    <channel update="i" site="musor.tv" site_id="NAUTICAL_CHANNEL" xmltv_id="Nautical Channel (HD)">Nautical Channel (HD)</channel>
    <channel update="i" site="musor.tv" site_id="FIGHTBOX_EN" xmltv_id="Fightbox HD">Fightbox HD</channel>
    <channel update="i" site="musor.tv" site_id="DOCUBOX_EN" xmltv_id="Docubox HD">Docubox HD</channel>
    <channel update="i" site="musor.tv" site_id="FUNBOX_UHD" xmltv_id="Funbox UltraHD 4K">Funbox UltraHD 4K</channel>
    <channel update="i" site="musor.tv" site_id="GAMETOON" xmltv_id="Gametoon HD">Gametoon HD</channel>
    <channel update="i" site="musor.tv" site_id="BABYTV" xmltv_id="Baby TV">Baby TV</channel>
    <channel update="i" site="musor.tv" site_id="NICKELODEONHD" xmltv_id="Nickelodeon HD">Nickelodeon HD</channel>
    <channel update="i" site="musor.tv" site_id="SMILE_JUCE" xmltv_id="Smile / Juce TV">Smile / Juce TV</channel>
    <channel update="i" site="musor.tv" site_id="FTVHD" xmltv_id="Fashion TV HD">Fashion TV HD</channel>
    <channel update="i" site="musor.tv" site_id="HGTV" xmltv_id="HGTV">HGTV</channel>
    <channel update="i" site="musor.tv" site_id="MR1" xmltv_id="Kossuth Rádió">Kossuth Rádió</channel>
    <channel update="i" site="musor.tv" site_id="MR2" xmltv_id="Petőfi Rádió">Petőfi Rádió</channel>
    <channel update="i" site="musor.tv" site_id="MR3" xmltv_id="Bartók Rádió">Bartók Rádió</channel>
    <channel update="i" site="musor.tv" site_id="MR4" xmltv_id="Nemzetiségi Adások">Nemzetiségi Adások</channel>
    <channel update="i" site="musor.tv" site_id="DANKO_RADIO" xmltv_id="Dankó Rádió">Dankó Rádió</channel>
    <channel update="i" site="musor.tv" site_id="DUNAWORLDRADIO" xmltv_id="Duna World Rádió">Duna World Rádió</channel>
    <channel update="i" site="musor.tv" site_id="MKR" xmltv_id="Magyar Katolikus Rádió">Magyar Katolikus Rádió</channel>
  </channels>
</site>