﻿<?xml version="1.0" encoding="UTF-8"?>
<site generator-info-name="WebGrab+Plus/w MDB &amp; REX Postprocess -- version  V3.0.0.0 -- build 3 -- Jan van Straaten" site="firstmedia.com">
  <channels>
    <channel update="i" site="firstmedia.com.EK" site_id="1" xmltv_id="BERITA SATU HD">BERITA SATU HD</channel>
    <channel update="i" site="firstmedia.com.EK" site_id="2" xmltv_id="JAKARTA GLOBE NEWS CHANNEL">JAKARTA GLOBE NEWS CHANNEL</channel>
    <channel update="i" site="firstmedia.com.EK" site_id="3" xmltv_id="HOMEANDLIVING">HOMEANDLIVING</channel>
    <channel update="i" site="firstmedia.com.EK" site_id="5" xmltv_id="NET.">NET.</channel>
    <channel update="i" site="firstmedia.com.EK" site_id="6" xmltv_id="BERITA SATU">BERITA SATU</channel>
    <channel update="i" site="firstmedia.com.EK" site_id="7" xmltv_id="METRO TV">METRO TV</channel>
    <channel update="i" site="firstmedia.com.EK" site_id="8" xmltv_id="TRANS 7">TRANS 7</channel>
    <channel update="i" site="firstmedia.com.EK" site_id="9" xmltv_id="TRANS TV">TRANS TV</channel>
    <channel update="i" site="firstmedia.com.EK" site_id="10" xmltv_id="SCTV">SCTV</channel>
    <channel update="i" site="firstmedia.com.EK" site_id="11" xmltv_id="INDOSIAR">INDOSIAR</channel>
    <channel update="i" site="firstmedia.com.EK" site_id="12" xmltv_id="MNC SHOP">MNC SHOP</channel>
    <channel update="i" site="firstmedia.com.EK" site_id="13" xmltv_id="ANTV">ANTV</channel>
    <channel update="i" site="firstmedia.com.EK" site_id="14" xmltv_id="DANGDUTZ">DANGDUTZ</channel>
    <channel update="i" site="firstmedia.com.EK" site_id="15" xmltv_id="KOMPAS TV">KOMPAS TV</channel>
    <channel update="i" site="firstmedia.com.EK" site_id="17" xmltv_id="JTV">JTV</channel>
    <channel update="i" site="firstmedia.com.EK" site_id="18" xmltv_id="TV PARLEMEN">TV PARLEMEN</channel>
    <channel update="i" site="firstmedia.com.EK" site_id="19" xmltv_id="BERITA SATU WORLD">BERITA SATU WORLD</channel>
    <channel update="i" site="firstmedia.com.EK" site_id="21" xmltv_id="REFORMED 21">REFORMED 21</channel>
    <channel update="i" site="firstmedia.com.EK" site_id="22" xmltv_id="BALAIKOTA MALANG">BALAIKOTA MALANG</channel>
    <channel update="i" site="firstmedia.com.EK" site_id="23" xmltv_id="KAIROS">KAIROS</channel>
    <channel update="i" site="firstmedia.com.EK" site_id="24" xmltv_id="SPH CHANNEL">SPH CHANNEL</channel>
    <channel update="i" site="firstmedia.com.EK" site_id="26" xmltv_id="O CHANNEL">O CHANNEL</channel>
    <channel update="i" site="firstmedia.com.EK" site_id="27" xmltv_id="DAAITV">DAAITV</channel>
    <channel update="i" site="firstmedia.com.EK" site_id="29" xmltv_id="EWTN">EWTN</channel>
    <channel update="i" site="firstmedia.com.EK" site_id="33" xmltv_id="BALAIKOTA CHANNEL">BALAIKOTA CHANNEL</channel>
    <channel update="i" site="firstmedia.com.EK" site_id="34" xmltv_id="BALAIKOTA BANDUNG">BALAIKOTA BANDUNG</channel>
    <channel update="i" site="firstmedia.com.EK" site_id="35" xmltv_id="Fox Life">Fox Life</channel>
    <channel update="i" site="firstmedia.com.EK" site_id="36" xmltv_id="NAT GEO PEOPLE">NAT GEO PEOPLE</channel>
    <channel update="i" site="firstmedia.com.EK" site_id="59" xmltv_id="AL  JAZEERA ARABIC">AL  JAZEERA ARABIC</channel>
    <channel update="i" site="firstmedia.com.EK" site_id="252" xmltv_id="AL  JAZEERA INTERNATIONAL">AL  JAZEERA INTERNATIONAL</channel>
    <channel update="i" site="firstmedia.com.EK" site_id="217" xmltv_id="ANHUI TV">ANHUI TV</channel>
    <channel update="i" site="firstmedia.com.EK" site_id="105" xmltv_id="ANIMAL PLANET">ANIMAL PLANET</channel>
    <channel update="i" site="firstmedia.com.EK" site_id="369" xmltv_id="ANIMAL PLANET HD">ANIMAL PLANET HD</channel>
    <channel update="i" site="firstmedia.com.EK" site_id="52" xmltv_id="ANIMAX">ANIMAX</channel>
    <channel update="i" site="firstmedia.com.EK" site_id="342" xmltv_id="ANIMAX HD">ANIMAX HD</channel>
    <channel update="i" site="firstmedia.com.EK" site_id="253" xmltv_id="ARIRANG">ARIRANG</channel>
    <channel update="i" site="firstmedia.com.EK" site_id="76" xmltv_id="ASIAN FOOD CHANNEL">ASIAN FOOD CHANNEL</channel>
    <channel update="i" site="firstmedia.com.EK" site_id="351" xmltv_id="ASIAN FOOD CHANNEL HD">ASIAN FOOD CHANNEL HD</channel>
    <channel update="i" site="firstmedia.com.EK" site_id="251" xmltv_id="AUSTRALIA PLUS">AUSTRALIA PLUS</channel>
    <channel update="i" site="firstmedia.com.EK" site_id="51" xmltv_id="AXN">AXN</channel>
    <channel update="i" site="firstmedia.com.EK" site_id="332" xmltv_id="AXN HD">AXN HD</channel>
    <channel update="i" site="firstmedia.com.EK" site_id="128" xmltv_id="BABY FIRST">BABY FIRST</channel>
    <channel update="i" site="firstmedia.com.EK" site_id="32" xmltv_id="BALAIKOTA BOGOR">BALAIKOTA BOGOR</channel>
    <channel update="i" site="firstmedia.com.EK" site_id="230" xmltv_id="BBC WORLD">BBC WORLD</channel>
    <channel update="i" site="firstmedia.com.EK" site_id="395" xmltv_id="BBC WORLD NEWS HD">BBC WORLD NEWS HD</channel>
    <channel update="i" site="firstmedia.com.EK" site_id="321" xmltv_id="BERITA SATU SPORTS 1 HD">BERITA SATU SPORTS 1 HD</channel>
    <channel update="i" site="firstmedia.com.EK" site_id="304" xmltv_id="BERITA SATU WORLD HD">BERITA SATU WORLD HD</channel>
    <channel update="i" site="firstmedia.com.EK" site_id="397" xmltv_id="BLOOMBERG HD">BLOOMBERG HD</channel>
    <channel update="i" site="firstmedia.com.EK" site_id="231" xmltv_id="BLOOMBERG TELEVISION">BLOOMBERG TELEVISION</channel>
    <channel update="i" site="firstmedia.com.EK" site_id="127" xmltv_id="CARTOON NETWORK">CARTOON NETWORK</channel>
    <channel update="i" site="firstmedia.com.EK" site_id="370" xmltv_id="CARTOON NETWORK HD">CARTOON NETWORK HD</channel>
    <channel update="i" site="firstmedia.com.EK" site_id="209" xmltv_id="CCTV 4">CCTV 4</channel>
    <channel update="i" site="firstmedia.com.EK" site_id="210" xmltv_id="CGTN">CGTN</channel>
    <channel update="i" site="firstmedia.com.EK" site_id="225" xmltv_id="CHANNEL [V] INTL">CHANNEL [V] INTL</channel>
    <channel update="i" site="firstmedia.com.EK" site_id="232" xmltv_id="CHANNEL NEWSASIA">CHANNEL NEWSASIA</channel>
    <channel update="i" site="firstmedia.com.EK" site_id="367" xmltv_id="CI HD">CI HD</channel>
    <channel update="i" site="firstmedia.com.EK" site_id="290" xmltv_id="CINEMAX">CINEMAX</channel>
    <channel update="i" site="firstmedia.com.EK" site_id="310" xmltv_id="CINEMAX HD">CINEMAX HD</channel>
    <channel update="i" site="firstmedia.com.EK" site_id="238" xmltv_id="CNBC">CNBC</channel>
    <channel update="i" site="firstmedia.com.EK" site_id="396" xmltv_id="CNN INT.HD">CNN INT.HD</channel>
    <channel update="i" site="firstmedia.com.EK" site_id="236" xmltv_id="CNN INTERNATIONAL">CNN INTERNATIONAL</channel>
    <channel update="i" site="firstmedia.com.EK" site_id="173" xmltv_id="COLORS">COLORS</channel>
    <channel update="i" site="firstmedia.com.EK" site_id="392" xmltv_id="COMEDY NETWORK">COMEDY NETWORK</channel>
    <channel update="i" site="firstmedia.com.EK" site_id="371" xmltv_id="DAVINCI HD">DAVINCI HD</channel>
    <channel update="i" site="firstmedia.com.EK" site_id="364" xmltv_id="DISCOVERY ASIA">DISCOVERY ASIA</channel>
    <channel update="i" site="firstmedia.com.EK" site_id="101" xmltv_id="DISCOVERY CHANNEL">DISCOVERY CHANNEL</channel>
    <channel update="i" site="firstmedia.com.EK" site_id="360" xmltv_id="DISCOVERY HD">DISCOVERY HD</channel>
    <channel update="i" site="firstmedia.com.EK" site_id="130" xmltv_id="DISCOVERY KIDS">DISCOVERY KIDS</channel>
    <channel update="i" site="firstmedia.com.EK" site_id="368" xmltv_id="DISCOVERY SCIENCE HD">DISCOVERY SCIENCE HD</channel>
    <channel update="i" site="firstmedia.com.EK" site_id="120" xmltv_id="DISNEY CHANNEL">DISNEY CHANNEL</channel>
    <channel update="i" site="firstmedia.com.EK" site_id="373" xmltv_id="DISNEY HD">DISNEY HD</channel>
    <channel update="i" site="firstmedia.com.EK" site_id="121" xmltv_id="DISNEY JUNIOR">DISNEY JUNIOR</channel>
    <channel update="i" site="firstmedia.com.EK" site_id="299" xmltv_id="DIVA">DIVA</channel>
    <channel update="i" site="firstmedia.com.EK" site_id="334" xmltv_id="DIVA HD">DIVA HD</channel>
    <channel update="i" site="firstmedia.com.EK" site_id="355" xmltv_id="DMAX HD">DMAX HD</channel>
    <channel update="i" site="firstmedia.com.EK" site_id="215" xmltv_id="DRAGON TV">DRAGON TV</channel>
    <channel update="i" site="firstmedia.com.EK" site_id="250" xmltv_id="DW">DW</channel>
    <channel update="i" site="firstmedia.com.EK" site_id="393" xmltv_id="DW HD">DW HD</channel>
    <channel update="i" site="firstmedia.com.EK" site_id="70" xmltv_id="E! ENTERTAINMENT">E! ENTERTAINMENT</channel>
    <channel update="i" site="firstmedia.com.EK" site_id="348" xmltv_id="E! ENTERTAINMENT HD">E! ENTERTAINMENT HD</channel>
    <channel update="i" site="firstmedia.com.EK" site_id="60" xmltv_id="EURONEWS">EURONEWS</channel>
    <channel update="i" site="firstmedia.com.EK" site_id="151" xmltv_id="EUROSPORT">EUROSPORT</channel>
    <channel update="i" site="firstmedia.com.EK" site_id="318" xmltv_id="EUROSPORT HD">EUROSPORT HD</channel>
    <channel update="i" site="firstmedia.com.EK" site_id="354" xmltv_id="EVE HD">EVE HD</channel>
    <channel update="i" site="firstmedia.com.EK" site_id="81" xmltv_id="FASHION TV">FASHION TV</channel>
    <channel update="i" site="firstmedia.com.EK" site_id="149" xmltv_id="FIGHT SPORTS">FIGHT SPORTS</channel>
    <channel update="i" site="firstmedia.com.EK" site_id="323" xmltv_id="FIGHT SPORTS HD">FIGHT SPORTS HD</channel>
    <channel update="i" site="firstmedia.com.EK" site_id="900" xmltv_id="FIRST HIGHLIGHTS">FIRST HIGHLIGHTS</channel>
    <channel update="i" site="firstmedia.com.EK" site_id="75" xmltv_id="FOODIE">FOODIE</channel>
    <channel update="i" site="firstmedia.com.EK" site_id="349" xmltv_id="FOODIE HD">FOODIE HD</channel>
    <channel update="i" site="firstmedia.com.EK" site_id="55" xmltv_id="FOX">FOX</channel>
    <channel update="i" site="firstmedia.com.EK" site_id="312" xmltv_id="FOX ACTION MOVIES HD">FOX ACTION MOVIES HD</channel>
    <channel update="i" site="firstmedia.com.EK" site_id="56" xmltv_id="FOX CRIME">FOX CRIME</channel>
    <channel update="i" site="firstmedia.com.EK" site_id="329" xmltv_id="FOX CRIME HD">FOX CRIME HD</channel>
    <channel update="i" site="firstmedia.com.EK" site_id="58" xmltv_id="FOX FAMILY MOVIES">FOX FAMILY MOVIES</channel>
    <channel update="i" site="firstmedia.com.EK" site_id="331" xmltv_id="FOX FAMILY MOVIES HD">FOX FAMILY MOVIES HD</channel>
    <channel update="i" site="firstmedia.com.EK" site_id="328" xmltv_id="FOX HD">FOX HD</channel>
    <channel update="i" site="firstmedia.com.EK" site_id="327" xmltv_id="FOX Life HD">FOX Life HD</channel>
    <channel update="i" site="firstmedia.com.EK" site_id="295" xmltv_id="FOX MOVIES">FOX MOVIES</channel>
    <channel update="i" site="firstmedia.com.EK" site_id="309" xmltv_id="FOX MOVIES HD">FOX MOVIES HD</channel>
    <channel update="i" site="firstmedia.com.EK" site_id="233" xmltv_id="FOX NEWS CHANNEL">FOX NEWS CHANNEL</channel>
    <channel update="i" site="firstmedia.com.EK" site_id="157" xmltv_id="FOX SPORTS">FOX SPORTS</channel>
    <channel update="i" site="firstmedia.com.EK" site_id="158" xmltv_id="FOX SPORTS 2">FOX SPORTS 2</channel>
    <channel update="i" site="firstmedia.com.EK" site_id="315" xmltv_id="FOX SPORTS 2 HD">FOX SPORTS 2 HD</channel>
    <channel update="i" site="firstmedia.com.EK" site_id="316" xmltv_id="FOX SPORTS 3 HD">FOX SPORTS 3 HD</channel>
    <channel update="i" site="firstmedia.com.EK" site_id="314" xmltv_id="FOX SPORTS HD">FOX SPORTS HD</channel>
    <channel update="i" site="firstmedia.com.EK" site_id="159" xmltv_id="FOX SPORTS NEWS">FOX SPORTS NEWS</channel>
    <channel update="i" site="firstmedia.com.EK" site_id="261" xmltv_id="FRANCE 24">FRANCE 24</channel>
    <channel update="i" site="firstmedia.com.EK" site_id="366" xmltv_id="FYIHD">FYIHD</channel>
    <channel update="i" site="firstmedia.com.EK" site_id="556" xmltv_id="GINX">GINX</channel>
    <channel update="i" site="firstmedia.com.EK" site_id="285" xmltv_id="HBO">HBO</channel>
    <channel update="i" site="firstmedia.com.EK" site_id="288" xmltv_id="HBO FAMILY">HBO FAMILY</channel>
    <channel update="i" site="firstmedia.com.EK" site_id="307" xmltv_id="HBO FAMILY HD">HBO FAMILY HD</channel>
    <channel update="i" site="firstmedia.com.EK" site_id="305" xmltv_id="HBO HD">HBO HD</channel>
    <channel update="i" site="firstmedia.com.EK" site_id="287" xmltv_id="HBO HITS">HBO HITS</channel>
    <channel update="i" site="firstmedia.com.EK" site_id="306" xmltv_id="HBO HITS HD">HBO HITS HD</channel>
    <channel update="i" site="firstmedia.com.EK" site_id="286" xmltv_id="HBO SIGNATURE">HBO SIGNATURE</channel>
    <channel update="i" site="firstmedia.com.EK" site_id="308" xmltv_id="HBO SIGNATURE HD">HBO SIGNATURE HD</channel>
    <channel update="i" site="firstmedia.com.EK" site_id="28" xmltv_id="HI! TV">HI! TV</channel>
    <channel update="i" site="firstmedia.com.EK" site_id="303" xmltv_id="HI!TV HD">HI!TV HD</channel>
    <channel update="i" site="firstmedia.com.EK" site_id="365" xmltv_id="HISTORY HD">HISTORY HD</channel>
    <channel update="i" site="firstmedia.com.EK" site_id="214" xmltv_id="HUNAN TV">HUNAN TV</channel>
    <channel update="i" site="firstmedia.com.EK" site_id="398" xmltv_id="IDX HD">IDX HD</channel>
    <channel update="i" site="firstmedia.com.EK" site_id="25" xmltv_id="J GO">J GO</channel>
    <channel update="i" site="firstmedia.com.EK" site_id="325" xmltv_id="J GO HD">J GO HD</channel>
    <channel update="i" site="firstmedia.com.EK" site_id="62" xmltv_id="JAK-TV">JAK-TV</channel>
    <channel update="i" site="firstmedia.com.EK" site_id="399" xmltv_id="JAKARTA GLOBE NEWS CHANNEL HD">JAKARTA GLOBE NEWS CHANNEL HD</channel>
    <channel update="i" site="firstmedia.com.EK" site_id="216" xmltv_id="JIANGSU TV">JIANGSU TV</channel>
    <channel update="i" site="firstmedia.com.EK" site_id="129" xmltv_id="JIM JAM">JIM JAM</channel>
    <channel update="i" site="firstmedia.com.EK" site_id="30" xmltv_id="KARAOKE">KARAOKE</channel>
    <channel update="i" site="firstmedia.com.EK" site_id="262" xmltv_id="KBS">KBS</channel>
    <channel update="i" site="firstmedia.com.EK" site_id="256" xmltv_id="KTV">KTV</channel>
    <channel update="i" site="firstmedia.com.EK" site_id="4" xmltv_id="LEJEL HOME SHOPPING">LEJEL HOME SHOPPING</channel>
    <channel update="i" site="firstmedia.com.EK" site_id="359" xmltv_id="LIFETIME HD">LIFETIME HD</channel>
    <channel update="i" site="firstmedia.com.EK" site_id="64" xmltv_id="MATRIX SHOP">MATRIX SHOP</channel>
    <channel update="i" site="firstmedia.com.EK" site_id="179" xmltv_id="MAX">MAX</channel>
    <channel update="i" site="firstmedia.com.EK" site_id="357" xmltv_id="MEZZO">MEZZO</channel>
    <channel update="i" site="firstmedia.com.EK" site_id="31" xmltv_id="MIX">MIX</channel>
    <channel update="i" site="firstmedia.com.EK" site_id="302" xmltv_id="MIX HD">MIX HD</channel>
    <channel update="i" site="firstmedia.com.EK" site_id="220" xmltv_id="MTV ASIA">MTV ASIA</channel>
    <channel update="i" site="firstmedia.com.EK" site_id="356" xmltv_id="MTV ASIA HD">MTV ASIA HD</channel>
    <channel update="i" site="firstmedia.com.EK" site_id="174" xmltv_id="MTV INDIA">MTV INDIA</channel>
    <channel update="i" site="firstmedia.com.EK" site_id="358" xmltv_id="MTV LIVE HD">MTV LIVE HD</channel>
    <channel update="i" site="firstmedia.com.EK" site_id="363" xmltv_id="NAT GEO PEOPLE HD">NAT GEO PEOPLE HD</channel>
    <channel update="i" site="firstmedia.com.EK" site_id="111" xmltv_id="NAT GEO WILD">NAT GEO WILD</channel>
    <channel update="i" site="firstmedia.com.EK" site_id="362" xmltv_id="NAT GEO WILD HD">NAT GEO WILD HD</channel>
    <channel update="i" site="firstmedia.com.EK" site_id="110" xmltv_id="NATIONAL GEOGRAPHIC CHANNEL">NATIONAL GEOGRAPHIC CHANNEL</channel>
    <channel update="i" site="firstmedia.com.EK" site_id="361" xmltv_id="NATIONAL GEOGRAPHIC CHANNEL HD">NATIONAL GEOGRAPHIC CHANNEL HD</channel>
    <channel update="i" site="firstmedia.com.EK" site_id="155" xmltv_id="NBA TV">NBA TV</channel>
    <channel update="i" site="firstmedia.com.EK" site_id="319" xmltv_id="NBA TV HD">NBA TV HD</channel>
    <channel update="i" site="firstmedia.com.EK" site_id="390" xmltv_id="NET.TV HD">NET.TV HD</channel>
    <channel update="i" site="firstmedia.com.EK" site_id="257" xmltv_id="NHK WORLD">NHK WORLD</channel>
    <channel update="i" site="firstmedia.com.EK" site_id="341" xmltv_id="NHK WORLDTV HD">NHK WORLDTV HD</channel>
    <channel update="i" site="firstmedia.com.EK" site_id="124" xmltv_id="NICK JR">NICK JR</channel>
    <channel update="i" site="firstmedia.com.EK" site_id="125" xmltv_id="NICKELODEON">NICKELODEON</channel>
    <channel update="i" site="firstmedia.com.EK" site_id="554" xmltv_id="OUTDOOR CHANNEL">OUTDOOR CHANNEL</channel>
    <channel update="i" site="firstmedia.com.EK" site_id="203" xmltv_id="PHOENIX CHINESE CHANNEL">PHOENIX CHINESE CHANNEL</channel>
    <channel update="i" site="firstmedia.com.EK" site_id="202" xmltv_id="PHOENIX INFO NEWS">PHOENIX INFO NEWS</channel>
    <channel update="i" site="firstmedia.com.EK" site_id="258" xmltv_id="RAI ITALIA">RAI ITALIA</channel>
    <channel update="i" site="firstmedia.com.EK" site_id="391" xmltv_id="REFORMED 21 HD">REFORMED 21 HD</channel>
    <channel update="i" site="firstmedia.com.EK" site_id="205" xmltv_id="S ONE">S ONE</channel>
    <channel update="i" site="firstmedia.com.EK" site_id="338" xmltv_id="S ONE HD">S ONE HD</channel>
    <channel update="i" site="firstmedia.com.EK" site_id="156" xmltv_id="SETANTA">SETANTA</channel>
    <channel update="i" site="firstmedia.com.EK" site_id="320" xmltv_id="SETANTA HD">SETANTA HD</channel>
    <channel update="i" site="firstmedia.com.EK" site_id="20" xmltv_id="SILOAM TV">SILOAM TV</channel>
    <channel update="i" site="firstmedia.com.EK" site_id="394" xmltv_id="SKY NEWS HD">SKY NEWS HD</channel>
    <channel update="i" site="firstmedia.com.EK" site_id="61" xmltv_id="SMILE - JCTV">SMILE - JCTV</channel>
    <channel update="i" site="firstmedia.com.EK" site_id="333" xmltv_id="SONY CHANNEL HD">SONY CHANNEL HD</channel>
    <channel update="i" site="firstmedia.com.EK" site_id="170" xmltv_id="SONY ENTERTAINMENT TELEVISION">SONY ENTERTAINMENT TELEVISION</channel>
    <channel update="i" site="firstmedia.com.EK" site_id="150" xmltv_id="SPORTS ILLUSTRATED">SPORTS ILLUSTRATED</channel>
    <channel update="i" site="firstmedia.com.EK" site_id="324" xmltv_id="SPORTS ILLUSTRATED 2">SPORTS ILLUSTRATED 2</channel>
    <channel update="i" site="firstmedia.com.EK" site_id="317" xmltv_id="SPORTS ILLUSTRATED HD">SPORTS ILLUSTRATED HD</channel>
    <channel update="i" site="firstmedia.com.EK" site_id="313" xmltv_id="STAR CHINESE MOVIES HD">STAR CHINESE MOVIES HD</channel>
    <channel update="i" site="firstmedia.com.EK" site_id="160" xmltv_id="STAR GOLD">STAR GOLD</channel>
    <channel update="i" site="firstmedia.com.EK" site_id="171" xmltv_id="STAR PLUS">STAR PLUS</channel>
    <channel update="i" site="firstmedia.com.EK" site_id="72" xmltv_id="TLC">TLC</channel>
    <channel update="i" site="firstmedia.com.EK" site_id="353" xmltv_id="TLC HD">TLC HD</channel>
    <channel update="i" site="firstmedia.com.EK" site_id="63" xmltv_id="TV ONE">TV ONE</channel>
    <channel update="i" site="firstmedia.com.EK" site_id="260" xmltv_id="TV5 MONDE">TV5 MONDE</channel>
    <channel update="i" site="firstmedia.com.EK" site_id="201" xmltv_id="TVB XINGHE">TVB XINGHE</channel>
    <channel update="i" site="firstmedia.com.EK" site_id="200" xmltv_id="TVB8">TVB8</channel>
    <channel update="i" site="firstmedia.com.EK" site_id="211" xmltv_id="TVBS ASIA">TVBS ASIA</channel>
    <channel update="i" site="firstmedia.com.EK" site_id="213" xmltv_id="TVBS JADE">TVBS JADE</channel>
    <channel update="i" site="firstmedia.com.EK" site_id="212" xmltv_id="TVBS NEWS">TVBS NEWS</channel>
    <channel update="i" site="firstmedia.com.EK" site_id="339" xmltv_id="TVN HD">TVN HD</channel>
    <channel update="i" site="firstmedia.com.EK" site_id="16" xmltv_id="TVRI NASIONAL">TVRI NASIONAL</channel>
    <channel update="i" site="firstmedia.com.EK" site_id="254" xmltv_id="WAKUWAKU JAPAN">WAKUWAKU JAPAN</channel>
    <channel update="i" site="firstmedia.com.EK" site_id="340" xmltv_id="WAKUWAKU JAPAN HD">WAKUWAKU JAPAN HD</channel>
    <channel update="i" site="firstmedia.com.EK" site_id="207" xmltv_id="XINGKONG">XINGKONG</channel>
    <channel update="i" site="firstmedia.com.EK" site_id="175" xmltv_id="ZEE CINEMA">ZEE CINEMA</channel>
    <channel update="i" site="firstmedia.com.EK" site_id="172" xmltv_id="ZEE TV">ZEE TV</channel>
  </channels>
</site>