﻿<?xml version="1.0" encoding="UTF-8"?>
<site generator-info-name="WebGrab+Plus/w MDB &amp; REX Postprocess -- version V3.0.0.23 -- Jan van Straaten" site="nowtv.now.com">
  <channels>
    <channel update="i" site="nowtv.now.com" site_id="en_us#96" xmltv_id="English - ViuTVsix">English - ViuTVsix</channel>
    <channel update="i" site="nowtv.now.com" site_id="en_us#99" xmltv_id="English - ViuTV">English - ViuTV</channel>
    <channel update="i" site="nowtv.now.com" site_id="en_us#102" xmltv_id="English - Now Drama Channel">English - Now Drama Channel</channel>
    <channel update="i" site="nowtv.now.com" site_id="en_us#105" xmltv_id="English - Now Chinese Drama Channel">English - Now Chinese Drama Channel</channel>
    <channel update="i" site="nowtv.now.com" site_id="en_us#106" xmltv_id="English - Now Video Express">English - Now Video Express</channel>
    <channel update="i" site="nowtv.now.com" site_id="en_us#108" xmltv_id="English - NowJelli">English - NowJelli</channel>
    <channel update="i" site="nowtv.now.com" site_id="en_us#111" xmltv_id="English - HBO Hits">English - HBO Hits</channel>
    <channel update="i" site="nowtv.now.com" site_id="en_us#112" xmltv_id="English - HBO Family">English - HBO Family</channel>
    <channel update="i" site="nowtv.now.com" site_id="en_us#113" xmltv_id="English - CINEMAX">English - CINEMAX</channel>
    <channel update="i" site="nowtv.now.com" site_id="en_us#114" xmltv_id="English - HBO Signature">English - HBO Signature</channel>
    <channel update="i" site="nowtv.now.com" site_id="en_us#115" xmltv_id="English - HBO">English - HBO</channel>
    <channel update="i" site="nowtv.now.com" site_id="en_us#116" xmltv_id="English - MOVIE MOVIE">English - MOVIE MOVIE</channel>
    <channel update="i" site="nowtv.now.com" site_id="en_us#117" xmltv_id="English - FOX Movies">English - FOX Movies</channel>
    <channel update="i" site="nowtv.now.com" site_id="en_us#118" xmltv_id="English - FOX Action Movies">English - FOX Action Movies</channel>
    <channel update="i" site="nowtv.now.com" site_id="en_us#120" xmltv_id="English - FOX Family Movies">English - FOX Family Movies</channel>
    <channel update="i" site="nowtv.now.com" site_id="en_us#125" xmltv_id="English - Thrill">English - Thrill</channel>
    <channel update="i" site="nowtv.now.com" site_id="en_us#133" xmltv_id="English - Now Baogu Movies">English - Now Baogu Movies</channel>
    <channel update="i" site="nowtv.now.com" site_id="en_us#139" xmltv_id="English - SCM">English - SCM</channel>
    <channel update="i" site="nowtv.now.com" site_id="en_us#140" xmltv_id="English - SCM Legend">English - SCM Legend</channel>
    <channel update="i" site="nowtv.now.com" site_id="en_us#150" xmltv_id="English - Animax">English - Animax</channel>
    <channel update="i" site="nowtv.now.com" site_id="en_us#151" xmltv_id="English - GEM">English - GEM</channel>
    <channel update="i" site="nowtv.now.com" site_id="en_us#155" xmltv_id="English - tvN">English - tvN</channel>
    <channel update="i" site="nowtv.now.com" site_id="en_us#156" xmltv_id="English - KBS World">English - KBS World</channel>
    <channel update="i" site="nowtv.now.com" site_id="en_us#160" xmltv_id="English - Star Chinese Channel">English - Star Chinese Channel</channel>
    <channel update="i" site="nowtv.now.com" site_id="en_us#162" xmltv_id="English - ETTV Asia Channel">English - ETTV Asia Channel</channel>
    <channel update="i" site="nowtv.now.com" site_id="en_us#163" xmltv_id="English - TVBS Asia">English - TVBS Asia</channel>
    <channel update="i" site="nowtv.now.com" site_id="en_us#168" xmltv_id="English - MOOV Concert/MV">English - MOOV Concert/MV</channel>
    <channel update="i" site="nowtv.now.com" site_id="en_us#208" xmltv_id="English - Discovery Asia">English - Discovery Asia</channel>
    <channel update="i" site="nowtv.now.com" site_id="en_us#209" xmltv_id="English - Discovery Channel">English - Discovery Channel</channel>
    <channel update="i" site="nowtv.now.com" site_id="en_us#210" xmltv_id="English - Animal Planet">English - Animal Planet</channel>
    <channel update="i" site="nowtv.now.com" site_id="en_us#211" xmltv_id="English - Discovery Science">English - Discovery Science</channel>
    <channel update="i" site="nowtv.now.com" site_id="en_us#212" xmltv_id="English - DMAX">English - DMAX</channel>
    <channel update="i" site="nowtv.now.com" site_id="en_us#213" xmltv_id="English - TLC">English - TLC</channel>
    <channel update="i" site="nowtv.now.com" site_id="en_us#214" xmltv_id="English - EVE">English - EVE</channel>
    <channel update="i" site="nowtv.now.com" site_id="en_us#215" xmltv_id="English - National Geographic">English - National Geographic</channel>
    <channel update="i" site="nowtv.now.com" site_id="en_us#216" xmltv_id="English - Nat Geo Wild">English - Nat Geo Wild</channel>
    <channel update="i" site="nowtv.now.com" site_id="en_us#217" xmltv_id="English - Nat Geo People">English - Nat Geo People</channel>
    <channel update="i" site="nowtv.now.com" site_id="en_us#218" xmltv_id="English - National Geographic HD">English - National Geographic HD</channel>
    <channel update="i" site="nowtv.now.com" site_id="en_us#220" xmltv_id="English - BBC Earth">English - BBC Earth</channel>
    <channel update="i" site="nowtv.now.com" site_id="en_us#223" xmltv_id="English - HISTORY">English - HISTORY</channel>
    <channel update="i" site="nowtv.now.com" site_id="en_us#225" xmltv_id="English - HISTORY HD">English - HISTORY HD</channel>
    <channel update="i" site="nowtv.now.com" site_id="en_us#316" xmltv_id="English - CNN International">English - CNN International</channel>
    <channel update="i" site="nowtv.now.com" site_id="en_us#318" xmltv_id="English - Fox News">English - Fox News</channel>
    <channel update="i" site="nowtv.now.com" site_id="en_us#319" xmltv_id="English - CNBC">English - CNBC</channel>
    <channel update="i" site="nowtv.now.com" site_id="en_us#320" xmltv_id="English - BBC World News">English - BBC World News</channel>
    <channel update="i" site="nowtv.now.com" site_id="en_us#321" xmltv_id="English - Bloomberg Television">English - Bloomberg Television</channel>
    <channel update="i" site="nowtv.now.com" site_id="en_us#322" xmltv_id="English - Channel NewsAsia">English - Channel NewsAsia</channel>
    <channel update="i" site="nowtv.now.com" site_id="en_us#323" xmltv_id="English - Sky News">English - Sky News</channel>
    <channel update="i" site="nowtv.now.com" site_id="en_us#324" xmltv_id="English - DW (English)">English - DW (English)</channel>
    <channel update="i" site="nowtv.now.com" site_id="en_us#325" xmltv_id="English - Al Jazeera English">English - Al Jazeera English</channel>
    <channel update="i" site="nowtv.now.com" site_id="en_us#326" xmltv_id="English - euronews">English - euronews</channel>
    <channel update="i" site="nowtv.now.com" site_id="en_us#327" xmltv_id="English - France 24">English - France 24</channel>
    <channel update="i" site="nowtv.now.com" site_id="en_us#328" xmltv_id="English - NHK WORLD-JAPAN">English - NHK WORLD-JAPAN</channel>
    <channel update="i" site="nowtv.now.com" site_id="en_us#329" xmltv_id="English - RT">English - RT</channel>
    <channel update="i" site="nowtv.now.com" site_id="en_us#331" xmltv_id="English - Now Direct">English - Now Direct</channel>
    <channel update="i" site="nowtv.now.com" site_id="en_us#332" xmltv_id="English - Now NEWS">English - Now NEWS</channel>
    <channel update="i" site="nowtv.now.com" site_id="en_us#333" xmltv_id="English - Now Business News Channel">English - Now Business News Channel</channel>
    <channel update="i" site="nowtv.now.com" site_id="en_us#336" xmltv_id="English - Now Data">English - Now Data</channel>
    <channel update="i" site="nowtv.now.com" site_id="en_us#338" xmltv_id="English - Yicai TV">English - Yicai TV</channel>
    <channel update="i" site="nowtv.now.com" site_id="en_us#366" xmltv_id="English - Phoenix InfoNews Channel">English - Phoenix InfoNews Channel</channel>
    <channel update="i" site="nowtv.now.com" site_id="en_us#367" xmltv_id="English - Phoenix Hong Kong Channel">English - Phoenix Hong Kong Channel</channel>
    <channel update="i" site="nowtv.now.com" site_id="en_us#368" xmltv_id="English - HKSTV Zhonghe">English - HKSTV Zhonghe</channel>
    <channel update="i" site="nowtv.now.com" site_id="en_us#371" xmltv_id="English - ETTV Asia News">English - ETTV Asia News</channel>
    <channel update="i" site="nowtv.now.com" site_id="en_us#375" xmltv_id="English - Traffic Channel">English - Traffic Channel</channel>
    <channel update="i" site="nowtv.now.com" site_id="en_us#376" xmltv_id="English - Weather Channel">English - Weather Channel</channel>
    <channel update="i" site="nowtv.now.com" site_id="en_us#377" xmltv_id="English - Flight Info Channel">English - Flight Info Channel</channel>
    <channel update="i" site="nowtv.now.com" site_id="en_us#400" xmltv_id="English - Watch N Learn">English - Watch N Learn</channel>
    <channel update="i" site="nowtv.now.com" site_id="en_us#441" xmltv_id="English - Disney Channel">English - Disney Channel</channel>
    <channel update="i" site="nowtv.now.com" site_id="en_us#442" xmltv_id="English - Disney Junior">English - Disney Junior</channel>
    <channel update="i" site="nowtv.now.com" site_id="en_us#443" xmltv_id="English - Cartoon Network">English - Cartoon Network</channel>
    <channel update="i" site="nowtv.now.com" site_id="en_us#444" xmltv_id="English - Nickelodeon">English - Nickelodeon</channel>
    <channel update="i" site="nowtv.now.com" site_id="en_us#445" xmltv_id="English - Boomerang">English - Boomerang</channel>
    <channel update="i" site="nowtv.now.com" site_id="en_us#447" xmltv_id="English - CBeebies">English - CBeebies</channel>
    <channel update="i" site="nowtv.now.com" site_id="en_us#448" xmltv_id="English - Baby TV">English - Baby TV</channel>
    <channel update="i" site="nowtv.now.com" site_id="en_us#449" xmltv_id="English - Nick Jr.">English - Nick Jr.</channel>
    <channel update="i" site="nowtv.now.com" site_id="en_us#460" xmltv_id="English - Da Vinci">English - Da Vinci</channel>
    <channel update="i" site="nowtv.now.com" site_id="en_us#501" xmltv_id="English - Now Shop">English - Now Shop</channel>
    <channel update="i" site="nowtv.now.com" site_id="en_us#502" xmltv_id="English - BBC Lifestyle">English - BBC Lifestyle</channel>
    <channel update="i" site="nowtv.now.com" site_id="en_us#505" xmltv_id="English - Comedy Central">English - Comedy Central</channel>
    <channel update="i" site="nowtv.now.com" site_id="en_us#510" xmltv_id="English - WarnerTV">English - WarnerTV</channel>
    <channel update="i" site="nowtv.now.com" site_id="en_us#512" xmltv_id="English - AXN">English - AXN</channel>
    <channel update="i" site="nowtv.now.com" site_id="en_us#516" xmltv_id="English - BLUE ANT Extreme">English - BLUE ANT Extreme</channel>
    <channel update="i" site="nowtv.now.com" site_id="en_us#517" xmltv_id="English - BLUE ANT Entertainment">English - BLUE ANT Entertainment</channel>
    <channel update="i" site="nowtv.now.com" site_id="en_us#518" xmltv_id="English - FOX">English - FOX</channel>
    <channel update="i" site="nowtv.now.com" site_id="en_us#521" xmltv_id="English - FOXlife">English - FOXlife</channel>
    <channel update="i" site="nowtv.now.com" site_id="en_us#523" xmltv_id="English - FOXCRIME">English - FOXCRIME</channel>
    <channel update="i" site="nowtv.now.com" site_id="en_us#524" xmltv_id="English - FX">English - FX</channel>
    <channel update="i" site="nowtv.now.com" site_id="en_us#525" xmltv_id="English - Lifetime">English - Lifetime</channel>
    <channel update="i" site="nowtv.now.com" site_id="en_us#526" xmltv_id="English - Food Network">English - Food Network</channel>
    <channel update="i" site="nowtv.now.com" site_id="en_us#527" xmltv_id="English - Asian Food Network">English - Asian Food Network</channel>
    <channel update="i" site="nowtv.now.com" site_id="en_us#534" xmltv_id="English - [V] International">English - [V] International</channel>
    <channel update="i" site="nowtv.now.com" site_id="en_us#535" xmltv_id="English - Netflix">English - Netflix</channel>
    <channel update="i" site="nowtv.now.com" site_id="en_us#537" xmltv_id="English - Pearl River Channel">English - Pearl River Channel</channel>
    <channel update="i" site="nowtv.now.com" site_id="en_us#538" xmltv_id="English - CTI Asia Channel">English - CTI Asia Channel</channel>
    <channel update="i" site="nowtv.now.com" site_id="en_us#539" xmltv_id="English - Dim Sum TV">English - Dim Sum TV</channel>
    <channel update="i" site="nowtv.now.com" site_id="en_us#540" xmltv_id="English - Shenzhen TV">English - Shenzhen TV</channel>
    <channel update="i" site="nowtv.now.com" site_id="en_us#541" xmltv_id="English - CCTV-1">English - CCTV-1</channel>
    <channel update="i" site="nowtv.now.com" site_id="en_us#542" xmltv_id="English - CCTV- 4">English - CCTV- 4</channel>
    <channel update="i" site="nowtv.now.com" site_id="en_us#543" xmltv_id="English - Southern Television">English - Southern Television</channel>
    <channel update="i" site="nowtv.now.com" site_id="en_us#544" xmltv_id="English - MASTV">English - MASTV</channel>
    <channel update="i" site="nowtv.now.com" site_id="en_us#545" xmltv_id="English - Creation TV">English - Creation TV</channel>
    <channel update="i" site="nowtv.now.com" site_id="en_us#548" xmltv_id="English - Phoenix Chinese Channel">English - Phoenix Chinese Channel</channel>
    <channel update="i" site="nowtv.now.com" site_id="en_us#549" xmltv_id="English - Da Ai">English - Da Ai</channel>
    <channel update="i" site="nowtv.now.com" site_id="en_us#553" xmltv_id="English - Sansha TV">English - Sansha TV</channel>
    <channel update="i" site="nowtv.now.com" site_id="en_us#555" xmltv_id="English - Zhejiang Satellite TV">English - Zhejiang Satellite TV</channel>
    <channel update="i" site="nowtv.now.com" site_id="en_us#556" xmltv_id="English - China Chinese Satellite TV">English - China Chinese Satellite TV</channel>
    <channel update="i" site="nowtv.now.com" site_id="en_us#561" xmltv_id="English - ABC Australia">English - ABC Australia</channel>
    <channel update="i" site="nowtv.now.com" site_id="en_us#600" xmltv_id="English - Sports Schedule Highlights">English - Sports Schedule Highlights</channel>
    <channel update="i" site="nowtv.now.com" site_id="en_us#611" xmltv_id="English - Now Sports 4K">English - Now Sports 4K</channel>
    <channel update="i" site="nowtv.now.com" site_id="en_us#618" xmltv_id="English - Now Sports 618">English - Now Sports 618</channel>
    <channel update="i" site="nowtv.now.com" site_id="en_us#619" xmltv_id="English - Now Sports 619">English - Now Sports 619</channel>
    <channel update="i" site="nowtv.now.com" site_id="en_us#620" xmltv_id="English - Now Sports Premier League TV">English - Now Sports Premier League TV</channel>
    <channel update="i" site="nowtv.now.com" site_id="en_us#621" xmltv_id="English - Now Sports Premier League 1">English - Now Sports Premier League 1</channel>
    <channel update="i" site="nowtv.now.com" site_id="en_us#622" xmltv_id="English - Now Sports Premier League 2">English - Now Sports Premier League 2</channel>
    <channel update="i" site="nowtv.now.com" site_id="en_us#623" xmltv_id="English - Now Sports Premier League 3">English - Now Sports Premier League 3</channel>
    <channel update="i" site="nowtv.now.com" site_id="en_us#624" xmltv_id="English - Now Sports Premier League 4">English - Now Sports Premier League 4</channel>
    <channel update="i" site="nowtv.now.com" site_id="en_us#625" xmltv_id="English - Now Sports Premier League 5">English - Now Sports Premier League 5</channel>
    <channel update="i" site="nowtv.now.com" site_id="en_us#626" xmltv_id="English - Now Sports Premier League 6">English - Now Sports Premier League 6</channel>
    <channel update="i" site="nowtv.now.com" site_id="en_us#630" xmltv_id="English - Now Sports Prime">English - Now Sports Prime</channel>
    <channel update="i" site="nowtv.now.com" site_id="en_us#631" xmltv_id="English - Now Sports 1">English - Now Sports 1</channel>
    <channel update="i" site="nowtv.now.com" site_id="en_us#632" xmltv_id="English - beIN – Now Sports 2">English - beIN – Now Sports 2</channel>
    <channel update="i" site="nowtv.now.com" site_id="en_us#633" xmltv_id="English - Now Sports 3">English - Now Sports 3</channel>
    <channel update="i" site="nowtv.now.com" site_id="en_us#634" xmltv_id="English - Now Sports 4">English - Now Sports 4</channel>
    <channel update="i" site="nowtv.now.com" site_id="en_us#635" xmltv_id="English - Now Sports 5">English - Now Sports 5</channel>
    <channel update="i" site="nowtv.now.com" site_id="en_us#636" xmltv_id="English - Now Sports 6">English - Now Sports 6</channel>
    <channel update="i" site="nowtv.now.com" site_id="en_us#637" xmltv_id="English - Now Sports 7">English - Now Sports 7</channel>
    <channel update="i" site="nowtv.now.com" site_id="en_us#638" xmltv_id="English - beIN SPORTS 1">English - beIN SPORTS 1</channel>
    <channel update="i" site="nowtv.now.com" site_id="en_us#639" xmltv_id="English - beIN SPORTS 2">English - beIN SPORTS 2</channel>
    <channel update="i" site="nowtv.now.com" site_id="en_us#640" xmltv_id="English - MUTV">English - MUTV</channel>
    <channel update="i" site="nowtv.now.com" site_id="en_us#642" xmltv_id="English - FIGHT SPORTS">English - FIGHT SPORTS</channel>
    <channel update="i" site="nowtv.now.com" site_id="en_us#643" xmltv_id="English - beIN SPORTS Max">English - beIN SPORTS Max</channel>
    <channel update="i" site="nowtv.now.com" site_id="en_us#644" xmltv_id="English - beIN SPORTS Max 2">English - beIN SPORTS Max 2</channel>
    <channel update="i" site="nowtv.now.com" site_id="en_us#645" xmltv_id="English - beIN SPORTS Max 3">English - beIN SPORTS Max 3</channel>
    <channel update="i" site="nowtv.now.com" site_id="en_us#650" xmltv_id="English - Now Sports 650">English - Now Sports 650</channel>
    <channel update="i" site="nowtv.now.com" site_id="en_us#651" xmltv_id="English - Now Sports 651">English - Now Sports 651</channel>
    <channel update="i" site="nowtv.now.com" site_id="en_us#668" xmltv_id="English - Now668">English - Now668</channel>
    <channel update="i" site="nowtv.now.com" site_id="en_us#670" xmltv_id="English - FOX Sports">English - FOX Sports</channel>
    <channel update="i" site="nowtv.now.com" site_id="en_us#671" xmltv_id="English - FOX Sports 2">English - FOX Sports 2</channel>
    <channel update="i" site="nowtv.now.com" site_id="en_us#672" xmltv_id="English - FOX Sports 3">English - FOX Sports 3</channel>
    <channel update="i" site="nowtv.now.com" site_id="en_us#674" xmltv_id="English - STAR Cricket">English - STAR Cricket</channel>
    <channel update="i" site="nowtv.now.com" site_id="en_us#675" xmltv_id="English - STAR Cricket+">English - STAR Cricket+</channel>
    <channel update="i" site="nowtv.now.com" site_id="en_us#679" xmltv_id="English - RugbyPass TV">English - RugbyPass TV</channel>
    <channel update="i" site="nowtv.now.com" site_id="en_us#680" xmltv_id="English - Now Sports Plus">English - Now Sports Plus</channel>
    <channel update="i" site="nowtv.now.com" site_id="en_us#681" xmltv_id="English - Now Sports 681">English - Now Sports 681</channel>
    <channel update="i" site="nowtv.now.com" site_id="en_us#682" xmltv_id="English - Now Golf 1">English - Now Golf 1</channel>
    <channel update="i" site="nowtv.now.com" site_id="en_us#683" xmltv_id="English - Now Golf 2">English - Now Golf 2</channel>
    <channel update="i" site="nowtv.now.com" site_id="en_us#684" xmltv_id="English - Now Golf 3">English - Now Golf 3</channel>
    <channel update="i" site="nowtv.now.com" site_id="en_us#711" xmltv_id="English - NHK World Premium">English - NHK World Premium</channel>
    <channel update="i" site="nowtv.now.com" site_id="en_us#713" xmltv_id="English - TV5MONDE Style">English - TV5MONDE Style</channel>
    <channel update="i" site="nowtv.now.com" site_id="en_us#714" xmltv_id="English - TV5MONDE ASIE">English - TV5MONDE ASIE</channel>
    <channel update="i" site="nowtv.now.com" site_id="en_us#715" xmltv_id="English - France 24 (French)">English - France 24 (French)</channel>
    <channel update="i" site="nowtv.now.com" site_id="en_us#720" xmltv_id="English - GMA Pinoy TV">English - GMA Pinoy TV</channel>
    <channel update="i" site="nowtv.now.com" site_id="en_us#721" xmltv_id="English - GMA Life TV">English - GMA Life TV</channel>
    <channel update="i" site="nowtv.now.com" site_id="en_us#722" xmltv_id="English - GMA News TV International">English - GMA News TV International</channel>
    <channel update="i" site="nowtv.now.com" site_id="en_us#725" xmltv_id="English - TFC">English - TFC</channel>
    <channel update="i" site="nowtv.now.com" site_id="en_us#765" xmltv_id="English - DW Deutsch">English - DW Deutsch</channel>
    <channel update="i" site="nowtv.now.com" site_id="en_us#771" xmltv_id="English - Sony TV (India)">English - Sony TV (India)</channel>
    <channel update="i" site="nowtv.now.com" site_id="en_us#772" xmltv_id="English - Sony MAX">English - Sony MAX</channel>
    <channel update="i" site="nowtv.now.com" site_id="en_us#773" xmltv_id="English - Sony MIX">English - Sony MIX</channel>
    <channel update="i" site="nowtv.now.com" site_id="en_us#774" xmltv_id="English - Sony SAB">English - Sony SAB</channel>
    <channel update="i" site="nowtv.now.com" site_id="en_us#779" xmltv_id="English - MTV India">English - MTV India</channel>
    <channel update="i" site="nowtv.now.com" site_id="en_us#780" xmltv_id="English - COLORS">English - COLORS</channel>
    <channel update="i" site="nowtv.now.com" site_id="en_us#781" xmltv_id="English - Zee Cinema International">English - Zee Cinema International</channel>
    <channel update="i" site="nowtv.now.com" site_id="en_us#782" xmltv_id="English - Zee TV">English - Zee TV</channel>
    <channel update="i" site="nowtv.now.com" site_id="en_us#785" xmltv_id="English - Zee News">English - Zee News</channel>
    <channel update="i" site="nowtv.now.com" site_id="en_us#793" xmltv_id="English - Star Gold">English - Star Gold</channel>
    <channel update="i" site="nowtv.now.com" site_id="en_us#794" xmltv_id="English - STAR PLUS">English - STAR PLUS</channel>
    <channel update="i" site="nowtv.now.com" site_id="en_us#797" xmltv_id="English - Star Bharat">English - Star Bharat</channel>
    <channel update="i" site="nowtv.now.com" site_id="en_us#901" xmltv_id="English - Ice Fire">English - Ice Fire</channel>
    <channel update="i" site="nowtv.now.com" site_id="en_us#902" xmltv_id="English - KiMoChi Channel">English - KiMoChi Channel</channel>
    <channel update="i" site="nowtv.now.com" site_id="en_us#903" xmltv_id="English - Channel Adult">English - Channel Adult</channel>
    <channel update="i" site="nowtv.now.com" site_id="zh_tw#96" xmltv_id="中國 - ViuTVsix">中國 - ViuTVsix</channel>
    <channel update="i" site="nowtv.now.com" site_id="zh_tw#99" xmltv_id="中國 - ViuTV">中國 - ViuTV</channel>
    <channel update="i" site="nowtv.now.com" site_id="zh_tw#102" xmltv_id="中國 - Now劇集台">中國 - Now劇集台</channel>
    <channel update="i" site="nowtv.now.com" site_id="zh_tw#105" xmltv_id="中國 - Now華劇台">中國 - Now華劇台</channel>
    <channel update="i" site="nowtv.now.com" site_id="zh_tw#106" xmltv_id="中國 - Now 影視點播站">中國 - Now 影視點播站</channel>
    <channel update="i" site="nowtv.now.com" site_id="zh_tw#108" xmltv_id="中國 - NowJelli">中國 - NowJelli</channel>
    <channel update="i" site="nowtv.now.com" site_id="zh_tw#111" xmltv_id="中國 - HBO Hits">中國 - HBO Hits</channel>
    <channel update="i" site="nowtv.now.com" site_id="zh_tw#112" xmltv_id="中國 - HBO Family">中國 - HBO Family</channel>
    <channel update="i" site="nowtv.now.com" site_id="zh_tw#113" xmltv_id="中國 - CINEMAX">中國 - CINEMAX</channel>
    <channel update="i" site="nowtv.now.com" site_id="zh_tw#114" xmltv_id="中國 - HBO Signature">中國 - HBO Signature</channel>
    <channel update="i" site="nowtv.now.com" site_id="zh_tw#115" xmltv_id="中國 - HBO">中國 - HBO</channel>
    <channel update="i" site="nowtv.now.com" site_id="zh_tw#116" xmltv_id="中國 - MOVIE MOVIE">中國 - MOVIE MOVIE</channel>
    <channel update="i" site="nowtv.now.com" site_id="zh_tw#117" xmltv_id="中國 - FOX Movies">中國 - FOX Movies</channel>
    <channel update="i" site="nowtv.now.com" site_id="zh_tw#118" xmltv_id="中國 - FOX Action Movies">中國 - FOX Action Movies</channel>
    <channel update="i" site="nowtv.now.com" site_id="zh_tw#120" xmltv_id="中國 - FOX Family Movies">中國 - FOX Family Movies</channel>
    <channel update="i" site="nowtv.now.com" site_id="zh_tw#125" xmltv_id="中國 - Thrill">中國 - Thrill</channel>
    <channel update="i" site="nowtv.now.com" site_id="zh_tw#133" xmltv_id="中國 - Now 爆谷台">中國 - Now 爆谷台</channel>
    <channel update="i" site="nowtv.now.com" site_id="zh_tw#139" xmltv_id="中國 - 衛視電影台">中國 - 衛視電影台</channel>
    <channel update="i" site="nowtv.now.com" site_id="zh_tw#140" xmltv_id="中國 - 衛視卡式台">中國 - 衛視卡式台</channel>
    <channel update="i" site="nowtv.now.com" site_id="zh_tw#150" xmltv_id="中國 - Animax">中國 - Animax</channel>
    <channel update="i" site="nowtv.now.com" site_id="zh_tw#151" xmltv_id="中國 - GEM">中國 - GEM</channel>
    <channel update="i" site="nowtv.now.com" site_id="zh_tw#155" xmltv_id="中國 - tvN">中國 - tvN</channel>
    <channel update="i" site="nowtv.now.com" site_id="zh_tw#156" xmltv_id="中國 - KBS World">中國 - KBS World</channel>
    <channel update="i" site="nowtv.now.com" site_id="zh_tw#160" xmltv_id="中國 - 衛視中文台">中國 - 衛視中文台</channel>
    <channel update="i" site="nowtv.now.com" site_id="zh_tw#162" xmltv_id="中國 - 東森亞洲衛視">中國 - 東森亞洲衛視</channel>
    <channel update="i" site="nowtv.now.com" site_id="zh_tw#163" xmltv_id="中國 - TVBS Asia">中國 - TVBS Asia</channel>
    <channel update="i" site="nowtv.now.com" site_id="zh_tw#168" xmltv_id="中國 - MOOV 演唱會/MV台">中國 - MOOV 演唱會/MV台</channel>
    <channel update="i" site="nowtv.now.com" site_id="zh_tw#208" xmltv_id="中國 - Discovery Asia">中國 - Discovery Asia</channel>
    <channel update="i" site="nowtv.now.com" site_id="zh_tw#209" xmltv_id="中國 - Discovery Channel">中國 - Discovery Channel</channel>
    <channel update="i" site="nowtv.now.com" site_id="zh_tw#210" xmltv_id="中國 - 動物星球頻道">中國 - 動物星球頻道</channel>
    <channel update="i" site="nowtv.now.com" site_id="zh_tw#211" xmltv_id="中國 - Discovery 科學頻道">中國 - Discovery 科學頻道</channel>
    <channel update="i" site="nowtv.now.com" site_id="zh_tw#212" xmltv_id="中國 - DMAX">中國 - DMAX</channel>
    <channel update="i" site="nowtv.now.com" site_id="zh_tw#213" xmltv_id="中國 - TLC旅遊生活頻道">中國 - TLC旅遊生活頻道</channel>
    <channel update="i" site="nowtv.now.com" site_id="zh_tw#214" xmltv_id="中國 - EVE">中國 - EVE</channel>
    <channel update="i" site="nowtv.now.com" site_id="zh_tw#215" xmltv_id="中國 - 國家地理頻道">中國 - 國家地理頻道</channel>
    <channel update="i" site="nowtv.now.com" site_id="zh_tw#216" xmltv_id="中國 - 國家地理野生頻道">中國 - 國家地理野生頻道</channel>
    <channel update="i" site="nowtv.now.com" site_id="zh_tw#217" xmltv_id="中國 - 國家地理悠人頻道">中國 - 國家地理悠人頻道</channel>
    <channel update="i" site="nowtv.now.com" site_id="zh_tw#218" xmltv_id="中國 - 國家地理高清頻道">中國 - 國家地理高清頻道</channel>
    <channel update="i" site="nowtv.now.com" site_id="zh_tw#220" xmltv_id="中國 - BBC Earth">中國 - BBC Earth</channel>
    <channel update="i" site="nowtv.now.com" site_id="zh_tw#223" xmltv_id="中國 - HISTORY">中國 - HISTORY</channel>
    <channel update="i" site="nowtv.now.com" site_id="zh_tw#225" xmltv_id="中國 - HISTORY HD">中國 - HISTORY HD</channel>
    <channel update="i" site="nowtv.now.com" site_id="zh_tw#316" xmltv_id="中國 - CNN 國際新聞網絡">中國 - CNN 國際新聞網絡</channel>
    <channel update="i" site="nowtv.now.com" site_id="zh_tw#318" xmltv_id="中國 - Fox News">中國 - Fox News</channel>
    <channel update="i" site="nowtv.now.com" site_id="zh_tw#319" xmltv_id="中國 - CNBC">中國 - CNBC</channel>
    <channel update="i" site="nowtv.now.com" site_id="zh_tw#320" xmltv_id="中國 - BBC World News">中國 - BBC World News</channel>
    <channel update="i" site="nowtv.now.com" site_id="zh_tw#321" xmltv_id="中國 - Bloomberg Television">中國 - Bloomberg Television</channel>
    <channel update="i" site="nowtv.now.com" site_id="zh_tw#322" xmltv_id="中國 - 亞洲新聞台">中國 - 亞洲新聞台</channel>
    <channel update="i" site="nowtv.now.com" site_id="zh_tw#323" xmltv_id="中國 - Sky News">中國 - Sky News</channel>
    <channel update="i" site="nowtv.now.com" site_id="zh_tw#324" xmltv_id="中國 - DW (English)">中國 - DW (English)</channel>
    <channel update="i" site="nowtv.now.com" site_id="zh_tw#325" xmltv_id="中國 - 半島電視台英語頻道">中國 - 半島電視台英語頻道</channel>
    <channel update="i" site="nowtv.now.com" site_id="zh_tw#326" xmltv_id="中國 - euronews">中國 - euronews</channel>
    <channel update="i" site="nowtv.now.com" site_id="zh_tw#327" xmltv_id="中國 - France 24">中國 - France 24</channel>
    <channel update="i" site="nowtv.now.com" site_id="zh_tw#328" xmltv_id="中國 - NHK WORLD-JAPAN">中國 - NHK WORLD-JAPAN</channel>
    <channel update="i" site="nowtv.now.com" site_id="zh_tw#329" xmltv_id="中國 - RT">中國 - RT</channel>
    <channel update="i" site="nowtv.now.com" site_id="zh_tw#331" xmltv_id="中國 - Now直播台">中國 - Now直播台</channel>
    <channel update="i" site="nowtv.now.com" site_id="zh_tw#332" xmltv_id="中國 - Now新聞台">中國 - Now新聞台</channel>
    <channel update="i" site="nowtv.now.com" site_id="zh_tw#333" xmltv_id="中國 - Now財經台">中國 - Now財經台</channel>
    <channel update="i" site="nowtv.now.com" site_id="zh_tw#336" xmltv_id="中國 - Now報價台">中國 - Now報價台</channel>
    <channel update="i" site="nowtv.now.com" site_id="zh_tw#338" xmltv_id="中國 - 第1財經電視">中國 - 第1財經電視</channel>
    <channel update="i" site="nowtv.now.com" site_id="zh_tw#366" xmltv_id="中國 - 鳳凰衛視資訊台">中國 - 鳳凰衛視資訊台</channel>
    <channel update="i" site="nowtv.now.com" site_id="zh_tw#367" xmltv_id="中國 - 鳳凰衛視香港台">中國 - 鳳凰衛視香港台</channel>
    <channel update="i" site="nowtv.now.com" site_id="zh_tw#368" xmltv_id="中國 - 香港衛視綜合台">中國 - 香港衛視綜合台</channel>
    <channel update="i" site="nowtv.now.com" site_id="zh_tw#371" xmltv_id="中國 - 東森亞洲新聞台">中國 - 東森亞洲新聞台</channel>
    <channel update="i" site="nowtv.now.com" site_id="zh_tw#375" xmltv_id="中國 - 交通頻道">中國 - 交通頻道</channel>
    <channel update="i" site="nowtv.now.com" site_id="zh_tw#376" xmltv_id="中國 - 天氣頻道">中國 - 天氣頻道</channel>
    <channel update="i" site="nowtv.now.com" site_id="zh_tw#377" xmltv_id="中國 - 航班資訊">中國 - 航班資訊</channel>
    <channel update="i" site="nowtv.now.com" site_id="zh_tw#400" xmltv_id="中國 - 智叻樂園">中國 - 智叻樂園</channel>
    <channel update="i" site="nowtv.now.com" site_id="zh_tw#441" xmltv_id="中國 - Disney Channel">中國 - Disney Channel</channel>
    <channel update="i" site="nowtv.now.com" site_id="zh_tw#442" xmltv_id="中國 - Disney Junior">中國 - Disney Junior</channel>
    <channel update="i" site="nowtv.now.com" site_id="zh_tw#443" xmltv_id="中國 - Cartoon Network">中國 - Cartoon Network</channel>
    <channel update="i" site="nowtv.now.com" site_id="zh_tw#444" xmltv_id="中國 - Nickelodeon">中國 - Nickelodeon</channel>
    <channel update="i" site="nowtv.now.com" site_id="zh_tw#445" xmltv_id="中國 - Boomerang">中國 - Boomerang</channel>
    <channel update="i" site="nowtv.now.com" site_id="zh_tw#447" xmltv_id="中國 - CBeebies">中國 - CBeebies</channel>
    <channel update="i" site="nowtv.now.com" site_id="zh_tw#448" xmltv_id="中國 - Baby TV">中國 - Baby TV</channel>
    <channel update="i" site="nowtv.now.com" site_id="zh_tw#449" xmltv_id="中國 - Nick Jr.">中國 - Nick Jr.</channel>
    <channel update="i" site="nowtv.now.com" site_id="zh_tw#460" xmltv_id="中國 - Da Vinci">中國 - Da Vinci</channel>
    <channel update="i" site="nowtv.now.com" site_id="zh_tw#501" xmltv_id="中國 - Now Shop">中國 - Now Shop</channel>
    <channel update="i" site="nowtv.now.com" site_id="zh_tw#502" xmltv_id="中國 - BBC Lifestyle">中國 - BBC Lifestyle</channel>
    <channel update="i" site="nowtv.now.com" site_id="zh_tw#505" xmltv_id="中國 - Comedy Central">中國 - Comedy Central</channel>
    <channel update="i" site="nowtv.now.com" site_id="zh_tw#510" xmltv_id="中國 - 華納電視頻道">中國 - 華納電視頻道</channel>
    <channel update="i" site="nowtv.now.com" site_id="zh_tw#512" xmltv_id="中國 - AXN">中國 - AXN</channel>
    <channel update="i" site="nowtv.now.com" site_id="zh_tw#516" xmltv_id="中國 - BLUE ANT Extreme">中國 - BLUE ANT Extreme</channel>
    <channel update="i" site="nowtv.now.com" site_id="zh_tw#517" xmltv_id="中國 - BLUE ANT Entertainment">中國 - BLUE ANT Entertainment</channel>
    <channel update="i" site="nowtv.now.com" site_id="zh_tw#518" xmltv_id="中國 - FOX">中國 - FOX</channel>
    <channel update="i" site="nowtv.now.com" site_id="zh_tw#521" xmltv_id="中國 - FOXlife">中國 - FOXlife</channel>
    <channel update="i" site="nowtv.now.com" site_id="zh_tw#523" xmltv_id="中國 - FOXCRIME">中國 - FOXCRIME</channel>
    <channel update="i" site="nowtv.now.com" site_id="zh_tw#524" xmltv_id="中國 - FX">中國 - FX</channel>
    <channel update="i" site="nowtv.now.com" site_id="zh_tw#525" xmltv_id="中國 - Lifetime">中國 - Lifetime</channel>
    <channel update="i" site="nowtv.now.com" site_id="zh_tw#526" xmltv_id="中國 - Food Network">中國 - Food Network</channel>
    <channel update="i" site="nowtv.now.com" site_id="zh_tw#527" xmltv_id="中國 - 亞洲美食台">中國 - 亞洲美食台</channel>
    <channel update="i" site="nowtv.now.com" site_id="zh_tw#534" xmltv_id="中國 - Channel [V] 國際">中國 - Channel [V] 國際</channel>
    <channel update="i" site="nowtv.now.com" site_id="zh_tw#535" xmltv_id="中國 - Netflix">中國 - Netflix</channel>
    <channel update="i" site="nowtv.now.com" site_id="zh_tw#537" xmltv_id="中國 - 珠江頻道">中國 - 珠江頻道</channel>
    <channel update="i" site="nowtv.now.com" site_id="zh_tw#538" xmltv_id="中國 - 中天亞洲台">中國 - 中天亞洲台</channel>
    <channel update="i" site="nowtv.now.com" site_id="zh_tw#539" xmltv_id="中國 - 點心衛視">中國 - 點心衛視</channel>
    <channel update="i" site="nowtv.now.com" site_id="zh_tw#540" xmltv_id="中國 - 深圳衛視">中國 - 深圳衛視</channel>
    <channel update="i" site="nowtv.now.com" site_id="zh_tw#541" xmltv_id="中國 - CCTV-1">中國 - CCTV-1</channel>
    <channel update="i" site="nowtv.now.com" site_id="zh_tw#542" xmltv_id="中國 - CCTV-4">中國 - CCTV-4</channel>
    <channel update="i" site="nowtv.now.com" site_id="zh_tw#543" xmltv_id="中國 - 南方衛視">中國 - 南方衛視</channel>
    <channel update="i" site="nowtv.now.com" site_id="zh_tw#544" xmltv_id="中國 - 澳亞衛視">中國 - 澳亞衛視</channel>
    <channel update="i" site="nowtv.now.com" site_id="zh_tw#545" xmltv_id="中國 - 創世電視">中國 - 創世電視</channel>
    <channel update="i" site="nowtv.now.com" site_id="zh_tw#548" xmltv_id="中國 - 鳳凰衛視中文台">中國 - 鳳凰衛視中文台</channel>
    <channel update="i" site="nowtv.now.com" site_id="zh_tw#549" xmltv_id="中國 - 大愛電視">中國 - 大愛電視</channel>
    <channel update="i" site="nowtv.now.com" site_id="zh_tw#553" xmltv_id="中國 - 三沙衛視">中國 - 三沙衛視</channel>
    <channel update="i" site="nowtv.now.com" site_id="zh_tw#555" xmltv_id="中國 - 浙江衛視">中國 - 浙江衛視</channel>
    <channel update="i" site="nowtv.now.com" site_id="zh_tw#556" xmltv_id="中國 - 中國中文衛視">中國 - 中國中文衛視</channel>
    <channel update="i" site="nowtv.now.com" site_id="zh_tw#561" xmltv_id="中國 - ABC Australia">中國 - ABC Australia</channel>
    <channel update="i" site="nowtv.now.com" site_id="zh_tw#600" xmltv_id="中國 - 體育節目精選">中國 - 體育節目精選</channel>
    <channel update="i" site="nowtv.now.com" site_id="zh_tw#611" xmltv_id="中國 - Now Sports 4K">中國 - Now Sports 4K</channel>
    <channel update="i" site="nowtv.now.com" site_id="zh_tw#618" xmltv_id="中國 - Now Sports 618">中國 - Now Sports 618</channel>
    <channel update="i" site="nowtv.now.com" site_id="zh_tw#619" xmltv_id="中國 - Now Sports 619">中國 - Now Sports 619</channel>
    <channel update="i" site="nowtv.now.com" site_id="zh_tw#620" xmltv_id="中國 - Now Sports Premier League TV">中國 - Now Sports Premier League TV</channel>
    <channel update="i" site="nowtv.now.com" site_id="zh_tw#621" xmltv_id="中國 - Now Sports 英超1台">中國 - Now Sports 英超1台</channel>
    <channel update="i" site="nowtv.now.com" site_id="zh_tw#622" xmltv_id="中國 - Now Sports 英超2台">中國 - Now Sports 英超2台</channel>
    <channel update="i" site="nowtv.now.com" site_id="zh_tw#623" xmltv_id="中國 - Now Sports 英超3台">中國 - Now Sports 英超3台</channel>
    <channel update="i" site="nowtv.now.com" site_id="zh_tw#624" xmltv_id="中國 - Now Sports 英超4台">中國 - Now Sports 英超4台</channel>
    <channel update="i" site="nowtv.now.com" site_id="zh_tw#625" xmltv_id="中國 - Now Sports 英超5台">中國 - Now Sports 英超5台</channel>
    <channel update="i" site="nowtv.now.com" site_id="zh_tw#626" xmltv_id="中國 - Now Sports 英超6台">中國 - Now Sports 英超6台</channel>
    <channel update="i" site="nowtv.now.com" site_id="zh_tw#630" xmltv_id="中國 - Now Sports 精選">中國 - Now Sports 精選</channel>
    <channel update="i" site="nowtv.now.com" site_id="zh_tw#631" xmltv_id="中國 - Now Sports 1">中國 - Now Sports 1</channel>
    <channel update="i" site="nowtv.now.com" site_id="zh_tw#632" xmltv_id="中國 - beIN – Now Sports 2">中國 - beIN – Now Sports 2</channel>
    <channel update="i" site="nowtv.now.com" site_id="zh_tw#633" xmltv_id="中國 - Now Sports 3">中國 - Now Sports 3</channel>
    <channel update="i" site="nowtv.now.com" site_id="zh_tw#634" xmltv_id="中國 - Now Sports 4">中國 - Now Sports 4</channel>
    <channel update="i" site="nowtv.now.com" site_id="zh_tw#635" xmltv_id="中國 - Now Sports 5">中國 - Now Sports 5</channel>
    <channel update="i" site="nowtv.now.com" site_id="zh_tw#636" xmltv_id="中國 - Now Sports 6">中國 - Now Sports 6</channel>
    <channel update="i" site="nowtv.now.com" site_id="zh_tw#637" xmltv_id="中國 - Now Sports 7">中國 - Now Sports 7</channel>
    <channel update="i" site="nowtv.now.com" site_id="zh_tw#638" xmltv_id="中國 - beIN SPORTS 1">中國 - beIN SPORTS 1</channel>
    <channel update="i" site="nowtv.now.com" site_id="zh_tw#639" xmltv_id="中國 - beIN SPORTS 2">中國 - beIN SPORTS 2</channel>
    <channel update="i" site="nowtv.now.com" site_id="zh_tw#640" xmltv_id="中國 - 曼聯電視頻道">中國 - 曼聯電視頻道</channel>
    <channel update="i" site="nowtv.now.com" site_id="zh_tw#642" xmltv_id="中國 - FIGHT SPORTS">中國 - FIGHT SPORTS</channel>
    <channel update="i" site="nowtv.now.com" site_id="zh_tw#643" xmltv_id="中國 - beIN SPORTS Max">中國 - beIN SPORTS Max</channel>
    <channel update="i" site="nowtv.now.com" site_id="zh_tw#644" xmltv_id="中國 - beIN SPORTS Max 2">中國 - beIN SPORTS Max 2</channel>
    <channel update="i" site="nowtv.now.com" site_id="zh_tw#645" xmltv_id="中國 - beIN SPORTS Max 3">中國 - beIN SPORTS Max 3</channel>
    <channel update="i" site="nowtv.now.com" site_id="zh_tw#650" xmltv_id="中國 - Now Sports 650">中國 - Now Sports 650</channel>
    <channel update="i" site="nowtv.now.com" site_id="zh_tw#651" xmltv_id="中國 - Now Sports 651">中國 - Now Sports 651</channel>
    <channel update="i" site="nowtv.now.com" site_id="zh_tw#668" xmltv_id="中國 - Now668">中國 - Now668</channel>
    <channel update="i" site="nowtv.now.com" site_id="zh_tw#670" xmltv_id="中國 - FOX Sports">中國 - FOX Sports</channel>
    <channel update="i" site="nowtv.now.com" site_id="zh_tw#671" xmltv_id="中國 - FOX Sports 2">中國 - FOX Sports 2</channel>
    <channel update="i" site="nowtv.now.com" site_id="zh_tw#672" xmltv_id="中國 - FOX Sports 3">中國 - FOX Sports 3</channel>
    <channel update="i" site="nowtv.now.com" site_id="zh_tw#674" xmltv_id="中國 - STAR Cricket">中國 - STAR Cricket</channel>
    <channel update="i" site="nowtv.now.com" site_id="zh_tw#675" xmltv_id="中國 - STAR Cricket+">中國 - STAR Cricket+</channel>
    <channel update="i" site="nowtv.now.com" site_id="zh_tw#679" xmltv_id="中國 - RugbyPass TV">中國 - RugbyPass TV</channel>
    <channel update="i" site="nowtv.now.com" site_id="zh_tw#680" xmltv_id="中國 - Now Sports Plus">中國 - Now Sports Plus</channel>
    <channel update="i" site="nowtv.now.com" site_id="zh_tw#681" xmltv_id="中國 - Now Sports 681">中國 - Now Sports 681</channel>
    <channel update="i" site="nowtv.now.com" site_id="zh_tw#682" xmltv_id="中國 - Now Golf 1">中國 - Now Golf 1</channel>
    <channel update="i" site="nowtv.now.com" site_id="zh_tw#683" xmltv_id="中國 - Now Golf 2">中國 - Now Golf 2</channel>
    <channel update="i" site="nowtv.now.com" site_id="zh_tw#684" xmltv_id="中國 - Now Golf 3">中國 - Now Golf 3</channel>
    <channel update="i" site="nowtv.now.com" site_id="zh_tw#711" xmltv_id="中國 - NHK World Premium">中國 - NHK World Premium</channel>
    <channel update="i" site="nowtv.now.com" site_id="zh_tw#713" xmltv_id="中國 - TV5MONDE Style">中國 - TV5MONDE Style</channel>
    <channel update="i" site="nowtv.now.com" site_id="zh_tw#714" xmltv_id="中國 - TV5MONDE ASIE">中國 - TV5MONDE ASIE</channel>
    <channel update="i" site="nowtv.now.com" site_id="zh_tw#715" xmltv_id="中國 - France 24 (French)">中國 - France 24 (French)</channel>
    <channel update="i" site="nowtv.now.com" site_id="zh_tw#720" xmltv_id="中國 - GMA Pinoy TV">中國 - GMA Pinoy TV</channel>
    <channel update="i" site="nowtv.now.com" site_id="zh_tw#721" xmltv_id="中國 - GMA Life TV">中國 - GMA Life TV</channel>
    <channel update="i" site="nowtv.now.com" site_id="zh_tw#722" xmltv_id="中國 - GMA News TV International">中國 - GMA News TV International</channel>
    <channel update="i" site="nowtv.now.com" site_id="zh_tw#725" xmltv_id="中國 - TFC">中國 - TFC</channel>
    <channel update="i" site="nowtv.now.com" site_id="zh_tw#765" xmltv_id="中國 - DW Deutsch">中國 - DW Deutsch</channel>
    <channel update="i" site="nowtv.now.com" site_id="zh_tw#771" xmltv_id="中國 - Sony TV (India)">中國 - Sony TV (India)</channel>
    <channel update="i" site="nowtv.now.com" site_id="zh_tw#772" xmltv_id="中國 - Sony MAX">中國 - Sony MAX</channel>
    <channel update="i" site="nowtv.now.com" site_id="zh_tw#773" xmltv_id="中國 - Sony MIX">中國 - Sony MIX</channel>
    <channel update="i" site="nowtv.now.com" site_id="zh_tw#774" xmltv_id="中國 - Sony SAB">中國 - Sony SAB</channel>
    <channel update="i" site="nowtv.now.com" site_id="zh_tw#779" xmltv_id="中國 - MTV India">中國 - MTV India</channel>
    <channel update="i" site="nowtv.now.com" site_id="zh_tw#780" xmltv_id="中國 - COLORS">中國 - COLORS</channel>
    <channel update="i" site="nowtv.now.com" site_id="zh_tw#781" xmltv_id="中國 - Zee Cinema International">中國 - Zee Cinema International</channel>
    <channel update="i" site="nowtv.now.com" site_id="zh_tw#782" xmltv_id="中國 - Zee TV">中國 - Zee TV</channel>
    <channel update="i" site="nowtv.now.com" site_id="zh_tw#785" xmltv_id="中國 - Zee News">中國 - Zee News</channel>
    <channel update="i" site="nowtv.now.com" site_id="zh_tw#793" xmltv_id="中國 - Star Gold">中國 - Star Gold</channel>
    <channel update="i" site="nowtv.now.com" site_id="zh_tw#794" xmltv_id="中國 - STAR PLUS">中國 - STAR PLUS</channel>
    <channel update="i" site="nowtv.now.com" site_id="zh_tw#797" xmltv_id="中國 - Star Bharat">中國 - Star Bharat</channel>
    <channel update="i" site="nowtv.now.com" site_id="zh_tw#901" xmltv_id="中國 - 冰火頻道">中國 - 冰火頻道</channel>
    <channel update="i" site="nowtv.now.com" site_id="zh_tw#902" xmltv_id="中國 - 見摩之頻道">中國 - 見摩之頻道</channel>
    <channel update="i" site="nowtv.now.com" site_id="zh_tw#903" xmltv_id="中國 - 成人極品台">中國 - 成人極品台</channel>
  </channels>
</site>