﻿<?xml version="1.0" encoding="UTF-8"?>
<site generator-info-name="WebGrab+Plus/w MDB &amp; REX Postprocess -- version V3.0.0.11 -- Jan van Straaten" site="tvb.com">
  <channels>
    <channel update="i" site="tvb.com" site_id="L" xmltv_id="為食台">為食台</channel>
    <channel update="i" site="tvb.com" site_id="W" xmltv_id="粵語片台">粵語片台</channel>
	<channel update="i" site="tvb.com" site_id="V" xmltv_id="綜藝旅遊台">綜藝旅遊台</channel>
    <channel update="i" site="tvb.com" site_id="U" xmltv_id="華語劇台">華語劇台</channel>
	<channel update="i" site="tvb.com" site_id="D" xmltv_id="亞洲劇台">亞洲劇台</channel>
	<channel update="i" site="tvb.com" site_id="K" xmltv_id="韓劇台">韓劇台</channel>
	<channel update="i" site="tvb.com" site_id="E" xmltv_id="TVB經典台">TVB經典台</channel>
    <channel update="i" site="tvb.com" site_id="A" xmltv_id="無綫財經 ▪ 資訊台">無綫財經 ▪ 資訊台</channel>
	<channel update="i" site="tvb.com" site_id="J" xmltv_id="翡翠台">翡翠台</channel>
	<channel update="i" site="tvb.com" site_id="B" xmltv_id="J2">J2</channel>
	<channel update="i" site="tvb.com" site_id="C" xmltv_id="無綫新聞台">無綫新聞台</channel>
	<channel update="i" site="tvb.com" site_id="P" xmltv_id="Pearl">Pearl</channel>
	<channel update="i" site="tvb.com" site_id="X" xmltv_id="TVB星河頻道">TVB星河頻道</channel>
  </channels>
</site>
