﻿<?xml version="1.0" encoding="UTF-8"?>
<site generator-info-name="WebGrab+Plus/w MDB &amp; REX Postprocess -- version  V1.57 -- Jan van Straaten" site="tvsou.com">
  <channels>
    <channel update="i" site="tvsou.com" site_id="cctv-1?class=yangshi" xmltv_id="cctv 1">cctv 1</channel>
    <channel update="i" site="tvsou.com" site_id="cctv-2?class=yangshi" xmltv_id="cctv 2">cctv 2</channel>
    <channel update="i" site="tvsou.com" site_id="cctv-3?class=yangshi" xmltv_id="cctv 3">cctv 3</channel>
    <channel update="i" site="tvsou.com" site_id="cctv-4-asia?class=yangshi" xmltv_id="cctv 4 asia">cctv 4 asia</channel>
    <channel update="i" site="tvsou.com" site_id="cctv-5?class=yangshi" xmltv_id="cctv 5">cctv 5</channel>
    <channel update="i" site="tvsou.com" site_id="cctv5+?class=yangshi" xmltv_id="cctv5+">cctv5+</channel>
    <channel update="i" site="tvsou.com" site_id="cctv-6?class=yangshi" xmltv_id="cctv 6">cctv 6</channel>
    <channel update="i" site="tvsou.com" site_id="cctv-7?class=yangshi" xmltv_id="cctv 7">cctv 7</channel>
    <channel update="i" site="tvsou.com" site_id="cctv-8?class=yangshi" xmltv_id="cctv 8">cctv 8</channel>
    <channel update="i" site="tvsou.com" site_id="cctv-9?class=yangshi" xmltv_id="cctv 9">cctv 9</channel>
    <channel update="i" site="tvsou.com" site_id="cctv-9_english?class=yangshi" xmltv_id="cctv 9 english">cctv 9 english</channel>
    <channel update="i" site="tvsou.com" site_id="cctv-10?class=yangshi" xmltv_id="cctv 10">cctv 10</channel>
    <channel update="i" site="tvsou.com" site_id="cctv-11?class=yangshi" xmltv_id="cctv 11">cctv 11</channel>
    <channel update="i" site="tvsou.com" site_id="cctv-12?class=yangshi" xmltv_id="cctv 12">cctv 12</channel>
    <channel update="i" site="tvsou.com" site_id="cctv-13?class=yangshi" xmltv_id="cctv 13">cctv 13</channel>
    <channel update="i" site="tvsou.com" site_id="cctv-14?class=yangshi" xmltv_id="cctv 14">cctv 14</channel>
    <channel update="i" site="tvsou.com" site_id="cctv-15?class=yangshi" xmltv_id="cctv 15">cctv 15</channel>
    <channel update="i" site="tvsou.com" site_id="cctv-news?class=yangshi" xmltv_id="cctv news">cctv news</channel>
    <channel update="i" site="tvsou.com" site_id="cctv-4-america?class=yangshi" xmltv_id="cctv 4 america">cctv 4 america</channel>
    <channel update="i" site="tvsou.com" site_id="cctv-4-europe?class=yangshi" xmltv_id="cctv 4 europe">cctv 4 europe</channel>
    <channel update="i" site="tvsou.com" site_id="cctv-f?class=yangshi" xmltv_id="cctv f">cctv f</channel>
    <channel update="i" site="tvsou.com" site_id="cctv-russian?class=yangshi" xmltv_id="cctv russian">cctv russian</channel>
    <channel update="i" site="tvsou.com" site_id="cctv-e?class=yangshi" xmltv_id="cctv e">cctv e</channel>
    <channel update="i" site="tvsou.com" site_id="cctv-a?class=yangshi" xmltv_id="cctv a">cctv a</channel>
    <channel update="i" site="tvsou.com" site_id="hunandianshitai-hnws?class=weishi" xmltv_id="hunandianshitai hnws">hunandianshitai hnws</channel>
    <channel update="i" site="tvsou.com" site_id="dfws?class=weishi" xmltv_id="dfws">dfws</channel>
    <channel update="i" site="tvsou.com" site_id="zhejiangdianshitai-zjws?class=weishi" xmltv_id="zhejiangdianshitai zjws">zhejiangdianshitai zjws</channel>
    <channel update="i" site="tvsou.com" site_id="jiangsudianshitai-jsws?class=weishi" xmltv_id="jiangsudianshitai jsws">jiangsudianshitai jsws</channel>
    <channel update="i" site="tvsou.com" site_id="ahws?class=weishi" xmltv_id="ahws">ahws</channel>
    <channel update="i" site="tvsou.com" site_id="BTV-1?class=weishi" xmltv_id="BTV 1">BTV 1</channel>
    <channel update="i" site="tvsou.com" site_id="sdws?class=weishi" xmltv_id="sdws">sdws</channel>
    <channel update="i" site="tvsou.com" site_id="jxws?class=weishi" xmltv_id="jxws">jxws</channel>
    <channel update="i" site="tvsou.com" site_id="henandianshitai-hnws?class=weishi" xmltv_id="henandianshitai hnws">henandianshitai hnws</channel>
    <channel update="i" site="tvsou.com" site_id="cqws?class=weishi" xmltv_id="cqws">cqws</channel>
    <channel update="i" site="tvsou.com" site_id="hxws?class=weishi" xmltv_id="hxws">hxws</channel>
    <channel update="i" site="tvsou.com" site_id="dnws?class=weishi" xmltv_id="dnws">dnws</channel>
    <channel update="i" site="tvsou.com" site_id="gxws?class=weishi" xmltv_id="gxws">gxws</channel>
    <channel update="i" site="tvsou.com" site_id="scws?class=weishi" xmltv_id="scws">scws</channel>
    <channel update="i" site="tvsou.com" site_id="kbws?class=weishi" xmltv_id="kbws">kbws</channel>
    <channel update="i" site="tvsou.com" site_id="gdws?class=weishi" xmltv_id="gdws">gdws</channel>
    <channel update="i" site="tvsou.com" site_id="guangdongdianshitai-zjws?class=weishi" xmltv_id="guangdongdianshitai zjws">guangdongdianshitai zjws</channel>
    <channel update="i" site="tvsou.com" site_id="lyws?class=weishi" xmltv_id="lyws">lyws</channel>
    <channel update="i" site="tvsou.com" site_id="jlws?class=weishi" xmltv_id="jlws">jlws</channel>
    <channel update="i" site="tvsou.com" site_id="shanxidianshitai-sxws?class=weishi" xmltv_id="shanxidianshitai sxws">shanxidianshitai sxws</channel>
    <channel update="i" site="tvsou.com" site_id="ynws?class=weishi" xmltv_id="ynws">ynws</channel>
    <channel update="i" site="tvsou.com" site_id="tianjindianshitai-tjws?class=weishi" xmltv_id="tianjindianshitai tjws">tianjindianshitai tjws</channel>
    <channel update="i" site="tvsou.com" site_id="liaoningdianshitai-lnws?class=weishi" xmltv_id="liaoningdianshitai lnws">liaoningdianshitai lnws</channel>
    <channel update="i" site="tvsou.com" site_id="hubeidianshitai-hbws?class=weishi" xmltv_id="hubeidianshitai hbws">hubeidianshitai hbws</channel>
    <channel update="i" site="tvsou.com" site_id="shanxidianshitai-sxws_xian?class=weishi" xmltv_id="shanxidianshitai sxws xian">shanxidianshitai sxws xian</channel>
    <channel update="i" site="tvsou.com" site_id="gzws?class=weishi" xmltv_id="gzws">gzws</channel>
    <channel update="i" site="tvsou.com" site_id="hebeidianshitai-hbws?class=weishi" xmltv_id="hebeidianshitai hbws">hebeidianshitai hbws</channel>
    <channel update="i" site="tvsou.com" site_id="hljws?class=weishi" xmltv_id="hljws">hljws</channel>
    <channel update="i" site="tvsou.com" site_id="nxws?class=weishi" xmltv_id="nxws">nxws</channel>
    <channel update="i" site="tvsou.com" site_id="qhws?class=weishi" xmltv_id="qhws">qhws</channel>
    <channel update="i" site="tvsou.com" site_id="gsws?class=weishi" xmltv_id="gsws">gsws</channel>
    <channel update="i" site="tvsou.com" site_id="nmgws?class=weishi" xmltv_id="nmgws">nmgws</channel>
    <channel update="i" site="tvsou.com" site_id="neimengguweishimengyu?class=weishi" xmltv_id="neimengguweishimengyu">neimengguweishimengyu</channel>
    <channel update="i" site="tvsou.com" site_id="xjws?class=weishi" xmltv_id="xjws">xjws</channel>
    <channel update="i" site="tvsou.com" site_id="xzws?class=weishi" xmltv_id="xzws">xzws</channel>
    <channel update="i" site="tvsou.com" site_id="szws?class=weishi" xmltv_id="szws">szws</channel>
    <channel update="i" site="tvsou.com" site_id="btws?class=weishi" xmltv_id="btws">btws</channel>
    <channel update="i" site="tvsou.com" site_id="nfws?class=weishi" xmltv_id="nfws">nfws</channel>
    <channel update="i" site="tvsou.com" site_id="ybws?class=weishi" xmltv_id="ybws">ybws</channel>
    <channel update="i" site="tvsou.com" site_id="hhws?class=weishi" xmltv_id="hhws">hhws</channel>
    <channel update="i" site="tvsou.com" site_id="nlkjws?class=weishi" xmltv_id="nlkjws">nlkjws</channel>
    <channel update="i" site="tvsou.com" site_id="ssws?class=weishi" xmltv_id="ssws">ssws</channel>
    <channel update="i" site="tvsou.com" site_id="xmws?class=weishi" xmltv_id="xmws">xmws</channel>
    <channel update="i" site="tvsou.com" site_id="fhws?class=weishi" xmltv_id="fhws">fhws</channel>
    <channel update="i" site="tvsou.com" site_id="sxws_hd?class=weishi" xmltv_id="sxws hd">sxws hd</channel>
    <channel update="i" site="tvsou.com" site_id="lnws-hd?class=weishi" xmltv_id="lnws hd">lnws hd</channel>
    <channel update="i" site="tvsou.com" site_id="hbws-hd?class=weishi" xmltv_id="hbws hd">hbws hd</channel>
    <channel update="i" site="tvsou.com" site_id="hljws_hd?class=weishi" xmltv_id="hljws hd">hljws hd</channel>
    <channel update="i" site="tvsou.com" site_id="zhws?class=weishi" xmltv_id="zhws">zhws</channel>
    <channel update="i" site="tvsou.com" site_id="cetv-1?class=weishi" xmltv_id="cetv 1">cetv 1</channel>
    <channel update="i" site="tvsou.com" site_id="jkws?class=weishi" xmltv_id="jkws">jkws</channel>
    <channel update="i" site="tvsou.com" site_id="dnws-hd?class=weishi" xmltv_id="dnws hd">dnws hd</channel>
    <channel update="i" site="tvsou.com" site_id="tvs-2?class=weishi" xmltv_id="tvs 2">tvs 2</channel>
    <channel update="i" site="tvsou.com" site_id="amlhws?class=weishi" xmltv_id="amlhws">amlhws</channel>
    <channel update="i" site="tvsou.com" site_id="dxws?class=weishi" xmltv_id="dxws">dxws</channel>
    <channel update="i" site="tvsou.com" site_id="nvxingshishang?class=shuzi" xmltv_id="nvxingshishang">nvxingshishang</channel>
    <channel update="i" site="tvsou.com" site_id="yangshifengyun-yulepindao?class=shuzi" xmltv_id="yangshifengyun yulepindao">yangshifengyun yulepindao</channel>
    <channel update="i" site="tvsou.com" site_id="ly?class=shuzi" xmltv_id="ly">ly</channel>
    <channel update="i" site="tvsou.com" site_id="yitanchunqiu?class=shuzi" xmltv_id="yitanchunqiu">yitanchunqiu</channel>
    <channel update="i" site="tvsou.com" site_id="beiguangchuanmei-youyoubaobei?class=shuzi" xmltv_id="beiguangchuanmei youyoubaobei">beiguangchuanmei youyoubaobei</channel>
    <channel update="i" site="tvsou.com" site_id="huayufengyun?class=shuzi" xmltv_id="huayufengyun">huayufengyun</channel>
    <channel update="i" site="tvsou.com" site_id="sitvxinshijuepindao?class=shuzi" xmltv_id="sitvxinshijuepindao">sitvxinshijuepindao</channel>
    <channel update="i" site="tvsou.com" site_id="fengyunzuqiu?class=shuzi" xmltv_id="fengyunzuqiu">fengyunzuqiu</channel>
    <channel update="i" site="tvsou.com" site_id="fengyunjuchang?class=shuzi" xmltv_id="fengyunjuchang">fengyunjuchang</channel>
    <channel update="i" site="tvsou.com" site_id="wenhuajingpin?class=shuzi" xmltv_id="wenhuajingpin">wenhuajingpin</channel>
    <channel update="i" site="tvsou.com" site_id="jingshijuchang?class=shuzi" xmltv_id="jingshijuchang">jingshijuchang</channel>
    <channel update="i" site="tvsou.com" site_id="xinshijueyingshi?class=shuzi" xmltv_id="xinshijueyingshi">xinshijueyingshi</channel>
    <channel update="i" site="tvsou.com" site_id="dongzuoyingyuan?class=shuzi" xmltv_id="dongzuoyingyuan">dongzuoyingyuan</channel>
    <channel update="i" site="tvsou.com" site_id="cctv-5_hd?class=shuzi" xmltv_id="cctv 5 hd">cctv 5 hd</channel>
    <channel update="i" site="tvsou.com" site_id="btv-6?class=shuzi" xmltv_id="btv 6">btv 6</channel>
    <channel update="i" site="tvsou.com" site_id="tywq?class=shuzi" xmltv_id="tywq">tywq</channel>
    <channel update="i" site="tvsou.com" site_id="cctvgef?class=shuzi" xmltv_id="cctvgef">cctvgef</channel>
    <channel update="i" site="tvsou.com" site_id="sihaidiaoyu?class=shuzi" xmltv_id="sihaidiaoyu">sihaidiaoyu</channel>
    <channel update="i" site="tvsou.com" site_id="bgcm?class=shuzi" xmltv_id="bgcm">bgcm</channel>
    <channel update="i" site="tvsou.com" site_id="sitvjinbaozuqiu?class=shuzi" xmltv_id="sitvjinbaozuqiu">sitvjinbaozuqiu</channel>
    <channel update="i" site="tvsou.com" site_id="jinbaotiyuhd?class=shuzi" xmltv_id="jinbaotiyuhd">jinbaotiyuhd</channel>
    <channel update="i" site="tvsou.com" site_id="cctv-10?class=shuzi" xmltv_id="cctv 10">cctv 10</channel>
    <channel update="i" site="tvsou.com" site_id="cqtv-3?class=shuzi" xmltv_id="cqtv 3">cqtv 3</channel>
    <channel update="i" site="tvsou.com" site_id="tvs-1?class=shuzi" xmltv_id="tvs 1">tvs 1</channel>
    <channel update="i" site="tvsou.com" site_id="ahtv-6?class=shuzi" xmltv_id="ahtv 6">ahtv 6</channel>
    <channel update="i" site="tvsou.com" site_id="sctv-8?class=shuzi" xmltv_id="sctv 8">sctv 8</channel>
    <channel update="i" site="tvsou.com" site_id="fazhitiandi?class=shuzi" xmltv_id="fazhitiandi">fazhitiandi</channel>
    <channel update="i" site="tvsou.com" site_id="quanjishi?class=shuzi" xmltv_id="quanjishi">quanjishi</channel>
    <channel update="i" site="tvsou.com" site_id="hnws_hd?class=gaoqing" xmltv_id="hnws hd">hnws hd</channel>
    <channel update="i" site="tvsou.com" site_id="dfws_hd?class=gaoqing" xmltv_id="dfws hd">dfws hd</channel>
    <channel update="i" site="tvsou.com" site_id="cctv-5_hd?class=gaoqing" xmltv_id="cctv 5 hd">cctv 5 hd</channel>
    <channel update="i" site="tvsou.com" site_id="cctv-9_hd?class=gaoqing" xmltv_id="cctv 9 hd">cctv 9 hd</channel>
    <channel update="i" site="tvsou.com" site_id="cctv-1_hd?class=gaoqing" xmltv_id="cctv 1 hd">cctv 1 hd</channel>
    <channel update="i" site="tvsou.com" site_id="ahws_hd?class=gaoqing" xmltv_id="ahws hd">ahws hd</channel>
    <channel update="i" site="tvsou.com" site_id="sdws_hd?class=gaoqing" xmltv_id="sdws hd">sdws hd</channel>
    <channel update="i" site="tvsou.com" site_id="lnws-hd?class=gaoqing" xmltv_id="lnws hd">lnws hd</channel>
    <channel update="i" site="tvsou.com" site_id="hbws_hd?class=gaoqing" xmltv_id="hbws hd">hbws hd</channel>
    <channel update="i" site="tvsou.com" site_id="hbws-hd?class=gaoqing" xmltv_id="hbws hd">hbws hd</channel>
    <channel update="i" site="tvsou.com" site_id="szws_hd?class=gaoqing" xmltv_id="szws hd">szws hd</channel>
    <channel update="i" site="tvsou.com" site_id="fhws-hd?class=gaoqing" xmltv_id="fhws hd">fhws hd</channel>
    <channel update="i" site="tvsou.com" site_id="zjws_hd?class=gaoqing" xmltv_id="zjws hd">zjws hd</channel>
    <channel update="i" site="tvsou.com" site_id="jsws-hd?class=gaoqing" xmltv_id="jsws hd">jsws hd</channel>
    <channel update="i" site="tvsou.com" site_id="bjws_hd?class=gaoqing" xmltv_id="bjws hd">bjws hd</channel>
    <channel update="i" site="tvsou.com" site_id="xianggangyouxiandianshitai-fenghuangweishizhongwentai?class=jingwai" xmltv_id="xianggangyouxiandianshitai fenghuangweishizhongwentai">xianggangyouxiandianshitai fenghuangweishizhongwentai</channel>
    <channel update="i" site="tvsou.com" site_id="suntv?class=jingwai" xmltv_id="suntv">suntv</channel>
    <channel update="i" site="tvsou.com" site_id="xingkongweishi?class=jingwai" xmltv_id="xingkongweishi">xingkongweishi</channel>
    <channel update="i" site="tvsou.com" site_id="nowkuanpin-weishidianyingtai?class=jingwai" xmltv_id="nowkuanpin weishidianyingtai">nowkuanpin weishidianyingtai</channel>
    <channel update="i" site="tvsou.com" site_id="ayws?class=jingwai" xmltv_id="ayws">ayws</channel>
    <channel update="i" site="tvsou.com" site_id="espn?class=jingwai" xmltv_id="espn">espn</channel>
    <channel update="i" site="tvsou.com" site_id="tiyutaifoxsports?class=jingwai" xmltv_id="tiyutaifoxsports">tiyutaifoxsports</channel>
    <channel update="i" site="tvsou.com" site_id="foxsports3?class=jingwai" xmltv_id="foxsports3">foxsports3</channel>
    <channel update="i" site="tvsou.com" site_id="szpd-tianshengouzhouzuqiupindao?class=jingwai" xmltv_id="szpd tianshengouzhouzuqiupindao">szpd tianshengouzhouzuqiupindao</channel>
    <channel update="i" site="tvsou.com" site_id="hbo-cinemax?class=jingwai" xmltv_id="hbo cinemax">hbo cinemax</channel>
    <channel update="i" site="tvsou.com" site_id="startv-weishidianyingtai?class=jingwai" xmltv_id="startv weishidianyingtai">startv weishidianyingtai</channel>
    <channel update="i" site="tvsou.com" site_id="chcgaoqingdianying?class=jingwai" xmltv_id="chcgaoqingdianying">chcgaoqingdianying</channel>
    <channel update="i" site="tvsou.com" site_id="chcdongzuodianying?class=jingwai" xmltv_id="chcdongzuodianying">chcdongzuodianying</channel>
    <channel update="i" site="tvsou.com" site_id="fenghuangdianyingtai?class=jingwai" xmltv_id="fenghuangdianyingtai">fenghuangdianyingtai</channel>
    <channel update="i" site="tvsou.com" site_id="tianyingpindao-tianyingpindao?class=jingwai" xmltv_id="tianyingpindao tianyingpindao">tianyingpindao tianyingpindao</channel>
    <channel update="i" site="tvsou.com" site_id="animaxyazhouban?class=jingwai" xmltv_id="animaxyazhouban">animaxyazhouban</channel>
    <channel update="i" site="tvsou.com" site_id="cnnguojixinwenwangluo?class=jingwai" xmltv_id="cnnguojixinwenwangluo">cnnguojixinwenwangluo</channel>
    <channel update="i" site="tvsou.com" site_id="sbnquanqiucaijing?class=jingwai" xmltv_id="sbnquanqiucaijing">sbnquanqiucaijing</channel>
    <channel update="i" site="tvsou.com" site_id="sanlidianshitai-caijingtai?class=jingwai" xmltv_id="sanlidianshitai caijingtai">sanlidianshitai caijingtai</channel>
    <channel update="i" site="tvsou.com" site_id="fenghuangzixuntai?class=jingwai" xmltv_id="fenghuangzixuntai">fenghuangzixuntai</channel>
    <channel update="i" site="tvsou.com" site_id="xinjiapoyazhouxinwenpindao?class=jingwai" xmltv_id="xinjiapoyazhouxinwenpindao">xinjiapoyazhouxinwenpindao</channel>
    <channel update="i" site="tvsou.com" site_id="kbsworld?class=jingwai" xmltv_id="kbsworld">kbsworld</channel>
    <channel update="i" site="tvsou.com" site_id="ctszx?class=jingwai" xmltv_id="ctszx">ctszx</channel>
    <channel update="i" site="tvsou.com" site_id="minshidianshitai-xinwentai?class=jingwai" xmltv_id="minshidianshitai xinwentai">minshidianshitai xinwentai</channel>
  </channels>
</site>