﻿<?xml version="1.0" encoding="UTF-8"?>
<site generator-info-name="WebGrab+Plus/w MDB &amp; REX Postprocess -- version V2.1.11.2 -- Jan van Straaten" site="d2h.com">
  <channels>
    <channel update="i" site="d2h.com.E" site_id="1_STAR PLUS" xmltv_id="STAR PLUS">STAR PLUS</channel>
    <channel update="i" site="d2h.com.E" site_id="1_ZEE TV" xmltv_id="ZEE TV">ZEE TV</channel>
    <channel update="i" site="d2h.com.E" site_id="1_COLORS" xmltv_id="COLORS">COLORS</channel>
    <channel update="i" site="d2h.com.E" site_id="1_&amp;TV" xmltv_id="&amp;TV">&amp;TV</channel>
    <channel update="i" site="d2h.com.E" site_id="1_Sony TV" xmltv_id="Sony TV">Sony TV</channel>
    <channel update="i" site="d2h.com.E" site_id="1_SONY SAB" xmltv_id="SONY SAB">SONY SAB</channel>
    <channel update="i" site="d2h.com.E" site_id="1_BINDASS" xmltv_id="BINDASS">BINDASS</channel>
    <channel update="i" site="d2h.com.E" site_id="1_STAR UTSAV" xmltv_id="STAR UTSAV">STAR UTSAV</channel>
    <channel update="i" site="d2h.com.E" site_id="1_ZEE ANMOL" xmltv_id="ZEE ANMOL">ZEE ANMOL</channel>
    <channel update="i" site="d2h.com.E" site_id="1_DANGAL" xmltv_id="DANGAL">DANGAL</channel>
    <channel update="i" site="d2h.com.E" site_id="1_BIG MAGIC" xmltv_id="BIG MAGIC">BIG MAGIC</channel>
    <channel update="i" site="d2h.com.E" site_id="1_COOKING ACTIVE" xmltv_id="COOKING ACTIVE">COOKING ACTIVE</channel>
    <channel update="i" site="d2h.com.E" site_id="1_DD NATIONAL" xmltv_id="DD NATIONAL">DD NATIONAL</channel>
    <channel update="i" site="d2h.com.E" site_id="1_DD INDIA" xmltv_id="DD INDIA">DD INDIA</channel>
    <channel update="i" site="d2h.com.E" site_id="1_SONY PAL" xmltv_id="SONY PAL">SONY PAL</channel>
    <channel update="i" site="d2h.com.E" site_id="1_TOPPER TV" xmltv_id="TOPPER TV">TOPPER TV</channel>
    <channel update="i" site="d2h.com.E" site_id="1_AXN" xmltv_id="AXN">AXN</channel>
    <channel update="i" site="d2h.com.E" site_id="1_STAR WORLD" xmltv_id="STAR WORLD">STAR WORLD</channel>
    <channel update="i" site="d2h.com.E" site_id="1_ZEE CAFE" xmltv_id="ZEE CAFE">ZEE CAFE</channel>
    <channel update="i" site="d2h.com.E" site_id="1_COLORS INFINITY" xmltv_id="COLORS INFINITY">COLORS INFINITY</channel>
    <channel update="i" site="d2h.com.E" site_id="1_COMEDY CENTRAL" xmltv_id="COMEDY CENTRAL">COMEDY CENTRAL</channel>
    <channel update="i" site="d2h.com.E" site_id="1_STAR BHARAT" xmltv_id="STAR BHARAT">STAR BHARAT</channel>
    <channel update="i" site="d2h.com.E" site_id="1_RISHTEY" xmltv_id="RISHTEY">RISHTEY</channel>
    <channel update="i" site="d2h.com.E" site_id="1_Smart english" xmltv_id="Smart english">Smart english</channel>
    <channel update="i" site="d2h.com.E" site_id="1_Comedy Active" xmltv_id="Comedy Active">Comedy Active</channel>
    <channel update="i" site="d2h.com.E" site_id="1_THRILLER ACTIVE" xmltv_id="THRILLER ACTIVE">THRILLER ACTIVE</channel>
    <channel update="i" site="d2h.com.E" site_id="1_KUDOS AYURVEDA" xmltv_id="KUDOS AYURVEDA">KUDOS AYURVEDA</channel>
    <channel update="i" site="d2h.com.E" site_id="1_OFFER GURU.COM" xmltv_id="OFFER GURU.COM">OFFER GURU.COM</channel>
    <channel update="i" site="d2h.com.E" site_id="3_SONY MAX" xmltv_id="SONY MAX">SONY MAX</channel>
    <channel update="i" site="d2h.com.E" site_id="3_ZEE CINEMA" xmltv_id="ZEE CINEMA">ZEE CINEMA</channel>
    <channel update="i" site="d2h.com.E" site_id="3_STAR GOLD" xmltv_id="STAR GOLD">STAR GOLD</channel>
    <channel update="i" site="d2h.com.E" site_id="3_UTV MOVIES" xmltv_id="UTV MOVIES">UTV MOVIES</channel>
    <channel update="i" site="d2h.com.E" site_id="3_WOW CINEMA" xmltv_id="WOW CINEMA">WOW CINEMA</channel>
    <channel update="i" site="d2h.com.E" site_id="3_CINEMA TV" xmltv_id="CINEMA TV">CINEMA TV</channel>
    <channel update="i" site="d2h.com.E" site_id="3_UTV ACTION" xmltv_id="UTV ACTION">UTV ACTION</channel>
    <channel update="i" site="d2h.com.E" site_id="3_CINE ACTIVE" xmltv_id="CINE ACTIVE">CINE ACTIVE</channel>
    <channel update="i" site="d2h.com.E" site_id="3_Evergreen Classic" xmltv_id="Evergreen Classic">Evergreen Classic</channel>
    <channel update="i" site="d2h.com.E" site_id="3_Movies Active" xmltv_id="Movies Active">Movies Active</channel>
    <channel update="i" site="d2h.com.E" site_id="3_ZEE BOLLYWOOD" xmltv_id="ZEE BOLLYWOOD">ZEE BOLLYWOOD</channel>
    <channel update="i" site="d2h.com.E" site_id="3_ENTERR 10" xmltv_id="ENTERR 10">ENTERR 10</channel>
    <channel update="i" site="d2h.com.E" site_id="3_MOVIES OK" xmltv_id="MOVIES OK">MOVIES OK</channel>
    <channel update="i" site="d2h.com.E" site_id="3_B4U MOVIES" xmltv_id="B4U MOVIES">B4U MOVIES</channel>
    <channel update="i" site="d2h.com.E" site_id="3_MAHA MOVIE" xmltv_id="MAHA MOVIE">MAHA MOVIE</channel>
    <channel update="i" site="d2h.com.E" site_id="3_&amp;PICTURES" xmltv_id="&amp;PICTURES">&amp;PICTURES</channel>
    <channel update="i" site="d2h.com.E" site_id="3_ZEE ACTION" xmltv_id="ZEE ACTION">ZEE ACTION</channel>
    <channel update="i" site="d2h.com.E" site_id="3_RISHTEY CINEPLEX" xmltv_id="RISHTEY CINEPLEX">RISHTEY CINEPLEX</channel>
    <channel update="i" site="d2h.com.E" site_id="3_SONY MAX 2" xmltv_id="SONY MAX 2">SONY MAX 2</channel>
    <channel update="i" site="d2h.com.E" site_id="3_STAR MOVIES" xmltv_id="STAR MOVIES">STAR MOVIES</channel>
    <channel update="i" site="d2h.com.E" site_id="3_SONY PIX" xmltv_id="SONY PIX">SONY PIX</channel>
    <channel update="i" site="d2h.com.E" site_id="3_HBO" xmltv_id="HBO">HBO</channel>
    <channel update="i" site="d2h.com.E" site_id="3_&amp;Flix" xmltv_id="&amp;Flix">&amp;Flix</channel>
    <channel update="i" site="d2h.com.E" site_id="3_ROMEDY NOW" xmltv_id="ROMEDY NOW">ROMEDY NOW</channel>
    <channel update="i" site="d2h.com.E" site_id="3_WB" xmltv_id="WB">WB</channel>
    <channel update="i" site="d2h.com.E" site_id="3_MNX" xmltv_id="MNX">MNX</channel>
    <channel update="i" site="d2h.com.E" site_id="3_MOVIES NOW" xmltv_id="MOVIES NOW">MOVIES NOW</channel>
    <channel update="i" site="d2h.com.E" site_id="3_SKYSTAR MOVIES" xmltv_id="SKYSTAR MOVIES">SKYSTAR MOVIES</channel>
    <channel update="i" site="d2h.com.E" site_id="3_Aapla Manoranjan" xmltv_id="Aapla Manoranjan">Aapla Manoranjan</channel>
    <channel update="i" site="d2h.com.E" site_id="3_Star Utsav Movies" xmltv_id="Star Utsav Movies">Star Utsav Movies</channel>
    <channel update="i" site="d2h.com.E" site_id="3_Star Gold Select" xmltv_id="Star Gold Select">Star Gold Select</channel>
    <channel update="i" site="d2h.com.E" site_id="3_Zee Anmol Cinema" xmltv_id="Zee Anmol Cinema">Zee Anmol Cinema</channel>
    <channel update="i" site="d2h.com.E" site_id="5_ABP NEWS" xmltv_id="ABP NEWS">ABP NEWS</channel>
    <channel update="i" site="d2h.com.E" site_id="5_AAJ TAK" xmltv_id="AAJ TAK">AAJ TAK</channel>
    <channel update="i" site="d2h.com.E" site_id="5_NEWS NATION" xmltv_id="NEWS NATION">NEWS NATION</channel>
    <channel update="i" site="d2h.com.E" site_id="5_NDTV INDIA" xmltv_id="NDTV INDIA">NDTV INDIA</channel>
    <channel update="i" site="d2h.com.E" site_id="5_ZEE NEWS" xmltv_id="ZEE NEWS">ZEE NEWS</channel>
    <channel update="i" site="d2h.com.E" site_id="5_INDIA TV" xmltv_id="INDIA TV">INDIA TV</channel>
    <channel update="i" site="d2h.com.E" site_id="5_SUDARSHAN NEWS" xmltv_id="SUDARSHAN NEWS">SUDARSHAN NEWS</channel>
    <channel update="i" site="d2h.com.E" site_id="5_ZEE HINDUSTAN" xmltv_id="ZEE HINDUSTAN">ZEE HINDUSTAN</channel>
    <channel update="i" site="d2h.com.E" site_id="5_DD NEWS" xmltv_id="DD NEWS">DD NEWS</channel>
    <channel update="i" site="d2h.com.E" site_id="5_LOK SABHA" xmltv_id="LOK SABHA">LOK SABHA</channel>
    <channel update="i" site="d2h.com.E" site_id="5_RAJYA SABHA" xmltv_id="RAJYA SABHA">RAJYA SABHA</channel>
    <channel update="i" site="d2h.com.E" site_id="5_JK 24x7 NEWS" xmltv_id="JK 24x7 NEWS">JK 24x7 NEWS</channel>
    <channel update="i" site="d2h.com.E" site_id="5_CNBC AWAAZ " xmltv_id="CNBC AWAAZ ">CNBC AWAAZ </channel>
    <channel update="i" site="d2h.com.E" site_id="5_ZEE BUSINESS" xmltv_id="ZEE BUSINESS">ZEE BUSINESS</channel>
    <channel update="i" site="d2h.com.E" site_id="5_NEWS18 INDIA" xmltv_id="NEWS18 INDIA">NEWS18 INDIA</channel>
    <channel update="i" site="d2h.com.E" site_id="5_NDTV 24X7" xmltv_id="NDTV 24X7">NDTV 24X7</channel>
    <channel update="i" site="d2h.com.E" site_id="5_WION" xmltv_id="WION">WION</channel>
    <channel update="i" site="d2h.com.E" site_id="5_TIMES NOW" xmltv_id="TIMES NOW">TIMES NOW</channel>
    <channel update="i" site="d2h.com.E" site_id="5_CNN NEWS 18" xmltv_id="CNN NEWS 18">CNN NEWS 18</channel>
    <channel update="i" site="d2h.com.E" site_id="5_MIRROR NOW" xmltv_id="MIRROR NOW">MIRROR NOW</channel>
    <channel update="i" site="d2h.com.E" site_id="5_INDIA TODAY" xmltv_id="INDIA TODAY">INDIA TODAY</channel>
    <channel update="i" site="d2h.com.E" site_id="5_CNN" xmltv_id="CNN">CNN</channel>
    <channel update="i" site="d2h.com.E" site_id="5_BBC WORLD NEWS" xmltv_id="BBC WORLD NEWS">BBC WORLD NEWS</channel>
    <channel update="i" site="d2h.com.E" site_id="5_AL JAZEERA" xmltv_id="AL JAZEERA">AL JAZEERA</channel>
    <channel update="i" site="d2h.com.E" site_id="5_CNBC TV18" xmltv_id="CNBC TV18">CNBC TV18</channel>
    <channel update="i" site="d2h.com.E" site_id="5_ET NOW" xmltv_id="ET NOW">ET NOW</channel>
    <channel update="i" site="d2h.com.E" site_id="5_REPUBLIC TV" xmltv_id="REPUBLIC TV">REPUBLIC TV</channel>
    <channel update="i" site="d2h.com.E" site_id="5_INDIA NEWS" xmltv_id="INDIA NEWS">INDIA NEWS</channel>
    <channel update="i" site="d2h.com.E" site_id="5_AP 24x7" xmltv_id="AP 24x7">AP 24x7</channel>
    <channel update="i" site="d2h.com.E" site_id="5_TV5 Kannada" xmltv_id="TV5 Kannada">TV5 Kannada</channel>
    <channel update="i" site="d2h.com.E" site_id="5_Mojo TV" xmltv_id="Mojo TV">Mojo TV</channel>
    <channel update="i" site="d2h.com.E" site_id="5_India Ahead" xmltv_id="India Ahead">India Ahead</channel>
    <channel update="i" site="d2h.com.E" site_id="5_RUSSIA TODAY" xmltv_id="RUSSIA TODAY">RUSSIA TODAY</channel>
    <channel update="i" site="d2h.com.E" site_id="5_Mahaa News" xmltv_id="Mahaa News">Mahaa News</channel>
    <channel update="i" site="d2h.com.E" site_id="5_99 TV" xmltv_id="99 TV">99 TV</channel>
    <channel update="i" site="d2h.com.E" site_id="5_TOTAL TV" xmltv_id="TOTAL TV">TOTAL TV</channel>
    <channel update="i" site="d2h.com.E" site_id="5_MANGALAM" xmltv_id="MANGALAM">MANGALAM</channel>
    <channel update="i" site="d2h.com.E" site_id="5_TV 1 NEWS" xmltv_id="TV 1 NEWS">TV 1 NEWS</channel>
    <channel update="i" site="d2h.com.E" site_id="5_ZEE UTTAR PRADESH UTTARAKHAND" xmltv_id="ZEE UTTAR PRADESH UTTARAKHAND">ZEE UTTAR PRADESH UTTARAKHAND</channel>
    <channel update="i" site="d2h.com.E" site_id="7_STAR SPORTS 1" xmltv_id="STAR SPORTS 1">STAR SPORTS 1</channel>
    <channel update="i" site="d2h.com.E" site_id="7_STAR SPORTS 2" xmltv_id="STAR SPORTS 2">STAR SPORTS 2</channel>
    <channel update="i" site="d2h.com.E" site_id="7_STAR SPORTS HINDI 1" xmltv_id="STAR SPORTS HINDI 1">STAR SPORTS HINDI 1</channel>
    <channel update="i" site="d2h.com.E" site_id="7_D SPORT" xmltv_id="D SPORT">D SPORT</channel>
    <channel update="i" site="d2h.com.E" site_id="7_SONY TEN 1" xmltv_id="SONY TEN 1">SONY TEN 1</channel>
    <channel update="i" site="d2h.com.E" site_id="7_SONY TEN 2" xmltv_id="SONY TEN 2">SONY TEN 2</channel>
    <channel update="i" site="d2h.com.E" site_id="7_SONY TEN 3" xmltv_id="SONY TEN 3">SONY TEN 3</channel>
    <channel update="i" site="d2h.com.E" site_id="7_SONY SIX" xmltv_id="SONY SIX">SONY SIX</channel>
    <channel update="i" site="d2h.com.E" site_id="7_SONY ESPN" xmltv_id="SONY ESPN">SONY ESPN</channel>
    <channel update="i" site="d2h.com.E" site_id="7_DD SPORTS" xmltv_id="DD SPORTS">DD SPORTS</channel>
    <channel update="i" site="d2h.com.E" site_id="7_Star Sports Select 1" xmltv_id="Star Sports Select 1">Star Sports Select 1</channel>
    <channel update="i" site="d2h.com.E" site_id="7_Star Sports Select 2" xmltv_id="Star Sports Select 2">Star Sports Select 2</channel>
    <channel update="i" site="d2h.com.E" site_id="7_Star Sports First" xmltv_id="Star Sports First">Star Sports First</channel>
    <channel update="i" site="d2h.com.E" site_id="8_nt 1" xmltv_id="nt 1">nt 1</channel>
    <channel update="i" site="d2h.com.E" site_id="8_HOME SHOP 18" xmltv_id="HOME SHOP 18">HOME SHOP 18</channel>
    <channel update="i" site="d2h.com.E" site_id="8_SHOP CJ" xmltv_id="SHOP CJ">SHOP CJ</channel>
    <channel update="i" site="d2h.com.E" site_id="8_FOOD FOOD" xmltv_id="FOOD FOOD">FOOD FOOD</channel>
    <channel update="i" site="d2h.com.E" site_id="8_LIVING FOODZ" xmltv_id="LIVING FOODZ">LIVING FOODZ</channel>
    <channel update="i" site="d2h.com.E" site_id="8_NAT GEO PEOPLE" xmltv_id="NAT GEO PEOPLE">NAT GEO PEOPLE</channel>
    <channel update="i" site="d2h.com.E" site_id="8_FOX LIFE" xmltv_id="FOX LIFE">FOX LIFE</channel>
    <channel update="i" site="d2h.com.E" site_id="8_FYI TV18" xmltv_id="FYI TV18">FYI TV18</channel>
    <channel update="i" site="d2h.com.E" site_id="8_TLC" xmltv_id="TLC">TLC</channel>
    <channel update="i" site="d2h.com.E" site_id="8_EPIC" xmltv_id="EPIC">EPIC</channel>
    <channel update="i" site="d2h.com.E" site_id="8_Discovery Jeet" xmltv_id="Discovery Jeet">Discovery Jeet</channel>
    <channel update="i" site="d2h.com.E" site_id="8_DIVYARISHI" xmltv_id="DIVYARISHI">DIVYARISHI</channel>
    <channel update="i" site="d2h.com.E" site_id="8_GEMPORIA" xmltv_id="GEMPORIA">GEMPORIA</channel>
    <channel update="i" site="d2h.com.E" site_id="8_ABZY DOT COM" xmltv_id="ABZY DOT COM">ABZY DOT COM</channel>
    <channel update="i" site="d2h.com.E" site_id="8_EZMALL" xmltv_id="EZMALL">EZMALL</channel>
    <channel update="i" site="d2h.com.E" site_id="8_Naaptol Telugu" xmltv_id="Naaptol Telugu">Naaptol Telugu</channel>
    <channel update="i" site="d2h.com.E" site_id="9_Bhakti Active" xmltv_id="Bhakti Active">Bhakti Active</channel>
    <channel update="i" site="d2h.com.E" site_id="9_AASTHA" xmltv_id="AASTHA">AASTHA</channel>
    <channel update="i" site="d2h.com.E" site_id="9_SANSKAR" xmltv_id="SANSKAR">SANSKAR</channel>
    <channel update="i" site="d2h.com.E" site_id="9_SATSANG" xmltv_id="SATSANG">SATSANG</channel>
    <channel update="i" site="d2h.com.E" site_id="9_ARIHANT" xmltv_id="ARIHANT">ARIHANT</channel>
    <channel update="i" site="d2h.com.E" site_id="9_JINVANI" xmltv_id="JINVANI">JINVANI</channel>
    <channel update="i" site="d2h.com.E" site_id="9_DIVYA" xmltv_id="DIVYA">DIVYA</channel>
    <channel update="i" site="d2h.com.E" site_id="9_PEACE OF MIND" xmltv_id="PEACE OF MIND">PEACE OF MIND</channel>
    <channel update="i" site="d2h.com.E" site_id="9_GOD TV" xmltv_id="GOD TV">GOD TV</channel>
    <channel update="i" site="d2h.com.E" site_id="9_Ibadat Active" xmltv_id="Ibadat Active">Ibadat Active</channel>
    <channel update="i" site="d2h.com.E" site_id="9_Disha TV" xmltv_id="Disha TV">Disha TV</channel>
    <channel update="i" site="d2h.com.E" site_id="9_Mahavira TV" xmltv_id="Mahavira TV">Mahavira TV</channel>
    <channel update="i" site="d2h.com.E" site_id="9_Divyavani" xmltv_id="Divyavani">Divyavani</channel>
    <channel update="i" site="d2h.com.E" site_id="9_Hindu Dharmam" xmltv_id="Hindu Dharmam">Hindu Dharmam</channel>
    <channel update="i" site="d2h.com.E" site_id="9_Aastha Bhajan" xmltv_id="Aastha Bhajan">Aastha Bhajan</channel>
    <channel update="i" site="d2h.com.E" site_id="9_Rujumargam TV" xmltv_id="Rujumargam TV">Rujumargam TV</channel>
    <channel update="i" site="d2h.com.E" site_id="9_PARAS GOLD" xmltv_id="PARAS GOLD">PARAS GOLD</channel>
    <channel update="i" site="d2h.com.E" site_id="10_KIDS ACTIVE RHYMES" xmltv_id="KIDS ACTIVE RHYMES">KIDS ACTIVE RHYMES</channel>
    <channel update="i" site="d2h.com.E" site_id="10_CARTOON NETWORK" xmltv_id="CARTOON NETWORK">CARTOON NETWORK</channel>
    <channel update="i" site="d2h.com.E" site_id="10_KIDS ACTIVE TOONS" xmltv_id="KIDS ACTIVE TOONS">KIDS ACTIVE TOONS</channel>
    <channel update="i" site="d2h.com.E" site_id="10_HUNGAMA" xmltv_id="HUNGAMA">HUNGAMA</channel>
    <channel update="i" site="d2h.com.E" site_id="10_DISNEY CHANNEL" xmltv_id="DISNEY CHANNEL">DISNEY CHANNEL</channel>
    <channel update="i" site="d2h.com.E" site_id="10_NICK" xmltv_id="NICK">NICK</channel>
    <channel update="i" site="d2h.com.E" site_id="10_POGO" xmltv_id="POGO">POGO</channel>
    <channel update="i" site="d2h.com.E" site_id="10_MARVEL HQ" xmltv_id="MARVEL HQ">MARVEL HQ</channel>
    <channel update="i" site="d2h.com.E" site_id="10_SONIC NICKELODEON" xmltv_id="SONIC NICKELODEON">SONIC NICKELODEON</channel>
    <channel update="i" site="d2h.com.E" site_id="10_BABY TV" xmltv_id="BABY TV">BABY TV</channel>
    <channel update="i" site="d2h.com.E" site_id="10_NICK JR. NICKELODEON" xmltv_id="NICK JR. NICKELODEON">NICK JR. NICKELODEON</channel>
    <channel update="i" site="d2h.com.E" site_id="10_DISNEY JUNIOR" xmltv_id="DISNEY JUNIOR">DISNEY JUNIOR</channel>
    <channel update="i" site="d2h.com.E" site_id="10_DISCOVERY KIDS" xmltv_id="DISCOVERY KIDS">DISCOVERY KIDS</channel>
    <channel update="i" site="d2h.com.E" site_id="10_Disney Stories" xmltv_id="Disney Stories">Disney Stories</channel>
    <channel update="i" site="d2h.com.E" site_id="11_MUSIC ACTIVE HITS" xmltv_id="MUSIC ACTIVE HITS">MUSIC ACTIVE HITS</channel>
    <channel update="i" site="d2h.com.E" site_id="11_MUSIC ACTIVE MASALA" xmltv_id="MUSIC ACTIVE MASALA">MUSIC ACTIVE MASALA</channel>
    <channel update="i" site="d2h.com.E" site_id="11_MTV" xmltv_id="MTV">MTV</channel>
    <channel update="i" site="d2h.com.E" site_id="11_B4U MUSIC" xmltv_id="B4U MUSIC">B4U MUSIC</channel>
    <channel update="i" site="d2h.com.E" site_id="11_9XM" xmltv_id="9XM">9XM</channel>
    <channel update="i" site="d2h.com.E" site_id="11_ZING" xmltv_id="ZING">ZING</channel>
    <channel update="i" site="d2h.com.E" site_id="11_9X JALWA" xmltv_id="9X JALWA">9X JALWA</channel>
    <channel update="i" site="d2h.com.E" site_id="11_SONY MIX" xmltv_id="SONY MIX">SONY MIX</channel>
    <channel update="i" site="d2h.com.E" site_id="11_ZOOM" xmltv_id="ZOOM">ZOOM</channel>
    <channel update="i" site="d2h.com.E" site_id="11_VH1" xmltv_id="VH1">VH1</channel>
    <channel update="i" site="d2h.com.E" site_id="11_9XO" xmltv_id="9XO">9XO</channel>
    <channel update="i" site="d2h.com.E" site_id="11_ZEE ETC BOLLYWOOD" xmltv_id="ZEE ETC BOLLYWOOD">ZEE ETC BOLLYWOOD</channel>
    <channel update="i" site="d2h.com.E" site_id="11_Songdew Tv" xmltv_id="Songdew Tv">Songdew Tv</channel>
    <channel update="i" site="d2h.com.E" site_id="11_MTV Beats" xmltv_id="MTV Beats">MTV Beats</channel>
    <channel update="i" site="d2h.com.E" site_id="12_SUN TV" xmltv_id="SUN TV">SUN TV</channel>
    <channel update="i" site="d2h.com.E" site_id="12_VIJAY TV" xmltv_id="VIJAY TV">VIJAY TV</channel>
    <channel update="i" site="d2h.com.E" site_id="12_NAAPTOL TAMIL" xmltv_id="NAAPTOL TAMIL">NAAPTOL TAMIL</channel>
    <channel update="i" site="d2h.com.E" site_id="12_KALAIGNAR" xmltv_id="KALAIGNAR">KALAIGNAR</channel>
    <channel update="i" site="d2h.com.E" site_id="12_JAYA TV" xmltv_id="JAYA TV">JAYA TV</channel>
    <channel update="i" site="d2h.com.E" site_id="12_ZEE TAMIL" xmltv_id="ZEE TAMIL">ZEE TAMIL</channel>
    <channel update="i" site="d2h.com.E" site_id="12_VIJAY SUPER" xmltv_id="VIJAY SUPER">VIJAY SUPER</channel>
    <channel update="i" site="d2h.com.E" site_id="12_THANTHI TV" xmltv_id="THANTHI TV">THANTHI TV</channel>
    <channel update="i" site="d2h.com.E" site_id="12_POLIMER" xmltv_id="POLIMER">POLIMER</channel>
    <channel update="i" site="d2h.com.E" site_id="12_SIRIPOLI" xmltv_id="SIRIPOLI">SIRIPOLI</channel>
    <channel update="i" site="d2h.com.E" site_id="12_VASANTH TV" xmltv_id="VASANTH TV">VASANTH TV</channel>
    <channel update="i" site="d2h.com.E" site_id="12_DD PODHIGAI" xmltv_id="DD PODHIGAI">DD PODHIGAI</channel>
    <channel update="i" site="d2h.com.E" site_id="12_RAJ TV" xmltv_id="RAJ TV">RAJ TV</channel>
    <channel update="i" site="d2h.com.E" site_id="12_MURASU" xmltv_id="MURASU">MURASU</channel>
    <channel update="i" site="d2h.com.E" site_id="12_MALAI MURASU" xmltv_id="MALAI MURASU">MALAI MURASU</channel>
    <channel update="i" site="d2h.com.E" site_id="12_CAPTAIN TV" xmltv_id="CAPTAIN TV">CAPTAIN TV</channel>
    <channel update="i" site="d2h.com.E" site_id="12_PEPPERS" xmltv_id="PEPPERS">PEPPERS</channel>
    <channel update="i" site="d2h.com.E" site_id="12_VENDHAR TV" xmltv_id="VENDHAR TV">VENDHAR TV</channel>
    <channel update="i" site="d2h.com.E" site_id="12_SUPER TV" xmltv_id="SUPER TV">SUPER TV</channel>
    <channel update="i" site="d2h.com.E" site_id="12_MEGA 24" xmltv_id="MEGA 24">MEGA 24</channel>
    <channel update="i" site="d2h.com.E" site_id="12_KTV" xmltv_id="KTV">KTV</channel>
    <channel update="i" site="d2h.com.E" site_id="12_ADITHYA TV" xmltv_id="ADITHYA TV">ADITHYA TV</channel>
    <channel update="i" site="d2h.com.E" site_id="12_J MOVIE" xmltv_id="J MOVIE">J MOVIE</channel>
    <channel update="i" site="d2h.com.E" site_id="12_RAJ DIGITAL PLUS" xmltv_id="RAJ DIGITAL PLUS">RAJ DIGITAL PLUS</channel>
    <channel update="i" site="d2h.com.E" site_id="12_RAJ NEWS" xmltv_id="RAJ NEWS">RAJ NEWS</channel>
    <channel update="i" site="d2h.com.E" site_id="12_SUN MUSIC" xmltv_id="SUN MUSIC">SUN MUSIC</channel>
    <channel update="i" site="d2h.com.E" site_id="12_ISAI ARUVI" xmltv_id="ISAI ARUVI">ISAI ARUVI</channel>
    <channel update="i" site="d2h.com.E" site_id="12_JAYA MAX" xmltv_id="JAYA MAX">JAYA MAX</channel>
    <channel update="i" site="d2h.com.E" site_id="12_RAJ MUSIX" xmltv_id="RAJ MUSIX">RAJ MUSIX</channel>
    <channel update="i" site="d2h.com.E" site_id="12_MEGA MUSIQ" xmltv_id="MEGA MUSIQ">MEGA MUSIQ</channel>
    <channel update="i" site="d2h.com.E" site_id="12_NAMBIKKKAI" xmltv_id="NAMBIKKKAI">NAMBIKKKAI</channel>
    <channel update="i" site="d2h.com.E" site_id="12_SUN NEWS" xmltv_id="SUN NEWS">SUN NEWS</channel>
    <channel update="i" site="d2h.com.E" site_id="12_MEGA TV" xmltv_id="MEGA TV">MEGA TV</channel>
    <channel update="i" site="d2h.com.E" site_id="12_PUTHIYA THALAIMURAI" xmltv_id="PUTHIYA THALAIMURAI">PUTHIYA THALAIMURAI</channel>
    <channel update="i" site="d2h.com.E" site_id="12_POLIMER NEWS" xmltv_id="POLIMER NEWS">POLIMER NEWS</channel>
    <channel update="i" site="d2h.com.E" site_id="12_JAYA PLUS" xmltv_id="JAYA PLUS">JAYA PLUS</channel>
    <channel update="i" site="d2h.com.E" site_id="12_SEITHIGAL" xmltv_id="SEITHIGAL">SEITHIGAL</channel>
    <channel update="i" site="d2h.com.E" site_id="12_MAKKAL TV" xmltv_id="MAKKAL TV">MAKKAL TV</channel>
    <channel update="i" site="d2h.com.E" site_id="12_SATHIYAM TV" xmltv_id="SATHIYAM TV">SATHIYAM TV</channel>
    <channel update="i" site="d2h.com.E" site_id="12_NEWS18 TAMILNADU" xmltv_id="NEWS18 TAMILNADU">NEWS18 TAMILNADU</channel>
    <channel update="i" site="d2h.com.E" site_id="12_VELICHAM TV" xmltv_id="VELICHAM TV">VELICHAM TV</channel>
    <channel update="i" site="d2h.com.E" site_id="12_CAPTAIN NEWS" xmltv_id="CAPTAIN NEWS">CAPTAIN NEWS</channel>
    <channel update="i" site="d2h.com.E" site_id="12_SUN LIFE" xmltv_id="SUN LIFE">SUN LIFE</channel>
    <channel update="i" site="d2h.com.E" site_id="12_DISCOVERY CHANNEL TAMIL" xmltv_id="DISCOVERY CHANNEL TAMIL">DISCOVERY CHANNEL TAMIL</channel>
    <channel update="i" site="d2h.com.E" site_id="12_CHUTTI TV" xmltv_id="CHUTTI TV">CHUTTI TV</channel>
    <channel update="i" site="d2h.com.E" site_id="12_MADHA" xmltv_id="MADHA">MADHA</channel>
    <channel update="i" site="d2h.com.E" site_id="12_SVBC 2" xmltv_id="SVBC 2">SVBC 2</channel>
    <channel update="i" site="d2h.com.E" site_id="12_Cauvery News" xmltv_id="Cauvery News">Cauvery News</channel>
    <channel update="i" site="d2h.com.E" site_id="12_SAI TV" xmltv_id="SAI TV">SAI TV</channel>
    <channel update="i" site="d2h.com.E" site_id="12_TAMILAN TV" xmltv_id="TAMILAN TV">TAMILAN TV</channel>
    <channel update="i" site="d2h.com.E" site_id="12_WIN NEWS" xmltv_id="WIN NEWS">WIN NEWS</channel>
    <channel update="i" site="d2h.com.E" site_id="12_Imayam TV" xmltv_id="Imayam TV">Imayam TV</channel>
    <channel update="i" site="d2h.com.E" site_id="12_Sahana TV" xmltv_id="Sahana TV">Sahana TV</channel>
    <channel update="i" site="d2h.com.E" site_id="12_Thirai Ulagam" xmltv_id="Thirai Ulagam">Thirai Ulagam</channel>
    <channel update="i" site="d2h.com.E" site_id="12_Star Sports 1 Tamil" xmltv_id="Star Sports 1 Tamil">Star Sports 1 Tamil</channel>
    <channel update="i" site="d2h.com.E" site_id="12_7S Music" xmltv_id="7S Music">7S Music</channel>
    <channel update="i" site="d2h.com.E" site_id="12_Lotus News" xmltv_id="Lotus News">Lotus News</channel>
    <channel update="i" site="d2h.com.E" site_id="12_Puthu Yugam" xmltv_id="Puthu Yugam">Puthu Yugam</channel>
    <channel update="i" site="d2h.com.E" site_id="12_COLORS TAMIL" xmltv_id="COLORS TAMIL">COLORS TAMIL</channel>
    <channel update="i" site="d2h.com.E" site_id="12_MK SIX" xmltv_id="MK SIX">MK SIX</channel>
    <channel update="i" site="d2h.com.E" site_id="12_MK TUNES" xmltv_id="MK TUNES">MK TUNES</channel>
    <channel update="i" site="d2h.com.E" site_id="12_MK TV" xmltv_id="MK TV">MK TV</channel>
    <channel update="i" site="d2h.com.E" site_id="13_SURYA" xmltv_id="SURYA">SURYA</channel>
    <channel update="i" site="d2h.com.E" site_id="13_ASIANET" xmltv_id="ASIANET">ASIANET</channel>
    <channel update="i" site="d2h.com.E" site_id="13_nt 3(NAAPTOL MALYALAM)" xmltv_id="nt 3(NAAPTOL MALYALAM)">nt 3(NAAPTOL MALYALAM)</channel>
    <channel update="i" site="d2h.com.E" site_id="13_MAZHAVIL MANORAMA" xmltv_id="MAZHAVIL MANORAMA">MAZHAVIL MANORAMA</channel>
    <channel update="i" site="d2h.com.E" site_id="13_FLOWERS" xmltv_id="FLOWERS">FLOWERS</channel>
    <channel update="i" site="d2h.com.E" site_id="13_KAIRALI" xmltv_id="KAIRALI">KAIRALI</channel>
    <channel update="i" site="d2h.com.E" site_id="13_ASIANET PLUS" xmltv_id="ASIANET PLUS">ASIANET PLUS</channel>
    <channel update="i" site="d2h.com.E" site_id="13_AMRITA" xmltv_id="AMRITA">AMRITA</channel>
    <channel update="i" site="d2h.com.E" site_id="13_WE" xmltv_id="WE">WE</channel>
    <channel update="i" site="d2h.com.E" site_id="13_DD MALAYALAM" xmltv_id="DD MALAYALAM">DD MALAYALAM</channel>
    <channel update="i" site="d2h.com.E" site_id="13_KAUMUDY" xmltv_id="KAUMUDY">KAUMUDY</channel>
    <channel update="i" site="d2h.com.E" site_id="13_JANAM TV" xmltv_id="JANAM TV">JANAM TV</channel>
    <channel update="i" site="d2h.com.E" site_id="13_KAPPA" xmltv_id="KAPPA">KAPPA</channel>
    <channel update="i" site="d2h.com.E" site_id="13_ASIANET MOVIES" xmltv_id="ASIANET MOVIES">ASIANET MOVIES</channel>
    <channel update="i" site="d2h.com.E" site_id="13_SURYA MUSIC" xmltv_id="SURYA MUSIC">SURYA MUSIC</channel>
    <channel update="i" site="d2h.com.E" site_id="13_RAJ MUSIX MALAYALAM" xmltv_id="RAJ MUSIX MALAYALAM">RAJ MUSIX MALAYALAM</channel>
    <channel update="i" site="d2h.com.E" site_id="13_ASIANET NEWS" xmltv_id="ASIANET NEWS">ASIANET NEWS</channel>
    <channel update="i" site="d2h.com.E" site_id="13_MANORAMA NEWS" xmltv_id="MANORAMA NEWS">MANORAMA NEWS</channel>
    <channel update="i" site="d2h.com.E" site_id="13_MATHRUBHUMI" xmltv_id="MATHRUBHUMI">MATHRUBHUMI</channel>
    <channel update="i" site="d2h.com.E" site_id="13_MEDIA ONE" xmltv_id="MEDIA ONE">MEDIA ONE</channel>
    <channel update="i" site="d2h.com.E" site_id="13_NEWS18 KERALA" xmltv_id="NEWS18 KERALA">NEWS18 KERALA</channel>
    <channel update="i" site="d2h.com.E" site_id="13_RAJ NEWS MALAYALAM" xmltv_id="RAJ NEWS MALAYALAM">RAJ NEWS MALAYALAM</channel>
    <channel update="i" site="d2h.com.E" site_id="13_PEOPLE" xmltv_id="PEOPLE">PEOPLE</channel>
    <channel update="i" site="d2h.com.E" site_id="13_JAI HIND" xmltv_id="JAI HIND">JAI HIND</channel>
    <channel update="i" site="d2h.com.E" site_id="13_REPORTER TV" xmltv_id="REPORTER TV">REPORTER TV</channel>
    <channel update="i" site="d2h.com.E" site_id="13_SURYA COMEDY" xmltv_id="SURYA COMEDY">SURYA COMEDY</channel>
    <channel update="i" site="d2h.com.E" site_id="13_KOCHU TV" xmltv_id="KOCHU TV">KOCHU TV</channel>
    <channel update="i" site="d2h.com.E" site_id="13_SAFARI" xmltv_id="SAFARI">SAFARI</channel>
    <channel update="i" site="d2h.com.E" site_id="13_DARSHANA" xmltv_id="DARSHANA">DARSHANA</channel>
    <channel update="i" site="d2h.com.E" site_id="13_SHALOM TELEVISION" xmltv_id="SHALOM TELEVISION">SHALOM TELEVISION</channel>
    <channel update="i" site="d2h.com.E" site_id="13_GOODNESS" xmltv_id="GOODNESS">GOODNESS</channel>
    <channel update="i" site="d2h.com.E" site_id="13_SURYA MOVIES" xmltv_id="SURYA MOVIES">SURYA MOVIES</channel>
    <channel update="i" site="d2h.com.E" site_id="13_POWER VISION TV" xmltv_id="POWER VISION TV">POWER VISION TV</channel>
    <channel update="i" site="d2h.com.E" site_id="13_Harvest TV" xmltv_id="Harvest TV">Harvest TV</channel>
    <channel update="i" site="d2h.com.E" site_id="13_Jeevan TV" xmltv_id="Jeevan TV">Jeevan TV</channel>
    <channel update="i" site="d2h.com.E" site_id="13_Vanitha" xmltv_id="Vanitha">Vanitha</channel>
    <channel update="i" site="d2h.com.E" site_id="13_ZEE KERLAM" xmltv_id="ZEE KERLAM">ZEE KERLAM</channel>
    <channel update="i" site="d2h.com.E" site_id="14_UDAYA" xmltv_id="UDAYA">UDAYA</channel>
    <channel update="i" site="d2h.com.E" site_id="14_ZEE KANNADA" xmltv_id="ZEE KANNADA">ZEE KANNADA</channel>
    <channel update="i" site="d2h.com.E" site_id="14_STAR SUVARNA" xmltv_id="STAR SUVARNA">STAR SUVARNA</channel>
    <channel update="i" site="d2h.com.E" site_id="14_STAR SUVARNA PLUS" xmltv_id="STAR SUVARNA PLUS">STAR SUVARNA PLUS</channel>
    <channel update="i" site="d2h.com.E" site_id="14_KASTHURI TV" xmltv_id="KASTHURI TV">KASTHURI TV</channel>
    <channel update="i" site="d2h.com.E" site_id="14_COLORS KANNADA" xmltv_id="COLORS KANNADA">COLORS KANNADA</channel>
    <channel update="i" site="d2h.com.E" site_id="14_COLORS SUPER" xmltv_id="COLORS SUPER">COLORS SUPER</channel>
    <channel update="i" site="d2h.com.E" site_id="14_DD CHANDANA" xmltv_id="DD CHANDANA">DD CHANDANA</channel>
    <channel update="i" site="d2h.com.E" site_id="14_UDAYA MOVIES" xmltv_id="UDAYA MOVIES">UDAYA MOVIES</channel>
    <channel update="i" site="d2h.com.E" site_id="14_UDAYA MUSIC" xmltv_id="UDAYA MUSIC">UDAYA MUSIC</channel>
    <channel update="i" site="d2h.com.E" site_id="14_RAJ MUSIX KANNADA" xmltv_id="RAJ MUSIX KANNADA">RAJ MUSIX KANNADA</channel>
    <channel update="i" site="d2h.com.E" site_id="14_UDAYA NEWS" xmltv_id="UDAYA NEWS">UDAYA NEWS</channel>
    <channel update="i" site="d2h.com.E" site_id="14_SUVARNA NEWS 24X7" xmltv_id="SUVARNA NEWS 24X7">SUVARNA NEWS 24X7</channel>
    <channel update="i" site="d2h.com.E" site_id="14_NEWS 18 KANNADA" xmltv_id="NEWS 18 KANNADA">NEWS 18 KANNADA</channel>
    <channel update="i" site="d2h.com.E" site_id="14_PUBLIC TV" xmltv_id="PUBLIC TV">PUBLIC TV</channel>
    <channel update="i" site="d2h.com.E" site_id="14_TV9 KANNADA" xmltv_id="TV9 KANNADA">TV9 KANNADA</channel>
    <channel update="i" site="d2h.com.E" site_id="14_RAJ NEWS KANNADA" xmltv_id="RAJ NEWS KANNADA">RAJ NEWS KANNADA</channel>
    <channel update="i" site="d2h.com.E" site_id="14_NEWS 9" xmltv_id="NEWS 9">NEWS 9</channel>
    <channel update="i" site="d2h.com.E" site_id="14_B TV NEWS" xmltv_id="B TV NEWS">B TV NEWS</channel>
    <channel update="i" site="d2h.com.E" site_id="14_DIGHVIJAY 24x7 NEWS" xmltv_id="DIGHVIJAY 24x7 NEWS">DIGHVIJAY 24x7 NEWS</channel>
    <channel update="i" site="d2h.com.E" site_id="14_CHINTU TV" xmltv_id="CHINTU TV">CHINTU TV</channel>
    <channel update="i" site="d2h.com.E" site_id="14_UDAYA COMEDY" xmltv_id="UDAYA COMEDY">UDAYA COMEDY</channel>
    <channel update="i" site="d2h.com.E" site_id="14_SRI SANKARA" xmltv_id="SRI SANKARA">SRI SANKARA</channel>
    <channel update="i" site="d2h.com.E" site_id="14_Saral Jeevan" xmltv_id="Saral Jeevan">Saral Jeevan</channel>
    <channel update="i" site="d2h.com.E" site_id="14_Ayush TV" xmltv_id="Ayush TV">Ayush TV</channel>
    <channel update="i" site="d2h.com.E" site_id="14_Public Movies" xmltv_id="Public Movies">Public Movies</channel>
    <channel update="i" site="d2h.com.E" site_id="14_Public Music" xmltv_id="Public Music">Public Music</channel>
    <channel update="i" site="d2h.com.E" site_id="14_COLORS KANNADA MOVIES" xmltv_id="COLORS KANNADA MOVIES">COLORS KANNADA MOVIES</channel>
    <channel update="i" site="d2h.com.E" site_id="14_NAAPTOL KANNADA" xmltv_id="NAAPTOL KANNADA">NAAPTOL KANNADA</channel>
    <channel update="i" site="d2h.com.E" site_id="15_GEMINI" xmltv_id="GEMINI">GEMINI</channel>
    <channel update="i" site="d2h.com.E" site_id="15_STAR MAA" xmltv_id="STAR MAA">STAR MAA</channel>
    <channel update="i" site="d2h.com.E" site_id="15_ETV TELUGU" xmltv_id="ETV TELUGU">ETV TELUGU</channel>
    <channel update="i" site="d2h.com.E" site_id="15_ZEE TELUGU" xmltv_id="ZEE TELUGU">ZEE TELUGU</channel>
    <channel update="i" site="d2h.com.E" site_id="15_MAA GOLD" xmltv_id="MAA GOLD">MAA GOLD</channel>
    <channel update="i" site="d2h.com.E" site_id="15_ETV PLUS" xmltv_id="ETV PLUS">ETV PLUS</channel>
    <channel update="i" site="d2h.com.E" site_id="15_VISSA TV" xmltv_id="VISSA TV">VISSA TV</channel>
    <channel update="i" site="d2h.com.E" site_id="15_DD YADAGIRI" xmltv_id="DD YADAGIRI">DD YADAGIRI</channel>
    <channel update="i" site="d2h.com.E" site_id="15_DD SAPTAGIRI" xmltv_id="DD SAPTAGIRI">DD SAPTAGIRI</channel>
    <channel update="i" site="d2h.com.E" site_id="15_GEMINI MOVIES" xmltv_id="GEMINI MOVIES">GEMINI MOVIES</channel>
    <channel update="i" site="d2h.com.E" site_id="15_ETV CINEMA" xmltv_id="ETV CINEMA">ETV CINEMA</channel>
    <channel update="i" site="d2h.com.E" site_id="15_STAR MAA MOVIES" xmltv_id="STAR MAA MOVIES">STAR MAA MOVIES</channel>
    <channel update="i" site="d2h.com.E" site_id="15_ZEE CINEMALU" xmltv_id="ZEE CINEMALU">ZEE CINEMALU</channel>
    <channel update="i" site="d2h.com.E" site_id="15_GEMINI COMEDY" xmltv_id="GEMINI COMEDY">GEMINI COMEDY</channel>
    <channel update="i" site="d2h.com.E" site_id="15_GEMINI MUSIC" xmltv_id="GEMINI MUSIC">GEMINI MUSIC</channel>
    <channel update="i" site="d2h.com.E" site_id="15_STAR MAA MUSIC" xmltv_id="STAR MAA MUSIC">STAR MAA MUSIC</channel>
    <channel update="i" site="d2h.com.E" site_id="15_RAJ MUSIX TELUGU" xmltv_id="RAJ MUSIX TELUGU">RAJ MUSIX TELUGU</channel>
    <channel update="i" site="d2h.com.E" site_id="15_GEMINI NEWS" xmltv_id="GEMINI NEWS">GEMINI NEWS</channel>
    <channel update="i" site="d2h.com.E" site_id="15_TV 5 NEWS" xmltv_id="TV 5 NEWS">TV 5 NEWS</channel>
    <channel update="i" site="d2h.com.E" site_id="15_ETV ANDHRA PRADESH" xmltv_id="ETV ANDHRA PRADESH">ETV ANDHRA PRADESH</channel>
    <channel update="i" site="d2h.com.E" site_id="15_ABN-ANDHRA JYOTHI" xmltv_id="ABN-ANDHRA JYOTHI">ABN-ANDHRA JYOTHI</channel>
    <channel update="i" site="d2h.com.E" site_id="15_SAKSHI TV" xmltv_id="SAKSHI TV">SAKSHI TV</channel>
    <channel update="i" site="d2h.com.E" site_id="15_ETV TELANGANA" xmltv_id="ETV TELANGANA">ETV TELANGANA</channel>
    <channel update="i" site="d2h.com.E" site_id="15_TV9 TELUGU" xmltv_id="TV9 TELUGU">TV9 TELUGU</channel>
    <channel update="i" site="d2h.com.E" site_id="15_NTV" xmltv_id="NTV">NTV</channel>
    <channel update="i" site="d2h.com.E" site_id="15_V6 NEWS" xmltv_id="V6 NEWS">V6 NEWS</channel>
    <channel update="i" site="d2h.com.E" site_id="15_T NEWS" xmltv_id="T NEWS">T NEWS</channel>
    <channel update="i" site="d2h.com.E" site_id="15_HM TV" xmltv_id="HM TV">HM TV</channel>
    <channel update="i" site="d2h.com.E" site_id="15_10 TV" xmltv_id="10 TV">10 TV</channel>
    <channel update="i" site="d2h.com.E" site_id="15_STUDIO N NEWS" xmltv_id="STUDIO N NEWS">STUDIO N NEWS</channel>
    <channel update="i" site="d2h.com.E" site_id="15_RAJ NEWS TELUGU" xmltv_id="RAJ NEWS TELUGU">RAJ NEWS TELUGU</channel>
    <channel update="i" site="d2h.com.E" site_id="15_CVR NEWS " xmltv_id="CVR NEWS ">CVR NEWS </channel>
    <channel update="i" site="d2h.com.E" site_id="15_CVR ENGLISH " xmltv_id="CVR ENGLISH ">CVR ENGLISH </channel>
    <channel update="i" site="d2h.com.E" site_id="15_TV1 " xmltv_id="TV1 ">TV1 </channel>
    <channel update="i" site="d2h.com.E" site_id="15_GEMINI LIFE" xmltv_id="GEMINI LIFE">GEMINI LIFE</channel>
    <channel update="i" site="d2h.com.E" site_id="15_ETV ABHIRUCHI" xmltv_id="ETV ABHIRUCHI">ETV ABHIRUCHI</channel>
    <channel update="i" site="d2h.com.E" site_id="15_ETV LIFE" xmltv_id="ETV LIFE">ETV LIFE</channel>
    <channel update="i" site="d2h.com.E" site_id="15_CVR HEALTH " xmltv_id="CVR HEALTH ">CVR HEALTH </channel>
    <channel update="i" site="d2h.com.E" site_id="15_KHUSHI TV" xmltv_id="KHUSHI TV">KHUSHI TV</channel>
    <channel update="i" site="d2h.com.E" site_id="15_ARADANA" xmltv_id="ARADANA">ARADANA</channel>
    <channel update="i" site="d2h.com.E" site_id="15_SUBHAVAARTHA TELEVISION" xmltv_id="SUBHAVAARTHA TELEVISION">SUBHAVAARTHA TELEVISION</channel>
    <channel update="i" site="d2h.com.E" site_id="15_SVBC" xmltv_id="SVBC">SVBC</channel>
    <channel update="i" site="d2h.com.E" site_id="15_BHAKTI TV" xmltv_id="BHAKTI TV">BHAKTI TV</channel>
    <channel update="i" site="d2h.com.E" site_id="15_CVR SPIRITUAL " xmltv_id="CVR SPIRITUAL ">CVR SPIRITUAL </channel>
    <channel update="i" site="d2h.com.E" site_id="15_Vanitha" xmltv_id="Vanitha">Vanitha</channel>
    <channel update="i" site="d2h.com.E" site_id="15_Studio One+" xmltv_id="Studio One+">Studio One+</channel>
    <channel update="i" site="d2h.com.E" site_id="15_Naaptol Telugu" xmltv_id="Naaptol Telugu">Naaptol Telugu</channel>
    <channel update="i" site="d2h.com.E" site_id="16_ZEE MARATHI" xmltv_id="ZEE MARATHI">ZEE MARATHI</channel>
    <channel update="i" site="d2h.com.E" site_id="16_COLORS MARATHI" xmltv_id="COLORS MARATHI">COLORS MARATHI</channel>
    <channel update="i" site="d2h.com.E" site_id="16_STAR PRAVAAH" xmltv_id="STAR PRAVAAH">STAR PRAVAAH</channel>
    <channel update="i" site="d2h.com.E" site_id="16_MAIBOLI" xmltv_id="MAIBOLI">MAIBOLI</channel>
    <channel update="i" site="d2h.com.E" site_id="16_ZEE YUVA" xmltv_id="ZEE YUVA">ZEE YUVA</channel>
    <channel update="i" site="d2h.com.E" site_id="16_ZEE TALKIES" xmltv_id="ZEE TALKIES">ZEE TALKIES</channel>
    <channel update="i" site="d2h.com.E" site_id="16_FAKT MARATHI" xmltv_id="FAKT MARATHI">FAKT MARATHI</channel>
    <channel update="i" site="d2h.com.E" site_id="16_SANGEET MARATHI" xmltv_id="SANGEET MARATHI">SANGEET MARATHI</channel>
    <channel update="i" site="d2h.com.E" site_id="16_9X JHAKAAS" xmltv_id="9X JHAKAAS">9X JHAKAAS</channel>
    <channel update="i" site="d2h.com.E" site_id="16_ABP MAJHA" xmltv_id="ABP MAJHA">ABP MAJHA</channel>
    <channel update="i" site="d2h.com.E" site_id="16_ZEE 24 TAAS" xmltv_id="ZEE 24 TAAS">ZEE 24 TAAS</channel>
    <channel update="i" site="d2h.com.E" site_id="16_TV9 MARATHI" xmltv_id="TV9 MARATHI">TV9 MARATHI</channel>
    <channel update="i" site="d2h.com.E" site_id="16_SAAM" xmltv_id="SAAM">SAAM</channel>
    <channel update="i" site="d2h.com.E" site_id="16_JAI MAHARASHTRA" xmltv_id="JAI MAHARASHTRA">JAI MAHARASHTRA</channel>
    <channel update="i" site="d2h.com.E" site_id="16_NEWS 18 Lokmat" xmltv_id="NEWS 18 Lokmat">NEWS 18 Lokmat</channel>
    <channel update="i" site="d2h.com.E" site_id="16_DD SAHYADRI" xmltv_id="DD SAHYADRI">DD SAHYADRI</channel>
    <channel update="i" site="d2h.com.E" site_id="16_SONY MARATHI" xmltv_id="SONY MARATHI">SONY MARATHI</channel>
    <channel update="i" site="d2h.com.E" site_id="17_PTC PUNJABI" xmltv_id="PTC PUNJABI">PTC PUNJABI</channel>
    <channel update="i" site="d2h.com.E" site_id="17_PTC CHAK DE" xmltv_id="PTC CHAK DE">PTC CHAK DE</channel>
    <channel update="i" site="d2h.com.E" site_id="17_9X TASHAN" xmltv_id="9X TASHAN">9X TASHAN</channel>
    <channel update="i" site="d2h.com.E" site_id="17_MH1 MUSIC/SHRADDHA" xmltv_id="MH1 MUSIC/SHRADDHA">MH1 MUSIC/SHRADDHA</channel>
    <channel update="i" site="d2h.com.E" site_id="17_ZEE PUNJAB HARYANA HIMACHAL" xmltv_id="ZEE PUNJAB HARYANA HIMACHAL">ZEE PUNJAB HARYANA HIMACHAL</channel>
    <channel update="i" site="d2h.com.E" site_id="17_CHARDIKALA TIME TV" xmltv_id="CHARDIKALA TIME TV">CHARDIKALA TIME TV</channel>
    <channel update="i" site="d2h.com.E" site_id="17_PTC NEWS" xmltv_id="PTC NEWS">PTC NEWS</channel>
    <channel update="i" site="d2h.com.E" site_id="17_DD PUNJABI" xmltv_id="DD PUNJABI">DD PUNJABI</channel>
    <channel update="i" site="d2h.com.E" site_id="17_NEWS18 PUNJAB/HARYANA/HIMACHAL" xmltv_id="NEWS18 PUNJAB/HARYANA/HIMACHAL">NEWS18 PUNJAB/HARYANA/HIMACHAL</channel>
    <channel update="i" site="d2h.com.E" site_id="17_PITAARA" xmltv_id="PITAARA">PITAARA</channel>
    <channel update="i" site="d2h.com.E" site_id="18_DD URDU" xmltv_id="DD URDU">DD URDU</channel>
    <channel update="i" site="d2h.com.E" site_id="18_ETV URDU" xmltv_id="ETV URDU">ETV URDU</channel>
    <channel update="i" site="d2h.com.E" site_id="18_GULISTAN NEWS" xmltv_id="GULISTAN NEWS">GULISTAN NEWS</channel>
    <channel update="i" site="d2h.com.E" site_id="18_DD KASHIR" xmltv_id="DD KASHIR">DD KASHIR</channel>
    <channel update="i" site="d2h.com.E" site_id="18_CHANNEL WIN" xmltv_id="CHANNEL WIN">CHANNEL WIN</channel>
    <channel update="i" site="d2h.com.E" site_id="18_ZEE SALAAM" xmltv_id="ZEE SALAAM">ZEE SALAAM</channel>
    <channel update="i" site="d2h.com.E" site_id="19_ZEE BANGLA" xmltv_id="ZEE BANGLA">ZEE BANGLA</channel>
    <channel update="i" site="d2h.com.E" site_id="19_COLORS BANGLA" xmltv_id="COLORS BANGLA">COLORS BANGLA</channel>
    <channel update="i" site="d2h.com.E" site_id="19_STAR JALSHA" xmltv_id="STAR JALSHA">STAR JALSHA</channel>
    <channel update="i" site="d2h.com.E" site_id="19_NAAPTOL BANGLA" xmltv_id="NAAPTOL BANGLA">NAAPTOL BANGLA</channel>
    <channel update="i" site="d2h.com.E" site_id="19_AAKASH AATH" xmltv_id="AAKASH AATH">AAKASH AATH</channel>
    <channel update="i" site="d2h.com.E" site_id="19_RUPASI BANGLA" xmltv_id="RUPASI BANGLA">RUPASI BANGLA</channel>
    <channel update="i" site="d2h.com.E" site_id="19_SONY AATH" xmltv_id="SONY AATH">SONY AATH</channel>
    <channel update="i" site="d2h.com.E" site_id="19_DD BANGLA" xmltv_id="DD BANGLA">DD BANGLA</channel>
    <channel update="i" site="d2h.com.E" site_id="19_STAR JALSHA MOVIES" xmltv_id="STAR JALSHA MOVIES">STAR JALSHA MOVIES</channel>
    <channel update="i" site="d2h.com.E" site_id="19_ZEE BANGLA CINEMA" xmltv_id="ZEE BANGLA CINEMA">ZEE BANGLA CINEMA</channel>
    <channel update="i" site="d2h.com.E" site_id="19_DHOOM MUSIC" xmltv_id="DHOOM MUSIC">DHOOM MUSIC</channel>
    <channel update="i" site="d2h.com.E" site_id="19_SANGEET BANGLA" xmltv_id="SANGEET BANGLA">SANGEET BANGLA</channel>
    <channel update="i" site="d2h.com.E" site_id="19_ABP ANANDA" xmltv_id="ABP ANANDA">ABP ANANDA</channel>
    <channel update="i" site="d2h.com.E" site_id="19_24 GHANTA " xmltv_id="24 GHANTA ">24 GHANTA </channel>
    <channel update="i" site="d2h.com.E" site_id="19_KOLKATA TV" xmltv_id="KOLKATA TV">KOLKATA TV</channel>
    <channel update="i" site="d2h.com.E" site_id="19_NEWS TIME" xmltv_id="NEWS TIME">NEWS TIME</channel>
    <channel update="i" site="d2h.com.E" site_id="19_News18 Bangla" xmltv_id="News18 Bangla">News18 Bangla</channel>
    <channel update="i" site="d2h.com.E" site_id="20_TARANG" xmltv_id="TARANG">TARANG</channel>
    <channel update="i" site="d2h.com.E" site_id="20_COLORS ORIYA" xmltv_id="COLORS ORIYA">COLORS ORIYA</channel>
    <channel update="i" site="d2h.com.E" site_id="20_ZEE SARTHAK" xmltv_id="ZEE SARTHAK">ZEE SARTHAK</channel>
    <channel update="i" site="d2h.com.E" site_id="20_DD ODIA" xmltv_id="DD ODIA">DD ODIA</channel>
    <channel update="i" site="d2h.com.E" site_id="20_ALANKAR" xmltv_id="ALANKAR">ALANKAR</channel>
    <channel update="i" site="d2h.com.E" site_id="20_TARANG MUSIC" xmltv_id="TARANG MUSIC">TARANG MUSIC</channel>
    <channel update="i" site="d2h.com.E" site_id="20_O TV" xmltv_id="O TV">O TV</channel>
    <channel update="i" site="d2h.com.E" site_id="20_KALINGA TV" xmltv_id="KALINGA TV">KALINGA TV</channel>
    <channel update="i" site="d2h.com.E" site_id="20_ZEE ODISHA" xmltv_id="ZEE ODISHA">ZEE ODISHA</channel>
    <channel update="i" site="d2h.com.E" site_id="20_PRAMEYA NEWS7" xmltv_id="PRAMEYA NEWS7">PRAMEYA NEWS7</channel>
    <channel update="i" site="d2h.com.E" site_id="20_MBC TV" xmltv_id="MBC TV">MBC TV</channel>
    <channel update="i" site="d2h.com.E" site_id="20_KANAK NEWS" xmltv_id="KANAK NEWS">KANAK NEWS</channel>
    <channel update="i" site="d2h.com.E" site_id="20_ETV NEWS ORIYA" xmltv_id="ETV NEWS ORIYA">ETV NEWS ORIYA</channel>
    <channel update="i" site="d2h.com.E" site_id="20_PRARTHANA" xmltv_id="PRARTHANA">PRARTHANA</channel>
    <channel update="i" site="d2h.com.E" site_id="21_RANG" xmltv_id="RANG">RANG</channel>
    <channel update="i" site="d2h.com.E" site_id="21_RENGONI" xmltv_id="RENGONI">RENGONI</channel>
    <channel update="i" site="d2h.com.E" site_id="21_NEPAL 1" xmltv_id="NEPAL 1">NEPAL 1</channel>
    <channel update="i" site="d2h.com.E" site_id="21_DD NORTH EAST" xmltv_id="DD NORTH EAST">DD NORTH EAST</channel>
    <channel update="i" site="d2h.com.E" site_id="21_JONACK" xmltv_id="JONACK">JONACK</channel>
    <channel update="i" site="d2h.com.E" site_id="21_RAMDHENU" xmltv_id="RAMDHENU">RAMDHENU</channel>
    <channel update="i" site="d2h.com.E" site_id="21_NEWS LIVE" xmltv_id="NEWS LIVE">NEWS LIVE</channel>
    <channel update="i" site="d2h.com.E" site_id="21_DY 365" xmltv_id="DY 365">DY 365</channel>
    <channel update="i" site="d2h.com.E" site_id="21_PRAG NEWS" xmltv_id="PRAG NEWS">PRAG NEWS</channel>
    <channel update="i" site="d2h.com.E" site_id="21_PROTIDIN TIME" xmltv_id="PROTIDIN TIME">PROTIDIN TIME</channel>
    <channel update="i" site="d2h.com.E" site_id="21_NEWS18 NORTH EAST" xmltv_id="NEWS18 NORTH EAST">NEWS18 NORTH EAST</channel>
    <channel update="i" site="d2h.com.E" site_id="23_COLORS GUJARATI" xmltv_id="COLORS GUJARATI">COLORS GUJARATI</channel>
    <channel update="i" site="d2h.com.E" site_id="23_News18 Gujarati" xmltv_id="News18 Gujarati">News18 Gujarati</channel>
    <channel update="i" site="d2h.com.E" site_id="23_CNBC BAJAAR" xmltv_id="CNBC BAJAAR">CNBC BAJAAR</channel>
    <channel update="i" site="d2h.com.E" site_id="23_TV9 GUJARATI" xmltv_id="TV9 GUJARATI">TV9 GUJARATI</channel>
    <channel update="i" site="d2h.com.E" site_id="23_SANDESH NEWS" xmltv_id="SANDESH NEWS">SANDESH NEWS</channel>
    <channel update="i" site="d2h.com.E" site_id="23_ABP ASMITA" xmltv_id="ABP ASMITA">ABP ASMITA</channel>
    <channel update="i" site="d2h.com.E" site_id="23_DD GIRNAR" xmltv_id="DD GIRNAR">DD GIRNAR</channel>
    <channel update="i" site="d2h.com.E" site_id="23_GS TV" xmltv_id="GS TV">GS TV</channel>
    <channel update="i" site="d2h.com.E" site_id="23_VTV NEWS" xmltv_id="VTV NEWS">VTV NEWS</channel>
    <channel update="i" site="d2h.com.E" site_id="23_Zee 24 Kalak" xmltv_id="Zee 24 Kalak">Zee 24 Kalak</channel>
    <channel update="i" site="d2h.com.E" site_id="25_ZEE BIHAR JHARKHAND" xmltv_id="ZEE BIHAR JHARKHAND">ZEE BIHAR JHARKHAND</channel>
    <channel update="i" site="d2h.com.E" site_id="25_DABANGG" xmltv_id="DABANGG">DABANGG</channel>
    <channel update="i" site="d2h.com.E" site_id="25_ETV BIHAR JHARKHAND" xmltv_id="ETV BIHAR JHARKHAND">ETV BIHAR JHARKHAND</channel>
    <channel update="i" site="d2h.com.E" site_id="25_BIG GANGA" xmltv_id="BIG GANGA">BIG GANGA</channel>
    <channel update="i" site="d2h.com.E" site_id="25_ANJAN" xmltv_id="ANJAN">ANJAN</channel>
    <channel update="i" site="d2h.com.E" site_id="25_DD BIHAR" xmltv_id="DD BIHAR">DD BIHAR</channel>
    <channel update="i" site="d2h.com.E" site_id="25_BHOJPURI CINEMA" xmltv_id="BHOJPURI CINEMA">BHOJPURI CINEMA</channel>
    <channel update="i" site="d2h.com.E" site_id="26_STAR PLUS HD" xmltv_id="STAR PLUS HD">STAR PLUS HD</channel>
    <channel update="i" site="d2h.com.E" site_id="26_ZEE TV HD" xmltv_id="ZEE TV HD">ZEE TV HD</channel>
    <channel update="i" site="d2h.com.E" site_id="26_COLORS HD" xmltv_id="COLORS HD">COLORS HD</channel>
    <channel update="i" site="d2h.com.E" site_id="26_SONY SET HD" xmltv_id="SONY SET HD">SONY SET HD</channel>
    <channel update="i" site="d2h.com.E" site_id="26_&amp;TV HD" xmltv_id="&amp;TV HD">&amp;TV HD</channel>
    <channel update="i" site="d2h.com.E" site_id="26_SONY SAB HD" xmltv_id="SONY SAB HD">SONY SAB HD</channel>
    <channel update="i" site="d2h.com.E" site_id="26_Movies Active HD" xmltv_id="Movies Active HD">Movies Active HD</channel>
    <channel update="i" site="d2h.com.E" site_id="26_ZEE CINEMA HD" xmltv_id="ZEE CINEMA HD">ZEE CINEMA HD</channel>
    <channel update="i" site="d2h.com.E" site_id="26_STAR GOLD HD" xmltv_id="STAR GOLD HD">STAR GOLD HD</channel>
    <channel update="i" site="d2h.com.E" site_id="26_&amp;PICTURES HD" xmltv_id="&amp;PICTURES HD">&amp;PICTURES HD</channel>
    <channel update="i" site="d2h.com.E" site_id="26_SONY MAX HD" xmltv_id="SONY MAX HD">SONY MAX HD</channel>
    <channel update="i" site="d2h.com.E" site_id="26_STAR SPORTS 1 HD" xmltv_id="STAR SPORTS 1 HD">STAR SPORTS 1 HD</channel>
    <channel update="i" site="d2h.com.E" site_id="26_STAR SPORTS 2 HD" xmltv_id="STAR SPORTS 2 HD">STAR SPORTS 2 HD</channel>
    <channel update="i" site="d2h.com.E" site_id="26_STAR SPORTS Hindi 1 HD" xmltv_id="STAR SPORTS Hindi 1 HD">STAR SPORTS Hindi 1 HD</channel>
    <channel update="i" site="d2h.com.E" site_id="26_SONY TEN 1 HD" xmltv_id="SONY TEN 1 HD">SONY TEN 1 HD</channel>
    <channel update="i" site="d2h.com.E" site_id="26_SONY SIX HD" xmltv_id="SONY SIX HD">SONY SIX HD</channel>
    <channel update="i" site="d2h.com.E" site_id="26_STAR SPORTS SELECT 1 HD" xmltv_id="STAR SPORTS SELECT 1 HD">STAR SPORTS SELECT 1 HD</channel>
    <channel update="i" site="d2h.com.E" site_id="26_STAR SPORTS SELECT 2 HD" xmltv_id="STAR SPORTS SELECT 2 HD">STAR SPORTS SELECT 2 HD</channel>
    <channel update="i" site="d2h.com.E" site_id="26_AXN HD" xmltv_id="AXN HD">AXN HD</channel>
    <channel update="i" site="d2h.com.E" site_id="26_STAR WORLD PREMIERE HD" xmltv_id="STAR WORLD PREMIERE HD">STAR WORLD PREMIERE HD</channel>
    <channel update="i" site="d2h.com.E" site_id="26_STAR WORLD HD" xmltv_id="STAR WORLD HD">STAR WORLD HD</channel>
    <channel update="i" site="d2h.com.E" site_id="26_ZEE CAFE HD" xmltv_id="ZEE CAFE HD">ZEE CAFE HD</channel>
    <channel update="i" site="d2h.com.E" site_id="26_COLORS INFINITY HD" xmltv_id="COLORS INFINITY HD">COLORS INFINITY HD</channel>
    <channel update="i" site="d2h.com.E" site_id="26_STAR MOVIES HD" xmltv_id="STAR MOVIES HD">STAR MOVIES HD</channel>
    <channel update="i" site="d2h.com.E" site_id="26_SONY PIX HD" xmltv_id="SONY PIX HD">SONY PIX HD</channel>
    <channel update="i" site="d2h.com.E" site_id="26_&amp;Flix HD" xmltv_id="&amp;Flix HD">&amp;Flix HD</channel>
    <channel update="i" site="d2h.com.E" site_id="26_MN+ HD" xmltv_id="MN+ HD">MN+ HD</channel>
    <channel update="i" site="d2h.com.E" site_id="26_STAR MOVIES SELECT HD" xmltv_id="STAR MOVIES SELECT HD">STAR MOVIES SELECT HD</channel>
    <channel update="i" site="d2h.com.E" site_id="26_NICK HD+" xmltv_id="NICK HD+">NICK HD+</channel>
    <channel update="i" site="d2h.com.E" site_id="26_DISCOVERY HD WORLD" xmltv_id="DISCOVERY HD WORLD">DISCOVERY HD WORLD</channel>
    <channel update="i" site="d2h.com.E" site_id="26_HISTORY TV 18 HD" xmltv_id="HISTORY TV 18 HD">HISTORY TV 18 HD</channel>
    <channel update="i" site="d2h.com.E" site_id="26_NATIONAL GEOGRAPHIC CHANNEL HD" xmltv_id="NATIONAL GEOGRAPHIC CHANNEL HD">NATIONAL GEOGRAPHIC CHANNEL HD</channel>
    <channel update="i" site="d2h.com.E" site_id="26_NAT GEO WILD HD" xmltv_id="NAT GEO WILD HD">NAT GEO WILD HD</channel>
    <channel update="i" site="d2h.com.E" site_id="26_FOX LIFE HD" xmltv_id="FOX LIFE HD">FOX LIFE HD</channel>
    <channel update="i" site="d2h.com.E" site_id="26_TLC HD WORLD" xmltv_id="TLC HD WORLD">TLC HD WORLD</channel>
    <channel update="i" site="d2h.com.E" site_id="26_TRAVELXP HD" xmltv_id="TRAVELXP HD">TRAVELXP HD</channel>
    <channel update="i" site="d2h.com.E" site_id="26_CNBC TV18 PRIME HD" xmltv_id="CNBC TV18 PRIME HD">CNBC TV18 PRIME HD</channel>
    <channel update="i" site="d2h.com.E" site_id="26_ZEE MARATHI HD" xmltv_id="ZEE MARATHI HD">ZEE MARATHI HD</channel>
    <channel update="i" site="d2h.com.E" site_id="26_COLORS MARATHI HD" xmltv_id="COLORS MARATHI HD">COLORS MARATHI HD</channel>
    <channel update="i" site="d2h.com.E" site_id="26_STAR PRAVAAH HD" xmltv_id="STAR PRAVAAH HD">STAR PRAVAAH HD</channel>
    <channel update="i" site="d2h.com.E" site_id="26_ZEE TALKIES HD" xmltv_id="ZEE TALKIES HD">ZEE TALKIES HD</channel>
    <channel update="i" site="d2h.com.E" site_id="26_ZEE BANGLA HD" xmltv_id="ZEE BANGLA HD">ZEE BANGLA HD</channel>
    <channel update="i" site="d2h.com.E" site_id="26_COLORS BANGLA HD" xmltv_id="COLORS BANGLA HD">COLORS BANGLA HD</channel>
    <channel update="i" site="d2h.com.E" site_id="26_STAR JALSHA HD" xmltv_id="STAR JALSHA HD">STAR JALSHA HD</channel>
    <channel update="i" site="d2h.com.E" site_id="26_STAR JALSHA MOVIES HD" xmltv_id="STAR JALSHA MOVIES HD">STAR JALSHA MOVIES HD</channel>
    <channel update="i" site="d2h.com.E" site_id="26_SUN TV HD" xmltv_id="SUN TV HD">SUN TV HD</channel>
    <channel update="i" site="d2h.com.E" site_id="26_VIJAY HD" xmltv_id="VIJAY HD">VIJAY HD</channel>
    <channel update="i" site="d2h.com.E" site_id="26_KTV HD" xmltv_id="KTV HD">KTV HD</channel>
    <channel update="i" site="d2h.com.E" site_id="26_SUN MUSIC HD" xmltv_id="SUN MUSIC HD">SUN MUSIC HD</channel>
    <channel update="i" site="d2h.com.E" site_id="26_GEMINI HD" xmltv_id="GEMINI HD">GEMINI HD</channel>
    <channel update="i" site="d2h.com.E" site_id="26_STAR MAA HD" xmltv_id="STAR MAA HD">STAR MAA HD</channel>
    <channel update="i" site="d2h.com.E" site_id="26_ETV HD" xmltv_id="ETV HD">ETV HD</channel>
    <channel update="i" site="d2h.com.E" site_id="26_MAZHAVIL MANORAMA HD" xmltv_id="MAZHAVIL MANORAMA HD">MAZHAVIL MANORAMA HD</channel>
    <channel update="i" site="d2h.com.E" site_id="26_ASIANET HD" xmltv_id="ASIANET HD">ASIANET HD</channel>
    <channel update="i" site="d2h.com.E" site_id="26_SURYA HD" xmltv_id="SURYA HD">SURYA HD</channel>
    <channel update="i" site="d2h.com.E" site_id="26_COLORS KANNADA HD" xmltv_id="COLORS KANNADA HD">COLORS KANNADA HD</channel>
    <channel update="i" site="d2h.com.E" site_id="26_UDAYA HD" xmltv_id="UDAYA HD">UDAYA HD</channel>
    <channel update="i" site="d2h.com.E" site_id="26_ANIMAL PLANET HD WORLD" xmltv_id="ANIMAL PLANET HD WORLD">ANIMAL PLANET HD WORLD</channel>
    <channel update="i" site="d2h.com.E" site_id="26_STAR BHARAT HD" xmltv_id="STAR BHARAT HD">STAR BHARAT HD</channel>
    <channel update="i" site="d2h.com.E" site_id="26_Sony Ten 2 HD" xmltv_id="Sony Ten 2 HD">Sony Ten 2 HD</channel>
    <channel update="i" site="d2h.com.E" site_id="27_ETV RAJASTHAN" xmltv_id="ETV RAJASTHAN">ETV RAJASTHAN</channel>
    <channel update="i" site="d2h.com.E" site_id="27_ZEE RAJASTHAN NEWS" xmltv_id="ZEE RAJASTHAN NEWS">ZEE RAJASTHAN NEWS</channel>
    <channel update="i" site="d2h.com.E" site_id="27_DD RAJASTHAN" xmltv_id="DD RAJASTHAN">DD RAJASTHAN</channel>
    <channel update="i" site="d2h.com.E" site_id="27_ETV UTTAR PRADESH UTTRANCHAL" xmltv_id="ETV UTTAR PRADESH UTTRANCHAL">ETV UTTAR PRADESH UTTRANCHAL</channel>
    <channel update="i" site="d2h.com.E" site_id="27_DD UP" xmltv_id="DD UP">DD UP</channel>
    <channel update="i" site="d2h.com.E" site_id="27_ZEE MP CHATTISGARH" xmltv_id="ZEE MP CHATTISGARH">ZEE MP CHATTISGARH</channel>
    <channel update="i" site="d2h.com.E" site_id="27_ETV M P CHHATTISGARH" xmltv_id="ETV M P CHHATTISGARH">ETV M P CHHATTISGARH</channel>
    <channel update="i" site="d2h.com.E" site_id="27_DD MP" xmltv_id="DD MP">DD MP</channel>
    <channel update="i" site="d2h.com.E" site_id="27_Jyotish Duniya" xmltv_id="Jyotish Duniya">Jyotish Duniya</channel>
    <channel update="i" site="d2h.com.E" site_id="27_DANCE ACTIVE" xmltv_id="DANCE ACTIVE">DANCE ACTIVE</channel>
    <channel update="i" site="d2h.com.E" site_id="27_BHOJPURI CINEMA" xmltv_id="BHOJPURI CINEMA">BHOJPURI CINEMA</channel>
    <channel update="i" site="d2h.com.E" site_id="27_BHOJPURI ACTIVE" xmltv_id="BHOJPURI ACTIVE">BHOJPURI ACTIVE</channel>
    <channel update="i" site="d2h.com.E" site_id="28_DISCOVERY CHANNEL" xmltv_id="DISCOVERY CHANNEL">DISCOVERY CHANNEL</channel>
    <channel update="i" site="d2h.com.E" site_id="28_HISTORY TV 18" xmltv_id="HISTORY TV 18">HISTORY TV 18</channel>
    <channel update="i" site="d2h.com.E" site_id="28_Nat Geo Channel" xmltv_id="Nat Geo Channel">Nat Geo Channel</channel>
    <channel update="i" site="d2h.com.E" site_id="28_ANIMAL PLANET " xmltv_id="ANIMAL PLANET ">ANIMAL PLANET </channel>
    <channel update="i" site="d2h.com.E" site_id="28_DISCOVERY SCIENCE" xmltv_id="DISCOVERY SCIENCE">DISCOVERY SCIENCE</channel>
    <channel update="i" site="d2h.com.E" site_id="28_NAT GEO WILD" xmltv_id="NAT GEO WILD">NAT GEO WILD</channel>
    <channel update="i" site="d2h.com.E" site_id="28_DISCOVERY TURBO" xmltv_id="DISCOVERY TURBO">DISCOVERY TURBO</channel>
    <channel update="i" site="d2h.com.E" site_id="28_SONY BBC EARTH" xmltv_id="SONY BBC EARTH">SONY BBC EARTH</channel>
    <channel update="i" site="d2h.com.E" site_id="28_DD KISAN" xmltv_id="DD KISAN">DD KISAN</channel>
    <channel update="i" site="d2h.com.E" site_id="28_DD BHARTI" xmltv_id="DD BHARTI">DD BHARTI</channel>
  </channels>
</site>