﻿<?xml version="1.0" encoding="UTF-8"?>
<site generator-info-name="WebGrab+Plus/w MDB &amp; REX Postprocess -- version V1.56.25 -- Jan van Straaten" site="startv.com">
  <channels>
    <channel update="i" site="startv.com" site_id="Star Jalsha" xmltv_id="Star Jalsha">Star Jalsha</channel>
    <channel update="i" site="startv.com" site_id="Star Jalsha HD" xmltv_id="Star Jalsha HD">Star Jalsha HD</channel>
    <channel update="i" site="startv.com" site_id="Jalsha Movies" xmltv_id="Jalsha Movies">Jalsha Movies</channel>
    <channel update="i" site="startv.com" site_id="Jalsha Movies HD" xmltv_id="Jalsha Movies HD">Jalsha Movies HD</channel>
    <channel update="i" site="startv.com" site_id="Star World" xmltv_id="Star World">Star World</channel>
    <channel update="i" site="startv.com" site_id="Star World HD" xmltv_id="Star World HD">Star World HD</channel>
    <channel update="i" site="startv.com" site_id="Star World Premiere HD" xmltv_id="Star World Premiere HD">Star World Premiere HD</channel>
    <channel update="i" site="startv.com" site_id="FX" xmltv_id="FX">FX</channel>
    <channel update="i" site="startv.com" site_id="FX HD" xmltv_id="FX HD">FX HD</channel>
    <channel update="i" site="startv.com" site_id="Star Plus" xmltv_id="Star Plus">Star Plus</channel>
    <channel update="i" site="startv.com" site_id="Star Plus HD" xmltv_id="Star Plus HD">Star Plus HD</channel>
    <channel update="i" site="startv.com" site_id="Life OK" xmltv_id="Life OK">Life OK</channel>
    <channel update="i" site="startv.com" site_id="Life OK HD" xmltv_id="Life OK HD">Life OK HD</channel>
    <channel update="i" site="startv.com" site_id="CHANNEL V" xmltv_id="CHANNEL V">CHANNEL V</channel>
    <channel update="i" site="startv.com" site_id="Star Utsav" xmltv_id="Star Utsav">Star Utsav</channel>
    <channel update="i" site="startv.com" site_id="Star Gold" xmltv_id="Star Gold">Star Gold</channel>
    <channel update="i" site="startv.com" site_id="Star Gold HD" xmltv_id="Star Gold HD">Star Gold HD</channel>
    <channel update="i" site="startv.com" site_id="Movies OK" xmltv_id="Movies OK">Movies OK</channel>
    <channel update="i" site="startv.com" site_id="Fox Life" xmltv_id="Fox Life">Fox Life</channel>
    <channel update="i" site="startv.com" site_id="Fox Life HD" xmltv_id="Fox Life HD">Fox Life HD</channel>
    <channel update="i" site="startv.com" site_id="National Geographic Channel" xmltv_id="National Geographic Channel">National Geographic Channel</channel>
    <channel update="i" site="startv.com" site_id="National Geographic Channel HD" xmltv_id="National Geographic Channel HD">National Geographic Channel HD</channel>
    <channel update="i" site="startv.com" site_id="Nat Geo People" xmltv_id="Nat Geo People">Nat Geo People</channel>
    <channel update="i" site="startv.com" site_id="Nat Geo Wild" xmltv_id="Nat Geo Wild">Nat Geo Wild</channel>
    <channel update="i" site="startv.com" site_id="Nat Geo Wild HD" xmltv_id="Nat Geo Wild HD">Nat Geo Wild HD</channel>
    <channel update="i" site="startv.com" site_id="Asianet Suvarna" xmltv_id="Asianet Suvarna">Asianet Suvarna</channel>
    <channel update="i" site="startv.com" site_id="Suvarna Plus" xmltv_id="Suvarna Plus">Suvarna Plus</channel>
    <channel update="i" site="startv.com" site_id="Baby TV" xmltv_id="Baby TV">Baby TV</channel>
    <channel update="i" site="startv.com" site_id="Asianet" xmltv_id="Asianet">Asianet</channel>
    <channel update="i" site="startv.com" site_id="Asianet HD" xmltv_id="Asianet HD">Asianet HD</channel>
    <channel update="i" site="startv.com" site_id="Asianet Plus" xmltv_id="Asianet Plus">Asianet Plus</channel>
    <channel update="i" site="startv.com" site_id="Asianet Movies" xmltv_id="Asianet Movies">Asianet Movies</channel>
    <channel update="i" site="startv.com" site_id="Star Pravah" xmltv_id="Star Pravah">Star Pravah</channel>
    <channel update="i" site="startv.com" site_id="Star Pravah HD" xmltv_id="Star Pravah HD">Star Pravah HD</channel>
    <channel update="i" site="startv.com" site_id="Star Utsav Movies" xmltv_id="Star Utsav Movies">Star Utsav Movies</channel>
    <channel update="i" site="startv.com" site_id="Nat Geo Music" xmltv_id="Nat Geo Music">Nat Geo Music</channel>
    <channel update="i" site="startv.com" site_id="Star Sports 1" xmltv_id="Star Sports 1">Star Sports 1</channel>
    <channel update="i" site="startv.com" site_id="Star Sports 2" xmltv_id="Star Sports 2">Star Sports 2</channel>
    <channel update="i" site="startv.com" site_id="Star Sports 3" xmltv_id="Star Sports 3">Star Sports 3</channel>
    <channel update="i" site="startv.com" site_id="Star Sports 4" xmltv_id="Star Sports 4">Star Sports 4</channel>
    <channel update="i" site="startv.com" site_id="Star Sports HD 1" xmltv_id="Star Sports HD 1">Star Sports HD 1</channel>
    <channel update="i" site="startv.com" site_id="Star Sports HD 2" xmltv_id="Star Sports HD 2">Star Sports HD 2</channel>
    <channel update="i" site="startv.com" site_id="Star Sports HD 3" xmltv_id="Star Sports HD 3">Star Sports HD 3</channel>
    <channel update="i" site="startv.com" site_id="Star Sports HD 4" xmltv_id="Star Sports HD 4">Star Sports HD 4</channel>
    <channel update="i" site="startv.com" site_id="Star Vijay" xmltv_id="Star Vijay">Star Vijay</channel>
    <channel update="i" site="startv.com" site_id="Star Vijay HD" xmltv_id="Star Vijay HD">Star Vijay HD</channel>
    <channel update="i" site="startv.com" site_id="Maa TV" xmltv_id="Maa TV">Maa TV</channel>
    <channel update="i" site="startv.com" site_id="Maa Movies" xmltv_id="Maa Movies">Maa Movies</channel>
    <channel update="i" site="startv.com" site_id="Maa Music" xmltv_id="Maa Music">Maa Music</channel>
    <channel update="i" site="startv.com" site_id="Maa Gold" xmltv_id="Maa Gold">Maa Gold</channel>
  </channels>
</site>