﻿<?xml version="1.0" encoding="UTF-8"?>
<site generator-info-name="WebGrab+Plus/w MDB &amp; REX Postprocess -- version  V3.1.0.0 -- Jan van Straaten" site="tatasky.com">
  <channels>
    <channel update="i" site="tatasky.com.EK" site_id="739" xmltv_id="Channel 100 Gold">Channel 100 Gold</channel>
    <channel update="i" site="tatasky.com.EK" site_id="746" xmltv_id="Marathi Cinema Offer">Marathi Cinema Offer</channel>
    <channel update="i" site="tatasky.com.EK" site_id="786" xmltv_id="Ch 100 Binge">Ch 100 Binge</channel>
    <channel update="i" site="tatasky.com.EK" site_id="121" xmltv_id="Tata Sky Fitness">Tata Sky Fitness</channel>
    <channel update="i" site="tatasky.com.EK" site_id="618" xmltv_id="Tata Sky Beauty">Tata Sky Beauty</channel>
    <channel update="i" site="tatasky.com.EK" site_id="641" xmltv_id="Tata Sky COOKING">Tata Sky COOKING</channel>
    <channel update="i" site="tatasky.com.EK" site_id="677" xmltv_id="Tata Sky Shorts TV">Tata Sky Shorts TV</channel>
    <channel update="i" site="tatasky.com.EK" site_id="191" xmltv_id="DD National">DD National</channel>
    <channel update="i" site="tatasky.com.EK" site_id="8" xmltv_id="STAR Plus HD">STAR Plus HD</channel>
    <channel update="i" site="tatasky.com.EK" site_id="508" xmltv_id="STAR PLUS HD +1">STAR PLUS HD +1</channel>
    <channel update="i" site="tatasky.com.EK" site_id="550" xmltv_id="STAR Plus">STAR Plus</channel>
    <channel update="i" site="tatasky.com.EK" site_id="743" xmltv_id="Tata Sky Shoppe">Tata Sky Shoppe</channel>
    <channel update="i" site="tatasky.com.EK" site_id="244" xmltv_id="STAR BHARAT HD">STAR BHARAT HD</channel>
    <channel update="i" site="tatasky.com.EK" site_id="86" xmltv_id="STAR BHARAT">STAR BHARAT</channel>
    <channel update="i" site="tatasky.com.EK" site_id="736" xmltv_id="Tata Sky Dance Studio">Tata Sky Dance Studio</channel>
    <channel update="i" site="tatasky.com.EK" site_id="15" xmltv_id="SET HD">SET HD</channel>
    <channel update="i" site="tatasky.com.EK" site_id="556" xmltv_id="SONY">SONY</channel>
    <channel update="i" site="tatasky.com.EK" site_id="748" xmltv_id="Today’s Special">Today’s Special</channel>
    <channel update="i" site="tatasky.com.EK" site_id="48" xmltv_id="SAB HD">SAB HD</channel>
    <channel update="i" site="tatasky.com.EK" site_id="559" xmltv_id="SONY SAB">SONY SAB</channel>
    <channel update="i" site="tatasky.com.EK" site_id="744" xmltv_id="Tata Sky Comedy">Tata Sky Comedy</channel>
    <channel update="i" site="tatasky.com.EK" site_id="40" xmltv_id="&amp;tv HD">&amp;tv HD</channel>
    <channel update="i" site="tatasky.com.EK" site_id="578" xmltv_id="&amp;tv">&amp;tv</channel>
    <channel update="i" site="tatasky.com.EK" site_id="63" xmltv_id="Zee TV HD">Zee TV HD</channel>
    <channel update="i" site="tatasky.com.EK" site_id="584" xmltv_id="Zee TV HD +1">Zee TV HD +1</channel>
    <channel update="i" site="tatasky.com.EK" site_id="557" xmltv_id="Zee TV">Zee TV</channel>
    <channel update="i" site="tatasky.com.EK" site_id="811" xmltv_id="Tata Sky Adbut Kahaniyan">Tata Sky Adbut Kahaniyan</channel>
    <channel update="i" site="tatasky.com.EK" site_id="776" xmltv_id="Beauty and Fashion Tips">Beauty and Fashion Tips</channel>
    <channel update="i" site="tatasky.com.EK" site_id="52" xmltv_id="Colors HD">Colors HD</channel>
    <channel update="i" site="tatasky.com.EK" site_id="513" xmltv_id="Colors HD +1">Colors HD +1</channel>
    <channel update="i" site="tatasky.com.EK" site_id="543" xmltv_id="Colors">Colors</channel>
    <channel update="i" site="tatasky.com.EK" site_id="95" xmltv_id="Tata Sky JAVED AKHTAR">Tata Sky JAVED AKHTAR</channel>
    <channel update="i" site="tatasky.com.EK" site_id="142" xmltv_id="UTV Bindass">UTV Bindass</channel>
    <channel update="i" site="tatasky.com.EK" site_id="633" xmltv_id="Investigation Discovery">Investigation Discovery</channel>
    <channel update="i" site="tatasky.com.EK" site_id="619" xmltv_id="NT 1">NT 1</channel>
    <channel update="i" site="tatasky.com.EK" site_id="634" xmltv_id="Ezmall">Ezmall</channel>
    <channel update="i" site="tatasky.com.EK" site_id="551" xmltv_id="STAR Utsav">STAR Utsav</channel>
    <channel update="i" site="tatasky.com.EK" site_id="523" xmltv_id="Z Anmol">Z Anmol</channel>
    <channel update="i" site="tatasky.com.EK" site_id="438" xmltv_id="Colors Rishtey">Colors Rishtey</channel>
    <channel update="i" site="tatasky.com.EK" site_id="554" xmltv_id="Sony Pal">Sony Pal</channel>
    <channel update="i" site="tatasky.com.EK" site_id="54" xmltv_id="The Q India">The Q India</channel>
    <channel update="i" site="tatasky.com.EK" site_id="297" xmltv_id="Big Magic">Big Magic</channel>
    <channel update="i" site="tatasky.com.EK" site_id="51" xmltv_id="Dangal">Dangal</channel>
    <channel update="i" site="tatasky.com.EK" site_id="180" xmltv_id="Anjan TV">Anjan TV</channel>
    <channel update="i" site="tatasky.com.EK" site_id="734" xmltv_id="Channel Promos">Channel Promos</channel>
    <channel update="i" site="tatasky.com.EK" site_id="817" xmltv_id="DD Retro">DD Retro</channel>
    <channel update="i" site="tatasky.com.EK" site_id="818" xmltv_id="Shemaroo TV">Shemaroo TV</channel>
    <channel update="i" site="tatasky.com.EK" site_id="326" xmltv_id="DD Kisan">DD Kisan</channel>
    <channel update="i" site="tatasky.com.EK" site_id="808" xmltv_id="Tata Sky Hits">Tata Sky Hits</channel>
    <channel update="i" site="tatasky.com.EK" site_id="473" xmltv_id="STAR World HD">STAR World HD</channel>
    <channel update="i" site="tatasky.com.EK" site_id="724" xmltv_id="Showcase">Showcase</channel>
    <channel update="i" site="tatasky.com.EK" site_id="472" xmltv_id="STAR World">STAR World</channel>
    <channel update="i" site="tatasky.com.EK" site_id="318" xmltv_id="StarPremiere HD">StarPremiere HD</channel>
    <channel update="i" site="tatasky.com.EK" site_id="502" xmltv_id="Zee Cafe HD">Zee Cafe HD</channel>
    <channel update="i" site="tatasky.com.EK" site_id="602" xmltv_id="Zee Cafe">Zee Cafe</channel>
    <channel update="i" site="tatasky.com.EK" site_id="187" xmltv_id="Colors Infinity HD">Colors Infinity HD</channel>
    <channel update="i" site="tatasky.com.EK" site_id="544" xmltv_id="Colors Infinity">Colors Infinity</channel>
    <channel update="i" site="tatasky.com.EK" site_id="307" xmltv_id="Comedy Central HD">Comedy Central HD</channel>
    <channel update="i" site="tatasky.com.EK" site_id="306" xmltv_id="Comedy Central">Comedy Central</channel>
    <channel update="i" site="tatasky.com.EK" site_id="265" xmltv_id="Disney International HD">Disney International HD</channel>
    <channel update="i" site="tatasky.com.EK" site_id="151" xmltv_id="Tata Sky Darshan">Tata Sky Darshan</channel>
    <channel update="i" site="tatasky.com.EK" site_id="319" xmltv_id="Tata Sky Bollywood Premiere HD">Tata Sky Bollywood Premiere HD</channel>
    <channel update="i" site="tatasky.com.EK" site_id="486" xmltv_id="Tata Sky Bollywood Premiere">Tata Sky Bollywood Premiere</channel>
    <channel update="i" site="tatasky.com.EK" site_id="789" xmltv_id="Tata Sky Hollywood Local">Tata Sky Hollywood Local</channel>
    <channel update="i" site="tatasky.com.EK" site_id="245" xmltv_id="STAR GOLD HD">STAR GOLD HD</channel>
    <channel update="i" site="tatasky.com.EK" site_id="632" xmltv_id="Star GOLD HD">Star GOLD HD</channel>
    <channel update="i" site="tatasky.com.EK" site_id="581" xmltv_id="STAR GOLD HD +1">STAR GOLD HD +1</channel>
    <channel update="i" site="tatasky.com.EK" site_id="164" xmltv_id="STAR Gold">STAR Gold</channel>
    <channel update="i" site="tatasky.com.EK" site_id="80" xmltv_id="SONY MAX HD">SONY MAX HD</channel>
    <channel update="i" site="tatasky.com.EK" site_id="132" xmltv_id="SONY  MAX">SONY  MAX</channel>
    <channel update="i" site="tatasky.com.EK" site_id="666" xmltv_id="Tata Sky Theatre HD">Tata Sky Theatre HD</channel>
    <channel update="i" site="tatasky.com.EK" site_id="745" xmltv_id="Tatasky Theatre">Tatasky Theatre</channel>
    <channel update="i" site="tatasky.com.EK" site_id="163" xmltv_id="Star Gold 2">Star Gold 2</channel>
    <channel update="i" site="tatasky.com.EK" site_id="741" xmltv_id="Tata Sky Classic Cinema">Tata Sky Classic Cinema</channel>
    <channel update="i" site="tatasky.com.EK" site_id="503" xmltv_id="Zee Cinema HD">Zee Cinema HD</channel>
    <channel update="i" site="tatasky.com.EK" site_id="574" xmltv_id="Zee Cinema HD +1">Zee Cinema HD +1</channel>
    <channel update="i" site="tatasky.com.EK" site_id="123" xmltv_id="Zee Cinema">Zee Cinema</channel>
    <channel update="i" site="tatasky.com.EK" site_id="671" xmltv_id="UTV HD">UTV HD</channel>
    <channel update="i" site="tatasky.com.EK" site_id="493" xmltv_id="UTV Movies">UTV Movies</channel>
    <channel update="i" site="tatasky.com.EK" site_id="778" xmltv_id="Today’s Special">Today’s Special</channel>
    <channel update="i" site="tatasky.com.EK" site_id="494" xmltv_id="UTV Action">UTV Action</channel>
    <channel update="i" site="tatasky.com.EK" site_id="639" xmltv_id="Tata Sky Show Bizz">Tata Sky Show Bizz</channel>
    <channel update="i" site="tatasky.com.EK" site_id="175" xmltv_id="Zee Bollywood">Zee Bollywood</channel>
    <channel update="i" site="tatasky.com.EK" site_id="727" xmltv_id="Zee Classic">Zee Classic</channel>
    <channel update="i" site="tatasky.com.EK" site_id="780" xmltv_id="Housefull Movies">Housefull Movies</channel>
    <channel update="i" site="tatasky.com.EK" site_id="267" xmltv_id="&amp;pictures HD">&amp;pictures HD</channel>
    <channel update="i" site="tatasky.com.EK" site_id="148" xmltv_id="&amp;pictures">&amp;pictures</channel>
    <channel update="i" site="tatasky.com.EK" site_id="182" xmltv_id="Cinema TV India">Cinema TV India</channel>
    <channel update="i" site="tatasky.com.EK" site_id="730" xmltv_id="B4U Kadak">B4U Kadak</channel>
    <channel update="i" site="tatasky.com.EK" site_id="100" xmltv_id="Zee Action">Zee Action</channel>
    <channel update="i" site="tatasky.com.EK" site_id="56" xmltv_id="SONY WAH">SONY WAH</channel>
    <channel update="i" site="tatasky.com.EK" site_id="7" xmltv_id="B4U Movies">B4U Movies</channel>
    <channel update="i" site="tatasky.com.EK" site_id="120" xmltv_id="SONY MAX 2">SONY MAX 2</channel>
    <channel update="i" site="tatasky.com.EK" site_id="595" xmltv_id="Star Gold Select HD">Star Gold Select HD</channel>
    <channel update="i" site="tatasky.com.EK" site_id="461" xmltv_id="Star Gold Select">Star Gold Select</channel>
    <channel update="i" site="tatasky.com.EK" site_id="61" xmltv_id="Colors Cineplex HD">Colors Cineplex HD</channel>
    <channel update="i" site="tatasky.com.EK" site_id="53" xmltv_id="Colors Cineplex">Colors Cineplex</channel>
    <channel update="i" site="tatasky.com.EK" site_id="276" xmltv_id="WOW Cinema One">WOW Cinema One</channel>
    <channel update="i" site="tatasky.com.EK" site_id="194" xmltv_id="Enterr10">Enterr10</channel>
    <channel update="i" site="tatasky.com.EK" site_id="296" xmltv_id="Bflix Movies">Bflix Movies</channel>
    <channel update="i" site="tatasky.com.EK" site_id="470" xmltv_id="STAR Utsav Movies">STAR Utsav Movies</channel>
    <channel update="i" site="tatasky.com.EK" site_id="64" xmltv_id="Zee Anmol Cinema">Zee Anmol Cinema</channel>
    <channel update="i" site="tatasky.com.EK" site_id="823" xmltv_id="Dhinchaak">Dhinchaak</channel>
    <channel update="i" site="tatasky.com.EK" site_id="731" xmltv_id="Manoranjan TV">Manoranjan TV</channel>
    <channel update="i" site="tatasky.com.EK" site_id="651" xmltv_id="Maha Movie">Maha Movie</channel>
    <channel update="i" site="tatasky.com.EK" site_id="670" xmltv_id="Surya Cinema">Surya Cinema</channel>
    <channel update="i" site="tatasky.com.EK" site_id="560" xmltv_id="STAR Movies HD">STAR Movies HD</channel>
    <channel update="i" site="tatasky.com.EK" site_id="273" xmltv_id="STAR Movies">STAR Movies</channel>
    <channel update="i" site="tatasky.com.EK" site_id="32" xmltv_id="SONY PIX HD">SONY PIX HD</channel>
    <channel update="i" site="tatasky.com.EK" site_id="558" xmltv_id="SONY PIX">SONY PIX</channel>
    <channel update="i" site="tatasky.com.EK" site_id="347" xmltv_id="HBO HD">HBO HD</channel>
    <channel update="i" site="tatasky.com.EK" site_id="241" xmltv_id="HBO">HBO</channel>
    <channel update="i" site="tatasky.com.EK" site_id="506" xmltv_id="&amp;Flix HD">&amp;Flix HD</channel>
    <channel update="i" site="tatasky.com.EK" site_id="592" xmltv_id="&amp;Flix">&amp;Flix</channel>
    <channel update="i" site="tatasky.com.EK" site_id="242" xmltv_id="WB">WB</channel>
    <channel update="i" site="tatasky.com.EK" site_id="593" xmltv_id="STAR Movies Select HD">STAR Movies Select HD</channel>
    <channel update="i" site="tatasky.com.EK" site_id="562" xmltv_id="Movies Now HD">Movies Now HD</channel>
    <channel update="i" site="tatasky.com.EK" site_id="173" xmltv_id="Movies Now">Movies Now</channel>
    <channel update="i" site="tatasky.com.EK" site_id="210" xmltv_id="MN+ HD">MN+ HD</channel>
    <channel update="i" site="tatasky.com.EK" site_id="599" xmltv_id="MNX HD">MNX HD</channel>
    <channel update="i" site="tatasky.com.EK" site_id="234" xmltv_id="MNX">MNX</channel>
    <channel update="i" site="tatasky.com.EK" site_id="437" xmltv_id="Romedy Now HD">Romedy Now HD</channel>
    <channel update="i" site="tatasky.com.EK" site_id="174" xmltv_id="Romedy Now">Romedy Now</channel>
    <channel update="i" site="tatasky.com.EK" site_id="530" xmltv_id="And prive HD">And prive HD</channel>
    <channel update="i" site="tatasky.com.EK" site_id="714" xmltv_id="Showcase HD1">Showcase HD1</channel>
    <channel update="i" site="tatasky.com.EK" site_id="732" xmltv_id="Showcase HD2">Showcase HD2</channel>
    <channel update="i" site="tatasky.com.EK" site_id="715" xmltv_id="Showcase HD3">Showcase HD3</channel>
    <channel update="i" site="tatasky.com.EK" site_id="721" xmltv_id="Showcase HD4">Showcase HD4</channel>
    <channel update="i" site="tatasky.com.EK" site_id="797" xmltv_id="Zee Thirai">Zee Thirai</channel>
    <channel update="i" site="tatasky.com.EK" site_id="716" xmltv_id="Showcase 1">Showcase 1</channel>
    <channel update="i" site="tatasky.com.EK" site_id="719" xmltv_id="Showcase 2">Showcase 2</channel>
    <channel update="i" site="tatasky.com.EK" site_id="718" xmltv_id="Showcase 4">Showcase 4</channel>
    <channel update="i" site="tatasky.com.EK" site_id="763" xmltv_id="Tata Sky Mobile">Tata Sky Mobile</channel>
    <channel update="i" site="tatasky.com.EK" site_id="223" xmltv_id="DD Sports">DD Sports</channel>
    <channel update="i" site="tatasky.com.EK" site_id="78" xmltv_id="Star Sports 1 HD">Star Sports 1 HD</channel>
    <channel update="i" site="tatasky.com.EK" site_id="600" xmltv_id="STAR Sports 1">STAR Sports 1</channel>
    <channel update="i" site="tatasky.com.EK" site_id="235" xmltv_id="Star Sports 2 HD">Star Sports 2 HD</channel>
    <channel update="i" site="tatasky.com.EK" site_id="609" xmltv_id="STAR Sports 2">STAR Sports 2</channel>
    <channel update="i" site="tatasky.com.EK" site_id="664" xmltv_id="Star Sports 3">Star Sports 3</channel>
    <channel update="i" site="tatasky.com.EK" site_id="24" xmltv_id="Star Sports 1 HD Hindi">Star Sports 1 HD Hindi</channel>
    <channel update="i" site="tatasky.com.EK" site_id="601" xmltv_id="Star Sports 1 Hindi">Star Sports 1 Hindi</channel>
    <channel update="i" site="tatasky.com.EK" site_id="755" xmltv_id="What’s New?">What’s New?</channel>
    <channel update="i" site="tatasky.com.EK" site_id="246" xmltv_id="Star Sports Select 1 HD">Star Sports Select 1 HD</channel>
    <channel update="i" site="tatasky.com.EK" site_id="141" xmltv_id="Star Sports Select 1">Star Sports Select 1</channel>
    <channel update="i" site="tatasky.com.EK" site_id="463" xmltv_id="Star Sports Select 2 HD">Star Sports Select 2 HD</channel>
    <channel update="i" site="tatasky.com.EK" site_id="603" xmltv_id="Star Sports Select 2">Star Sports Select 2</channel>
    <channel update="i" site="tatasky.com.EK" site_id="81" xmltv_id="SONY TEN 1 HD">SONY TEN 1 HD</channel>
    <channel update="i" site="tatasky.com.EK" site_id="150" xmltv_id="Ten 1">Ten 1</channel>
    <channel update="i" site="tatasky.com.EK" site_id="462" xmltv_id="SONY TEN 2 HD">SONY TEN 2 HD</channel>
    <channel update="i" site="tatasky.com.EK" site_id="170" xmltv_id="SONY TEN 2">SONY TEN 2</channel>
    <channel update="i" site="tatasky.com.EK" site_id="171" xmltv_id="Ten 3">Ten 3</channel>
    <channel update="i" site="tatasky.com.EK" site_id="35" xmltv_id="SONY SIX HD">SONY SIX HD</channel>
    <channel update="i" site="tatasky.com.EK" site_id="610" xmltv_id="Sony SIX">Sony SIX</channel>
    <channel update="i" site="tatasky.com.EK" site_id="812" xmltv_id="Eurosport HD">Eurosport HD</channel>
    <channel update="i" site="tatasky.com.EK" site_id="693" xmltv_id="Eurosport">Eurosport</channel>
    <channel update="i" site="tatasky.com.EK" site_id="683" xmltv_id="Star Sports First">Star Sports First</channel>
    <channel update="i" site="tatasky.com.EK" site_id="815" xmltv_id="1sports">1sports</channel>
    <channel update="i" site="tatasky.com.EK" site_id="691" xmltv_id="DD News HD">DD News HD</channel>
    <channel update="i" site="tatasky.com.EK" site_id="322" xmltv_id="DD News">DD News</channel>
    <channel update="i" site="tatasky.com.EK" site_id="177" xmltv_id="ABP News">ABP News</channel>
    <channel update="i" site="tatasky.com.EK" site_id="783" xmltv_id="Tata Sky Seniors">Tata Sky Seniors</channel>
    <channel update="i" site="tatasky.com.EK" site_id="179" xmltv_id="NDTV India">NDTV India</channel>
    <channel update="i" site="tatasky.com.EK" site_id="779" xmltv_id="LIVE TV on Mobile">LIVE TV on Mobile</channel>
    <channel update="i" site="tatasky.com.EK" site_id="689" xmltv_id="Aaj Tak HD">Aaj Tak HD</channel>
    <channel update="i" site="tatasky.com.EK" site_id="153" xmltv_id="Aaj Tak">Aaj Tak</channel>
    <channel update="i" site="tatasky.com.EK" site_id="662" xmltv_id="Tata Sky Family Health">Tata Sky Family Health</channel>
    <channel update="i" site="tatasky.com.EK" site_id="259" xmltv_id="Zee News">Zee News</channel>
    <channel update="i" site="tatasky.com.EK" site_id="756" xmltv_id="What’s New?">What’s New?</channel>
    <channel update="i" site="tatasky.com.EK" site_id="104" xmltv_id="India TV">India TV</channel>
    <channel update="i" site="tatasky.com.EK" site_id="209" xmltv_id="News 24">News 24</channel>
    <channel update="i" site="tatasky.com.EK" site_id="106" xmltv_id="News18 India">News18 India</channel>
    <channel update="i" site="tatasky.com.EK" site_id="514" xmltv_id="Zee Hindustan">Zee Hindustan</channel>
    <channel update="i" site="tatasky.com.EK" site_id="696" xmltv_id="R.Bharat">R.Bharat</channel>
    <channel update="i" site="tatasky.com.EK" site_id="183" xmltv_id="India News">India News</channel>
    <channel update="i" site="tatasky.com.EK" site_id="36" xmltv_id="News Nation">News Nation</channel>
    <channel update="i" site="tatasky.com.EK" site_id="706" xmltv_id="TV9 Bharatvarsh">TV9 Bharatvarsh</channel>
    <channel update="i" site="tatasky.com.EK" site_id="485" xmltv_id="TOTAL TV">TOTAL TV</channel>
    <channel update="i" site="tatasky.com.EK" site_id="13" xmltv_id="India News Haryana">India News Haryana</channel>
    <channel update="i" site="tatasky.com.EK" site_id="475" xmltv_id="Sudarshan News">Sudarshan News</channel>
    <channel update="i" site="tatasky.com.EK" site_id="286" xmltv_id="APN News">APN News</channel>
    <channel update="i" site="tatasky.com.EK" site_id="401" xmltv_id="MH One News">MH One News</channel>
    <channel update="i" site="tatasky.com.EK" site_id="30" xmltv_id="India News UP UK">India News UP UK</channel>
    <channel update="i" site="tatasky.com.EK" site_id="613" xmltv_id="News State UP Uttarakhand">News State UP Uttarakhand</channel>
    <channel update="i" site="tatasky.com.EK" site_id="222" xmltv_id="India News MP CH">India News MP CH</channel>
    <channel update="i" site="tatasky.com.EK" site_id="14" xmltv_id="India News Rajasthan">India News Rajasthan</channel>
    <channel update="i" site="tatasky.com.EK" site_id="441" xmltv_id="Samay">Samay</channel>
    <channel update="i" site="tatasky.com.EK" site_id="371" xmltv_id="Janta TV">Janta TV</channel>
    <channel update="i" site="tatasky.com.EK" site_id="637" xmltv_id="Zee Uttar Pradesh Uttarakhand">Zee Uttar Pradesh Uttarakhand</channel>
    <channel update="i" site="tatasky.com.EK" site_id="643" xmltv_id="News State MP CG">News State MP CG</channel>
    <channel update="i" site="tatasky.com.EK" site_id="685" xmltv_id="India Voice">India Voice</channel>
    <channel update="i" site="tatasky.com.EK" site_id="415" xmltv_id="News11 Bharat">News11 Bharat</channel>
    <channel update="i" site="tatasky.com.EK" site_id="414" xmltv_id="News 1 India">News 1 India</channel>
    <channel update="i" site="tatasky.com.EK" site_id="5" xmltv_id="Patrika TV Rajasthan">Patrika TV Rajasthan</channel>
    <channel update="i" site="tatasky.com.EK" site_id="577" xmltv_id="Swaraj Express SMBC">Swaraj Express SMBC</channel>
    <channel update="i" site="tatasky.com.EK" site_id="344" xmltv_id="Hindi Khabar">Hindi Khabar</channel>
    <channel update="i" site="tatasky.com.EK" site_id="804" xmltv_id="R9 TV">R9 TV</channel>
    <channel update="i" site="tatasky.com.EK" site_id="291" xmltv_id="Bharat Samachar">Bharat Samachar</channel>
    <channel update="i" site="tatasky.com.EK" site_id="831" xmltv_id="News India 24x7">News India 24x7</channel>
    <channel update="i" site="tatasky.com.EK" site_id="384" xmltv_id="Khabarain Abhi Tak">Khabarain Abhi Tak</channel>
    <channel update="i" site="tatasky.com.EK" site_id="278" xmltv_id="TEZ">TEZ</channel>
    <channel update="i" site="tatasky.com.EK" site_id="699" xmltv_id="Swaraj Express">Swaraj Express</channel>
    <channel update="i" site="tatasky.com.EK" site_id="701" xmltv_id="Jantantra">Jantantra</channel>
    <channel update="i" site="tatasky.com.EK" site_id="260" xmltv_id="Zee Business">Zee Business</channel>
    <channel update="i" site="tatasky.com.EK" site_id="204" xmltv_id="CNBC Awaaz">CNBC Awaaz</channel>
    <channel update="i" site="tatasky.com.EK" site_id="213" xmltv_id="Lok Sabha TV">Lok Sabha TV</channel>
    <channel update="i" site="tatasky.com.EK" site_id="212" xmltv_id="Rajya Sabha">Rajya Sabha</channel>
    <channel update="i" site="tatasky.com.EK" site_id="208" xmltv_id="NDTV 24x7">NDTV 24x7</channel>
    <channel update="i" site="tatasky.com.EK" site_id="547" xmltv_id="Times Now World">Times Now World</channel>
    <channel update="i" site="tatasky.com.EK" site_id="90" xmltv_id="TIMES NOW">TIMES NOW</channel>
    <channel update="i" site="tatasky.com.EK" site_id="1" xmltv_id="INDIA TODAY">INDIA TODAY</channel>
    <channel update="i" site="tatasky.com.EK" site_id="206" xmltv_id="CNN News18">CNN News18</channel>
    <channel update="i" site="tatasky.com.EK" site_id="189" xmltv_id="NewsX">NewsX</channel>
    <channel update="i" site="tatasky.com.EK" site_id="591" xmltv_id="MIRROR NOW">MIRROR NOW</channel>
    <channel update="i" site="tatasky.com.EK" site_id="255" xmltv_id="WION">WION</channel>
    <channel update="i" site="tatasky.com.EK" site_id="72" xmltv_id="REPUBLIC TV">REPUBLIC TV</channel>
    <channel update="i" site="tatasky.com.EK" site_id="669" xmltv_id="India Ahead">India Ahead</channel>
    <channel update="i" site="tatasky.com.EK" site_id="324" xmltv_id="DD India">DD India</channel>
    <channel update="i" site="tatasky.com.EK" site_id="93" xmltv_id="NDTV Profit Prime">NDTV Profit Prime</channel>
    <channel update="i" site="tatasky.com.EK" site_id="304" xmltv_id="CNBC TV18 Prime HD">CNBC TV18 Prime HD</channel>
    <channel update="i" site="tatasky.com.EK" site_id="168" xmltv_id="CNBC-TV18">CNBC-TV18</channel>
    <channel update="i" site="tatasky.com.EK" site_id="88" xmltv_id="ET NOW">ET NOW</channel>
    <channel update="i" site="tatasky.com.EK" site_id="243" xmltv_id="CNN">CNN</channel>
    <channel update="i" site="tatasky.com.EK" site_id="188" xmltv_id="BBC World">BBC World</channel>
    <channel update="i" site="tatasky.com.EK" site_id="190" xmltv_id="Al Jazeera Eng">Al Jazeera Eng</channel>
    <channel update="i" site="tatasky.com.EK" site_id="157" xmltv_id="Channel News Asia">Channel News Asia</channel>
    <channel update="i" site="tatasky.com.EK" site_id="131" xmltv_id="France 24">France 24</channel>
    <channel update="i" site="tatasky.com.EK" site_id="65" xmltv_id="TV5 Monde Asie">TV5 Monde Asie</channel>
    <channel update="i" site="tatasky.com.EK" site_id="60" xmltv_id="DW">DW</channel>
    <channel update="i" site="tatasky.com.EK" site_id="105" xmltv_id="Australia Plus">Australia Plus</channel>
    <channel update="i" site="tatasky.com.EK" site_id="98" xmltv_id="Russia Today">Russia Today</channel>
    <channel update="i" site="tatasky.com.EK" site_id="110" xmltv_id="NHK World">NHK World</channel>
    <channel update="i" site="tatasky.com.EK" site_id="345" xmltv_id="Hungama">Hungama</channel>
    <channel update="i" site="tatasky.com.EK" site_id="587" xmltv_id="MARVEL HQ">MARVEL HQ</channel>
    <channel update="i" site="tatasky.com.EK" site_id="114" xmltv_id="Disney">Disney</channel>
    <channel update="i" site="tatasky.com.EK" site_id="71" xmltv_id="Tata Sky ENGLISH in Hindi">Tata Sky ENGLISH in Hindi</channel>
    <channel update="i" site="tatasky.com.EK" site_id="433" xmltv_id="Nick HD+">Nick HD+</channel>
    <channel update="i" site="tatasky.com.EK" site_id="138" xmltv_id="Nick">Nick</channel>
    <channel update="i" site="tatasky.com.EK" site_id="626" xmltv_id="Tata Sky Fun Learn Preschool">Tata Sky Fun Learn Preschool</channel>
    <channel update="i" site="tatasky.com.EK" site_id="681" xmltv_id="Cartoon Network HD+">Cartoon Network HD+</channel>
    <channel update="i" site="tatasky.com.EK" site_id="238" xmltv_id="Cartoon Network">Cartoon Network</channel>
    <channel update="i" site="tatasky.com.EK" site_id="738" xmltv_id="Tata Sky Smart Games">Tata Sky Smart Games</channel>
    <channel update="i" site="tatasky.com.EK" site_id="239" xmltv_id="Pogo">Pogo</channel>
    <channel update="i" site="tatasky.com.EK" site_id="119" xmltv_id="Discovery Kids">Discovery Kids</channel>
    <channel update="i" site="tatasky.com.EK" site_id="127" xmltv_id="Sonic Nickelodeon">Sonic Nickelodeon</channel>
    <channel update="i" site="tatasky.com.EK" site_id="298" xmltv_id="Baby TV HD">Baby TV HD</channel>
    <channel update="i" site="tatasky.com.EK" site_id="118" xmltv_id="Nick Jr">Nick Jr</channel>
    <channel update="i" site="tatasky.com.EK" site_id="144" xmltv_id="Disney Junior">Disney Junior</channel>
    <channel update="i" site="tatasky.com.EK" site_id="45" xmltv_id="SONY YAY!">SONY YAY!</channel>
    <channel update="i" site="tatasky.com.EK" site_id="816" xmltv_id="CBeeBies">CBeeBies</channel>
    <channel update="i" site="tatasky.com.EK" site_id="627" xmltv_id="Tata Sky Fun Learn Junior">Tata Sky Fun Learn Junior</channel>
    <channel update="i" site="tatasky.com.EK" site_id="383" xmltv_id="Kushi TV">Kushi TV</channel>
    <channel update="i" site="tatasky.com.EK" site_id="302" xmltv_id="Chutti TV">Chutti TV</channel>
    <channel update="i" site="tatasky.com.EK" site_id="561" xmltv_id="Chintu TV">Chintu TV</channel>
    <channel update="i" site="tatasky.com.EK" site_id="82" xmltv_id="Kochu TV">Kochu TV</channel>
    <channel update="i" site="tatasky.com.EK" site_id="111" xmltv_id="Tata Sky SMART MANAGER">Tata Sky SMART MANAGER</channel>
    <channel update="i" site="tatasky.com.EK" site_id="167" xmltv_id="Tata Sky VEDIC MATHS">Tata Sky VEDIC MATHS</channel>
    <channel update="i" site="tatasky.com.EK" site_id="605" xmltv_id="National Geographic HD">National Geographic HD</channel>
    <channel update="i" site="tatasky.com.EK" site_id="137" xmltv_id="NGC">NGC</channel>
    <channel update="i" site="tatasky.com.EK" site_id="413" xmltv_id="Nat Geo Wild HD">Nat Geo Wild HD</channel>
    <channel update="i" site="tatasky.com.EK" site_id="184" xmltv_id="Nat Geo Wild">Nat Geo Wild</channel>
    <channel update="i" site="tatasky.com.EK" site_id="341" xmltv_id="Discovery HD World">Discovery HD World</channel>
    <channel update="i" site="tatasky.com.EK" site_id="219" xmltv_id="Discovery">Discovery</channel>
    <channel update="i" site="tatasky.com.EK" site_id="287" xmltv_id="Animal Planet HD World">Animal Planet HD World</channel>
    <channel update="i" site="tatasky.com.EK" site_id="130" xmltv_id="Animal Planet">Animal Planet</channel>
    <channel update="i" site="tatasky.com.EK" site_id="113" xmltv_id="Discovery Science">Discovery Science</channel>
    <channel update="i" site="tatasky.com.EK" site_id="616" xmltv_id="History TV18 HD">History TV18 HD</channel>
    <channel update="i" site="tatasky.com.EK" site_id="172" xmltv_id="History TV18">History TV18</channel>
    <channel update="i" site="tatasky.com.EK" site_id="460" xmltv_id="SONY BBC Earth HD">SONY BBC Earth HD</channel>
    <channel update="i" site="tatasky.com.EK" site_id="158" xmltv_id="SONY BBC Earth">SONY BBC Earth</channel>
    <channel update="i" site="tatasky.com.EK" site_id="126" xmltv_id="EPIC">EPIC</channel>
    <channel update="i" site="tatasky.com.EK" site_id="766" xmltv_id="TestService">TestService</channel>
    <channel update="i" site="tatasky.com.EK" site_id="367" xmltv_id="FOX Life HD">FOX Life HD</channel>
    <channel update="i" site="tatasky.com.EK" site_id="185" xmltv_id="FOX Life">FOX Life</channel>
    <channel update="i" site="tatasky.com.EK" site_id="646" xmltv_id="DD Gyan Darshan">DD Gyan Darshan</channel>
    <channel update="i" site="tatasky.com.EK" site_id="480" xmltv_id="TLC HD">TLC HD</channel>
    <channel update="i" site="tatasky.com.EK" site_id="135" xmltv_id="TLC">TLC</channel>
    <channel update="i" site="tatasky.com.EK" site_id="136" xmltv_id="GOOD TiMES">GOOD TiMES</channel>
    <channel update="i" site="tatasky.com.EK" site_id="228" xmltv_id="Discovery Turbo">Discovery Turbo</channel>
    <channel update="i" site="tatasky.com.EK" site_id="484" xmltv_id="Travelxp HD">Travelxp HD</channel>
    <channel update="i" site="tatasky.com.EK" site_id="55" xmltv_id="Travelxp">Travelxp</channel>
    <channel update="i" site="tatasky.com.EK" site_id="117" xmltv_id="Food Food">Food Food</channel>
    <channel update="i" site="tatasky.com.EK" site_id="382" xmltv_id="Living Foodz HD">Living Foodz HD</channel>
    <channel update="i" site="tatasky.com.EK" site_id="504" xmltv_id="Living Foodz">Living Foodz</channel>
    <channel update="i" site="tatasky.com.EK" site_id="227" xmltv_id="Fashion TV">Fashion TV</channel>
    <channel update="i" site="tatasky.com.EK" site_id="464" xmltv_id="SONY TEN 3 HD">SONY TEN 3 HD</channel>
    <channel update="i" site="tatasky.com.EK" site_id="735" xmltv_id="Tata Sky Ibaadat">Tata Sky Ibaadat</channel>
    <channel update="i" site="tatasky.com.EK" site_id="406" xmltv_id="MTV HD+">MTV HD+</channel>
    <channel update="i" site="tatasky.com.EK" site_id="103" xmltv_id="MTV">MTV</channel>
    <channel update="i" site="tatasky.com.EK" site_id="139" xmltv_id="9XM">9XM</channel>
    <channel update="i" site="tatasky.com.EK" site_id="96" xmltv_id="Zoom">Zoom</channel>
    <channel update="i" site="tatasky.com.EK" site_id="224" xmltv_id="E24">E24</channel>
    <channel update="i" site="tatasky.com.EK" site_id="740" xmltv_id="Tata Sky Music">Tata Sky Music</channel>
    <channel update="i" site="tatasky.com.EK" site_id="737" xmltv_id="Tata Sky Music+">Tata Sky Music+</channel>
    <channel update="i" site="tatasky.com.EK" site_id="405" xmltv_id="MTV Beats HD">MTV Beats HD</channel>
    <channel update="i" site="tatasky.com.EK" site_id="236" xmltv_id="MTV Beats">MTV Beats</channel>
    <channel update="i" site="tatasky.com.EK" site_id="9" xmltv_id="B4U Music">B4U Music</channel>
    <channel update="i" site="tatasky.com.EK" site_id="749" xmltv_id="Classic Cinema">Classic Cinema</channel>
    <channel update="i" site="tatasky.com.EK" site_id="271" xmltv_id="Z ETC Bollywood">Z ETC Bollywood</channel>
    <channel update="i" site="tatasky.com.EK" site_id="17" xmltv_id="Mastiii">Mastiii</channel>
    <channel update="i" site="tatasky.com.EK" site_id="517" xmltv_id="Zing">Zing</channel>
    <channel update="i" site="tatasky.com.EK" site_id="726" xmltv_id="Bollywood Premiere">Bollywood Premiere</channel>
    <channel update="i" site="tatasky.com.EK" site_id="764" xmltv_id="BollywoodP">BollywoodP</channel>
    <channel update="i" site="tatasky.com.EK" site_id="39" xmltv_id="9X Jalwa">9X Jalwa</channel>
    <channel update="i" site="tatasky.com.EK" site_id="628" xmltv_id="Insync">Insync</channel>
    <channel update="i" site="tatasky.com.EK" site_id="733" xmltv_id="Showbox">Showbox</channel>
    <channel update="i" site="tatasky.com.EK" site_id="539" xmltv_id="VH1 HD">VH1 HD</channel>
    <channel update="i" site="tatasky.com.EK" site_id="498" xmltv_id="VH1">VH1</channel>
    <channel update="i" site="tatasky.com.EK" site_id="750" xmltv_id="TRAI Tariff Order">TRAI Tariff Order</channel>
    <channel update="i" site="tatasky.com.EK" site_id="742" xmltv_id="Tata Sky Aradhana">Tata Sky Aradhana</channel>
    <channel update="i" site="tatasky.com.EK" site_id="832" xmltv_id="Dagdusheth Ganpati">Dagdusheth Ganpati</channel>
    <channel update="i" site="tatasky.com.EK" site_id="38" xmltv_id="Aastha">Aastha</channel>
    <channel update="i" site="tatasky.com.EK" site_id="43" xmltv_id="Sanskar">Sanskar</channel>
    <channel update="i" site="tatasky.com.EK" site_id="346" xmltv_id="Disha TV">Disha TV</channel>
    <channel update="i" site="tatasky.com.EK" site_id="446" xmltv_id="Paras TV">Paras TV</channel>
    <channel update="i" site="tatasky.com.EK" site_id="397" xmltv_id="MH One Shraddha">MH One Shraddha</channel>
    <channel update="i" site="tatasky.com.EK" site_id="447" xmltv_id="Sadhana TV">Sadhana TV</channel>
    <channel update="i" site="tatasky.com.EK" site_id="385" xmltv_id="Lord Buddha TV">Lord Buddha TV</channel>
    <channel update="i" site="tatasky.com.EK" site_id="420" xmltv_id="Peace of Mind">Peace of Mind</channel>
    <channel update="i" site="tatasky.com.EK" site_id="373" xmltv_id="Jinvani Channel">Jinvani Channel</channel>
    <channel update="i" site="tatasky.com.EK" site_id="288" xmltv_id="Arihant">Arihant</channel>
    <channel update="i" site="tatasky.com.EK" site_id="594" xmltv_id="Ishwar TV">Ishwar TV</channel>
    <channel update="i" site="tatasky.com.EK" site_id="456" xmltv_id="Satsang TV">Satsang TV</channel>
    <channel update="i" site="tatasky.com.EK" site_id="458" xmltv_id="Shubh TV">Shubh TV</channel>
    <channel update="i" site="tatasky.com.EK" site_id="283" xmltv_id="Aastha Bhajan">Aastha Bhajan</channel>
    <channel update="i" site="tatasky.com.EK" site_id="500" xmltv_id="Vedic">Vedic</channel>
    <channel update="i" site="tatasky.com.EK" site_id="728" xmltv_id="Subharti TV">Subharti TV</channel>
    <channel update="i" site="tatasky.com.EK" site_id="775" xmltv_id="DIVYA">DIVYA</channel>
    <channel update="i" site="tatasky.com.EK" site_id="809" xmltv_id="Awakening">Awakening</channel>
    <channel update="i" site="tatasky.com.EK" site_id="791" xmltv_id="Fateh TV">Fateh TV</channel>
    <channel update="i" site="tatasky.com.EK" site_id="790" xmltv_id="Ek Onkar">Ek Onkar</channel>
    <channel update="i" site="tatasky.com.EK" site_id="79" xmltv_id="News18 Uttar Pradesh Uttarakhand">News18 Uttar Pradesh Uttarakhand</channel>
    <channel update="i" site="tatasky.com.EK" site_id="166" xmltv_id="News18 Bihar Jharkhand">News18 Bihar Jharkhand</channel>
    <channel update="i" site="tatasky.com.EK" site_id="709" xmltv_id="ABP Ganga">ABP Ganga</channel>
    <channel update="i" site="tatasky.com.EK" site_id="665" xmltv_id="Tata Sky Bhojpuri Sanima">Tata Sky Bhojpuri Sanima</channel>
    <channel update="i" site="tatasky.com.EK" site_id="20" xmltv_id="Zee Bihar Jharkhand">Zee Bihar Jharkhand</channel>
    <channel update="i" site="tatasky.com.EK" site_id="431" xmltv_id="Oscar Movies Bhojpuri">Oscar Movies Bhojpuri</channel>
    <channel update="i" site="tatasky.com.EK" site_id="181" xmltv_id="Bhojpuri Cinema">Bhojpuri Cinema</channel>
    <channel update="i" site="tatasky.com.EK" site_id="12" xmltv_id="Big Ganga">Big Ganga</channel>
    <channel update="i" site="tatasky.com.EK" site_id="350" xmltv_id="Dishum">Dishum</channel>
    <channel update="i" site="tatasky.com.EK" site_id="729" xmltv_id="B4U Bhojpuri">B4U Bhojpuri</channel>
    <channel update="i" site="tatasky.com.EK" site_id="678" xmltv_id="Surya Bhojpuri">Surya Bhojpuri</channel>
    <channel update="i" site="tatasky.com.EK" site_id="814" xmltv_id="Zee Biskope">Zee Biskope</channel>
    <channel update="i" site="tatasky.com.EK" site_id="830" xmltv_id="Filamchi">Filamchi</channel>
    <channel update="i" site="tatasky.com.EK" site_id="827" xmltv_id="Sadhna Plus News">Sadhna Plus News</channel>
    <channel update="i" site="tatasky.com.EK" site_id="205" xmltv_id="News18 Rajasthan">News18 Rajasthan</channel>
    <channel update="i" site="tatasky.com.EK" site_id="583" xmltv_id="Zee Rajasthan News">Zee Rajasthan News</channel>
    <channel update="i" site="tatasky.com.EK" site_id="650" xmltv_id="First India Rajasthan">First India Rajasthan</channel>
    <channel update="i" site="tatasky.com.EK" site_id="203" xmltv_id="News18 Madhya Pradesh Chhattisgarh">News18 Madhya Pradesh Chhattisgarh</channel>
    <channel update="i" site="tatasky.com.EK" site_id="27" xmltv_id="IBC 24">IBC 24</channel>
    <channel update="i" site="tatasky.com.EK" site_id="512" xmltv_id="Zee Madhya Pradesh Chattisgarh">Zee Madhya Pradesh Chattisgarh</channel>
    <channel update="i" site="tatasky.com.EK" site_id="652" xmltv_id="Bansal News">Bansal News</channel>
    <channel update="i" site="tatasky.com.EK" site_id="698" xmltv_id="INH 24X7">INH 24X7</channel>
    <channel update="i" site="tatasky.com.EK" site_id="454" xmltv_id="Sahara Samay MP CG">Sahara Samay MP CG</channel>
    <channel update="i" site="tatasky.com.EK" site_id="829" xmltv_id="Sadhna News MP CG">Sadhna News MP CG</channel>
    <channel update="i" site="tatasky.com.EK" site_id="828" xmltv_id="Bhaskar News">Bhaskar News</channel>
    <channel update="i" site="tatasky.com.EK" site_id="354" xmltv_id="News18 Urdu">News18 Urdu</channel>
    <channel update="i" site="tatasky.com.EK" site_id="518" xmltv_id="Zee Salaam">Zee Salaam</channel>
    <channel update="i" site="tatasky.com.EK" site_id="161" xmltv_id="Channel WIN">Channel WIN</channel>
    <channel update="i" site="tatasky.com.EK" site_id="365" xmltv_id="Gulistan News">Gulistan News</channel>
    <channel update="i" site="tatasky.com.EK" site_id="316" xmltv_id="DD Bharati">DD Bharati</channel>
    <channel update="i" site="tatasky.com.EK" site_id="339" xmltv_id="DD Uttar Pradesh">DD Uttar Pradesh</channel>
    <channel update="i" site="tatasky.com.EK" site_id="317" xmltv_id="DD Bihar">DD Bihar</channel>
    <channel update="i" site="tatasky.com.EK" site_id="330" xmltv_id="DD Madhya Pradesh">DD Madhya Pradesh</channel>
    <channel update="i" site="tatasky.com.EK" site_id="332" xmltv_id="DD Rajasthan">DD Rajasthan</channel>
    <channel update="i" site="tatasky.com.EK" site_id="338" xmltv_id="DD Urdu">DD Urdu</channel>
    <channel update="i" site="tatasky.com.EK" site_id="308" xmltv_id="Colors Marathi HD">Colors Marathi HD</channel>
    <channel update="i" site="tatasky.com.EK" site_id="134" xmltv_id="Colors Marathi">Colors Marathi</channel>
    <channel update="i" site="tatasky.com.EK" site_id="622" xmltv_id="Tata Sky Marathi Cinema">Tata Sky Marathi Cinema</channel>
    <channel update="i" site="tatasky.com.EK" site_id="501" xmltv_id="Zee Marathi HD">Zee Marathi HD</channel>
    <channel update="i" site="tatasky.com.EK" site_id="251" xmltv_id="Zee Marathi">Zee Marathi</channel>
    <channel update="i" site="tatasky.com.EK" site_id="469" xmltv_id="Star Pravah HD">Star Pravah HD</channel>
    <channel update="i" site="tatasky.com.EK" site_id="466" xmltv_id="STAR Pravah">STAR Pravah</channel>
    <channel update="i" site="tatasky.com.EK" site_id="155" xmltv_id="ABP Majha">ABP Majha</channel>
    <channel update="i" site="tatasky.com.EK" site_id="140" xmltv_id="News18 Lokmat">News18 Lokmat</channel>
    <channel update="i" site="tatasky.com.EK" site_id="261" xmltv_id="Zee 24 Taas">Zee 24 Taas</channel>
    <channel update="i" site="tatasky.com.EK" site_id="248" xmltv_id="Zee YUVA">Zee YUVA</channel>
    <channel update="i" site="tatasky.com.EK" site_id="515" xmltv_id="Zee Talkies HD">Zee Talkies HD</channel>
    <channel update="i" site="tatasky.com.EK" site_id="249" xmltv_id="Zee Talkies">Zee Talkies</channel>
    <channel update="i" site="tatasky.com.EK" site_id="747" xmltv_id="Marathi Cinema Offer">Marathi Cinema Offer</channel>
    <channel update="i" site="tatasky.com.EK" site_id="658" xmltv_id="SONY MARATHI">SONY MARATHI</channel>
    <channel update="i" site="tatasky.com.EK" site_id="546" xmltv_id="Saam TV">Saam TV</channel>
    <channel update="i" site="tatasky.com.EK" site_id="74" xmltv_id="9X Jhakaas">9X Jhakaas</channel>
    <channel update="i" site="tatasky.com.EK" site_id="233" xmltv_id="Jai Maharashtra">Jai Maharashtra</channel>
    <channel update="i" site="tatasky.com.EK" site_id="97" xmltv_id="TV9 Marathi">TV9 Marathi</channel>
    <channel update="i" site="tatasky.com.EK" site_id="217" xmltv_id="Sangeet Marathi">Sangeet Marathi</channel>
    <channel update="i" site="tatasky.com.EK" site_id="192" xmltv_id="Fakt Marathi">Fakt Marathi</channel>
    <channel update="i" site="tatasky.com.EK" site_id="800" xmltv_id="Shemaroo MarathiBana">Shemaroo MarathiBana</channel>
    <channel update="i" site="tatasky.com.EK" site_id="711" xmltv_id="AM News">AM News</channel>
    <channel update="i" site="tatasky.com.EK" site_id="826" xmltv_id="Lokshahi">Lokshahi</channel>
    <channel update="i" site="tatasky.com.EK" site_id="819" xmltv_id="RDX Goa">RDX Goa</channel>
    <channel update="i" site="tatasky.com.EK" site_id="807" xmltv_id="In Goa 24x7">In Goa 24x7</channel>
    <channel update="i" site="tatasky.com.EK" site_id="781" xmltv_id="Prudent">Prudent</channel>
    <channel update="i" site="tatasky.com.EK" site_id="336" xmltv_id="DD Sahyadri">DD Sahyadri</channel>
    <channel update="i" site="tatasky.com.EK" site_id="751" xmltv_id="Bangla Cinema Promo">Bangla Cinema Promo</channel>
    <channel update="i" site="tatasky.com.EK" site_id="102" xmltv_id="ABP Ananda">ABP Ananda</channel>
    <channel update="i" site="tatasky.com.EK" site_id="305" xmltv_id="Colors Bangla HD">Colors Bangla HD</channel>
    <channel update="i" site="tatasky.com.EK" site_id="26" xmltv_id="Colors Bangla">Colors Bangla</channel>
    <channel update="i" site="tatasky.com.EK" site_id="753" xmltv_id="Bangla Cinema Promo">Bangla Cinema Promo</channel>
    <channel update="i" site="tatasky.com.EK" site_id="522" xmltv_id="Zee Bangla HD">Zee Bangla HD</channel>
    <channel update="i" site="tatasky.com.EK" site_id="253" xmltv_id="Zee Bangla">Zee Bangla</channel>
    <channel update="i" site="tatasky.com.EK" site_id="614" xmltv_id="TS Bangla Cinema">TS Bangla Cinema</channel>
    <channel update="i" site="tatasky.com.EK" site_id="468" xmltv_id="Star Jalsha HD">Star Jalsha HD</channel>
    <channel update="i" site="tatasky.com.EK" site_id="465" xmltv_id="STAR Jalsha">STAR Jalsha</channel>
    <channel update="i" site="tatasky.com.EK" site_id="129" xmltv_id="Aakaash Aath">Aakaash Aath</channel>
    <channel update="i" site="tatasky.com.EK" site_id="258" xmltv_id="Zee 24 Ghanta">Zee 24 Ghanta</channel>
    <channel update="i" site="tatasky.com.EK" site_id="34" xmltv_id="SONY AATH">SONY AATH</channel>
    <channel update="i" site="tatasky.com.EK" site_id="572" xmltv_id="Jalsha Movies">Jalsha Movies</channel>
    <channel update="i" site="tatasky.com.EK" site_id="537" xmltv_id="Jalsha Movies HD">Jalsha Movies HD</channel>
    <channel update="i" site="tatasky.com.EK" site_id="215" xmltv_id="Sangeet Bangla">Sangeet Bangla</channel>
    <channel update="i" site="tatasky.com.EK" site_id="254" xmltv_id="Zee Bangla Cinema">Zee Bangla Cinema</channel>
    <channel update="i" site="tatasky.com.EK" site_id="703" xmltv_id="Star Sports 1 Bangla">Star Sports 1 Bangla</channel>
    <channel update="i" site="tatasky.com.EK" site_id="381" xmltv_id="Kolkata TV">Kolkata TV</channel>
    <channel update="i" site="tatasky.com.EK" site_id="23" xmltv_id="News18 Bangla">News18 Bangla</channel>
    <channel update="i" site="tatasky.com.EK" site_id="697" xmltv_id="Sun Bangla">Sun Bangla</channel>
    <channel update="i" site="tatasky.com.EK" site_id="3" xmltv_id="Ruposhi Bangla">Ruposhi Bangla</channel>
    <channel update="i" site="tatasky.com.EK" site_id="207" xmltv_id="News Time Bangla">News Time Bangla</channel>
    <channel update="i" site="tatasky.com.EK" site_id="788" xmltv_id="Enterr10 Bangla">Enterr10 Bangla</channel>
    <channel update="i" site="tatasky.com.EK" site_id="311" xmltv_id="CTVN AKD Plus">CTVN AKD Plus</channel>
    <channel update="i" site="tatasky.com.EK" site_id="648" xmltv_id="Calcutta News">Calcutta News</channel>
    <channel update="i" site="tatasky.com.EK" site_id="379" xmltv_id="Khushboo Bangla">Khushboo Bangla</channel>
    <channel update="i" site="tatasky.com.EK" site_id="713" xmltv_id="Bangla Bharat">Bangla Bharat</channel>
    <channel update="i" site="tatasky.com.EK" site_id="821" xmltv_id="Headlines Tripura">Headlines Tripura</channel>
    <channel update="i" site="tatasky.com.EK" site_id="792" xmltv_id="Orange Music">Orange Music</channel>
    <channel update="i" site="tatasky.com.EK" site_id="314" xmltv_id="DD Bangla">DD Bangla</channel>
    <channel update="i" site="tatasky.com.EK" site_id="657" xmltv_id="Tata Sky Telugu Cinema">Tata Sky Telugu Cinema</channel>
    <channel update="i" site="tatasky.com.EK" site_id="362" xmltv_id="Gemini Movies HD">Gemini Movies HD</channel>
    <channel update="i" site="tatasky.com.EK" site_id="162" xmltv_id="Gemini Movies">Gemini Movies</channel>
    <channel update="i" site="tatasky.com.EK" site_id="596" xmltv_id="Sakshi TV">Sakshi TV</channel>
    <channel update="i" site="tatasky.com.EK" site_id="635" xmltv_id="Zee Telugu HD">Zee Telugu HD</channel>
    <channel update="i" site="tatasky.com.EK" site_id="250" xmltv_id="Zee Telugu">Zee Telugu</channel>
    <channel update="i" site="tatasky.com.EK" site_id="355" xmltv_id="Gemini TV HD">Gemini TV HD</channel>
    <channel update="i" site="tatasky.com.EK" site_id="195" xmltv_id="Gemini TV">Gemini TV</channel>
    <channel update="i" site="tatasky.com.EK" site_id="361" xmltv_id="Gemini Life">Gemini Life</channel>
    <channel update="i" site="tatasky.com.EK" site_id="363" xmltv_id="Gemini Music">Gemini Music</channel>
    <channel update="i" site="tatasky.com.EK" site_id="359" xmltv_id="ETV HD">ETV HD</channel>
    <channel update="i" site="tatasky.com.EK" site_id="145" xmltv_id="ETV Telugu">ETV Telugu</channel>
    <channel update="i" site="tatasky.com.EK" site_id="146" xmltv_id="ETV Andhra Pradesh">ETV Andhra Pradesh</channel>
    <channel update="i" site="tatasky.com.EK" site_id="688" xmltv_id="Star Sports 1 Telugu">Star Sports 1 Telugu</channel>
    <channel update="i" site="tatasky.com.EK" site_id="516" xmltv_id="STAR Maa HD">STAR Maa HD</channel>
    <channel update="i" site="tatasky.com.EK" site_id="538" xmltv_id="MAA TV">MAA TV</channel>
    <channel update="i" site="tatasky.com.EK" site_id="645" xmltv_id="Tata Sky English in Telugu">Tata Sky English in Telugu</channel>
    <channel update="i" site="tatasky.com.EK" site_id="320" xmltv_id="TV5 News">TV5 News</channel>
    <channel update="i" site="tatasky.com.EK" site_id="11" xmltv_id="TV9 Telugu">TV9 Telugu</channel>
    <channel update="i" site="tatasky.com.EK" site_id="160" xmltv_id="NTV Telugu">NTV Telugu</channel>
    <channel update="i" site="tatasky.com.EK" site_id="387" xmltv_id="Star Maa Movies HD">Star Maa Movies HD</channel>
    <channel update="i" site="tatasky.com.EK" site_id="277" xmltv_id="Star Maa Movies">Star Maa Movies</channel>
    <channel update="i" site="tatasky.com.EK" site_id="388" xmltv_id="Star Maa Gold">Star Maa Gold</channel>
    <channel update="i" site="tatasky.com.EK" site_id="225" xmltv_id="ABN Andhra Jyothy">ABN Andhra Jyothy</channel>
    <channel update="i" site="tatasky.com.EK" site_id="49" xmltv_id="T News">T News</channel>
    <channel update="i" site="tatasky.com.EK" site_id="389" xmltv_id="Maa Music">Maa Music</channel>
    <channel update="i" site="tatasky.com.EK" site_id="274" xmltv_id="V6 News">V6 News</channel>
    <channel update="i" site="tatasky.com.EK" site_id="360" xmltv_id="Gemini Comedy">Gemini Comedy</channel>
    <channel update="i" site="tatasky.com.EK" site_id="590" xmltv_id="NT9">NT9</channel>
    <channel update="i" site="tatasky.com.EK" site_id="290" xmltv_id="Bhakti TV">Bhakti TV</channel>
    <channel update="i" site="tatasky.com.EK" site_id="445" xmltv_id="Shubhavaarta TV">Shubhavaarta TV</channel>
    <channel update="i" site="tatasky.com.EK" site_id="83" xmltv_id="ETV Telengana">ETV Telengana</channel>
    <channel update="i" site="tatasky.com.EK" site_id="349" xmltv_id="HM TV">HM TV</channel>
    <channel update="i" site="tatasky.com.EK" site_id="128" xmltv_id="ETV Cinema">ETV Cinema</channel>
    <channel update="i" site="tatasky.com.EK" site_id="352" xmltv_id="ETV Plus">ETV Plus</channel>
    <channel update="i" site="tatasky.com.EK" site_id="268" xmltv_id="ETV Life">ETV Life</channel>
    <channel update="i" site="tatasky.com.EK" site_id="358" xmltv_id="ETV Abhiruchi">ETV Abhiruchi</channel>
    <channel update="i" site="tatasky.com.EK" site_id="636" xmltv_id="Zee Cinemalu HD">Zee Cinemalu HD</channel>
    <channel update="i" site="tatasky.com.EK" site_id="252" xmltv_id="Zee Cinemalu">Zee Cinemalu</channel>
    <channel update="i" site="tatasky.com.EK" site_id="430" xmltv_id="Raj News Telugu">Raj News Telugu</channel>
    <channel update="i" site="tatasky.com.EK" site_id="585" xmltv_id="Vissa TV">Vissa TV</channel>
    <channel update="i" site="tatasky.com.EK" site_id="266" xmltv_id="10 TV">10 TV</channel>
    <channel update="i" site="tatasky.com.EK" site_id="285" xmltv_id="Aradana TV">Aradana TV</channel>
    <channel update="i" site="tatasky.com.EK" site_id="495" xmltv_id="Vanitha TV">Vanitha TV</channel>
    <channel update="i" site="tatasky.com.EK" site_id="429" xmltv_id="Raj Musix Telugu">Raj Musix Telugu</channel>
    <channel update="i" site="tatasky.com.EK" site_id="487" xmltv_id="TV1">TV1</channel>
    <channel update="i" site="tatasky.com.EK" site_id="351" xmltv_id="Swara Sagar">Swara Sagar</channel>
    <channel update="i" site="tatasky.com.EK" site_id="630" xmltv_id="Hindu Dharmam">Hindu Dharmam</channel>
    <channel update="i" site="tatasky.com.EK" site_id="802" xmltv_id="Studio One +">Studio One +</channel>
    <channel update="i" site="tatasky.com.EK" site_id="700" xmltv_id="99 Percent">99 Percent</channel>
    <channel update="i" site="tatasky.com.EK" site_id="774" xmltv_id="4tv News">4tv News</channel>
    <channel update="i" site="tatasky.com.EK" site_id="450" xmltv_id="SVBC Telugu">SVBC Telugu</channel>
    <channel update="i" site="tatasky.com.EK" site_id="337" xmltv_id="DD Saptagiri">DD Saptagiri</channel>
    <channel update="i" site="tatasky.com.EK" site_id="548" xmltv_id="DD Yadagiri">DD Yadagiri</channel>
    <channel update="i" site="tatasky.com.EK" site_id="663" xmltv_id="Tata Sky Tamil Cinema">Tata Sky Tamil Cinema</channel>
    <channel update="i" site="tatasky.com.EK" site_id="521" xmltv_id="Sun TV HD">Sun TV HD</channel>
    <channel update="i" site="tatasky.com.EK" site_id="165" xmltv_id="Sun TV">Sun TV</channel>
    <channel update="i" site="tatasky.com.EK" site_id="752" xmltv_id="Tamil Cinema Offer">Tamil Cinema Offer</channel>
    <channel update="i" site="tatasky.com.EK" site_id="380" xmltv_id="KTV HD">KTV HD</channel>
    <channel update="i" site="tatasky.com.EK" site_id="147" xmltv_id="KTV">KTV</channel>
    <channel update="i" site="tatasky.com.EK" site_id="474" xmltv_id="Sun Life">Sun Life</channel>
    <channel update="i" site="tatasky.com.EK" site_id="520" xmltv_id="Sun Music HD">Sun Music HD</channel>
    <channel update="i" site="tatasky.com.EK" site_id="511" xmltv_id="Sun Music">Sun Music</channel>
    <channel update="i" site="tatasky.com.EK" site_id="754" xmltv_id="Tamil Cinema Offer">Tamil Cinema Offer</channel>
    <channel update="i" site="tatasky.com.EK" site_id="77" xmltv_id="Star Sports 1 Tamil">Star Sports 1 Tamil</channel>
    <channel update="i" site="tatasky.com.EK" site_id="496" xmltv_id="Star Vijay HD">Star Vijay HD</channel>
    <channel update="i" site="tatasky.com.EK" site_id="527" xmltv_id="STAR Vijay">STAR Vijay</channel>
    <channel update="i" site="tatasky.com.EK" site_id="708" xmltv_id="Jaya TV HD">Jaya TV HD</channel>
    <channel update="i" site="tatasky.com.EK" site_id="608" xmltv_id="Zee Tamil HD">Zee Tamil HD</channel>
    <channel update="i" site="tatasky.com.EK" site_id="257" xmltv_id="Zee Tamil">Zee Tamil</channel>
    <channel update="i" site="tatasky.com.EK" site_id="200" xmltv_id="Kalaignar TV">Kalaignar TV</channel>
    <channel update="i" site="tatasky.com.EK" site_id="439" xmltv_id="Raj TV">Raj TV</channel>
    <channel update="i" site="tatasky.com.EK" site_id="647" xmltv_id="Isaiaruvi">Isaiaruvi</channel>
    <channel update="i" site="tatasky.com.EK" site_id="284" xmltv_id="Adithya TV">Adithya TV</channel>
    <channel update="i" site="tatasky.com.EK" site_id="220" xmltv_id="Puthiya Thalaimurai">Puthiya Thalaimurai</channel>
    <channel update="i" site="tatasky.com.EK" site_id="499" xmltv_id="Vasanth TV">Vasanth TV</channel>
    <channel update="i" site="tatasky.com.EK" site_id="411" xmltv_id="Murasu TV">Murasu TV</channel>
    <channel update="i" site="tatasky.com.EK" site_id="199" xmltv_id="Jaya Max">Jaya Max</channel>
    <channel update="i" site="tatasky.com.EK" site_id="611" xmltv_id="Sirippoli">Sirippoli</channel>
    <channel update="i" site="tatasky.com.EK" site_id="272" xmltv_id="Polimer TV">Polimer TV</channel>
    <channel update="i" site="tatasky.com.EK" site_id="524" xmltv_id="Thanthi TV">Thanthi TV</channel>
    <channel update="i" site="tatasky.com.EK" site_id="392" xmltv_id="Makkal TV">Makkal TV</channel>
    <channel update="i" site="tatasky.com.EK" site_id="198" xmltv_id="Jaya Plus">Jaya Plus</channel>
    <channel update="i" site="tatasky.com.EK" site_id="99" xmltv_id="D Tamil">D Tamil</channel>
    <channel update="i" site="tatasky.com.EK" site_id="201" xmltv_id="J Movies">J Movies</channel>
    <channel update="i" site="tatasky.com.EK" site_id="723" xmltv_id="Tamil Naaptol">Tamil Naaptol</channel>
    <channel update="i" site="tatasky.com.EK" site_id="443" xmltv_id="Sun News">Sun News</channel>
    <channel update="i" site="tatasky.com.EK" site_id="21" xmltv_id="News 7 Tamil">News 7 Tamil</channel>
    <channel update="i" site="tatasky.com.EK" site_id="37" xmltv_id="Mega TV">Mega TV</channel>
    <channel update="i" site="tatasky.com.EK" site_id="509" xmltv_id="Polimer News">Polimer News</channel>
    <channel update="i" site="tatasky.com.EK" site_id="275" xmltv_id="Vijay Super">Vijay Super</channel>
    <channel update="i" site="tatasky.com.EK" site_id="58" xmltv_id="News18 Tamil Nadu">News18 Tamil Nadu</channel>
    <channel update="i" site="tatasky.com.EK" site_id="44" xmltv_id="Seithigal">Seithigal</channel>
    <channel update="i" site="tatasky.com.EK" site_id="426" xmltv_id="Raj Digital Plus">Raj Digital Plus</channel>
    <channel update="i" site="tatasky.com.EK" site_id="425" xmltv_id="Raj Musix">Raj Musix</channel>
    <channel update="i" site="tatasky.com.EK" site_id="674" xmltv_id="Colors Tamil HD">Colors Tamil HD</channel>
    <channel update="i" site="tatasky.com.EK" site_id="418" xmltv_id="Colors Tamil">Colors Tamil</channel>
    <channel update="i" site="tatasky.com.EK" site_id="525" xmltv_id="Raj News Tamil">Raj News Tamil</channel>
    <channel update="i" site="tatasky.com.EK" site_id="390" xmltv_id="Madha TV">Madha TV</channel>
    <channel update="i" site="tatasky.com.EK" site_id="282" xmltv_id="Angel TV">Angel TV</channel>
    <channel update="i" site="tatasky.com.EK" site_id="455" xmltv_id="Sathiyam TV">Sathiyam TV</channel>
    <channel update="i" site="tatasky.com.EK" site_id="391" xmltv_id="MalaiMurasu Seithigal">MalaiMurasu Seithigal</channel>
    <channel update="i" site="tatasky.com.EK" site_id="299" xmltv_id="Captain News">Captain News</channel>
    <channel update="i" site="tatasky.com.EK" site_id="421" xmltv_id="Peppers TV">Peppers TV</channel>
    <channel update="i" site="tatasky.com.EK" site_id="400" xmltv_id="Mega Musiq">Mega Musiq</channel>
    <channel update="i" site="tatasky.com.EK" site_id="396" xmltv_id="Mega 24">Mega 24</channel>
    <channel update="i" site="tatasky.com.EK" site_id="434" xmltv_id="Sahana TV">Sahana TV</channel>
    <channel update="i" site="tatasky.com.EK" site_id="408" xmltv_id="Nambikkai TV">Nambikkai TV</channel>
    <channel update="i" site="tatasky.com.EK" site_id="563" xmltv_id="Moon TV">Moon TV</channel>
    <channel update="i" site="tatasky.com.EK" site_id="444" xmltv_id="Travelxp Tamil">Travelxp Tamil</channel>
    <channel update="i" site="tatasky.com.EK" site_id="519" xmltv_id="Win TV">Win TV</channel>
    <channel update="i" site="tatasky.com.EK" site_id="659" xmltv_id="Vendhar TV">Vendhar TV</channel>
    <channel update="i" site="tatasky.com.EK" site_id="702" xmltv_id="News J">News J</channel>
    <channel update="i" site="tatasky.com.EK" site_id="490" xmltv_id="SVBC 2">SVBC 2</channel>
    <channel update="i" site="tatasky.com.EK" site_id="334" xmltv_id="DD Podhigai">DD Podhigai</channel>
    <channel update="i" site="tatasky.com.EK" site_id="785" xmltv_id="Tata Sky Kannada Cinema">Tata Sky Kannada Cinema</channel>
    <channel update="i" site="tatasky.com.EK" site_id="492" xmltv_id="Udaya TV HD">Udaya TV HD</channel>
    <channel update="i" site="tatasky.com.EK" site_id="76" xmltv_id="Udaya TV">Udaya TV</channel>
    <channel update="i" site="tatasky.com.EK" site_id="231" xmltv_id="Udaya Movies">Udaya Movies</channel>
    <channel update="i" site="tatasky.com.EK" site_id="612" xmltv_id="Colors Kannada HD">Colors Kannada HD</channel>
    <channel update="i" site="tatasky.com.EK" site_id="108" xmltv_id="Colors Kannada">Colors Kannada</channel>
    <channel update="i" site="tatasky.com.EK" site_id="152" xmltv_id="TV9 Kannada">TV9 Kannada</channel>
    <channel update="i" site="tatasky.com.EK" site_id="442" xmltv_id="Udaya Music">Udaya Music</channel>
    <channel update="i" site="tatasky.com.EK" site_id="467" xmltv_id="Star Suvarna HD">Star Suvarna HD</channel>
    <channel update="i" site="tatasky.com.EK" site_id="579" xmltv_id="Suvarna">Suvarna</channel>
    <channel update="i" site="tatasky.com.EK" site_id="675" xmltv_id="Zee Kannada HD">Zee Kannada HD</channel>
    <channel update="i" site="tatasky.com.EK" site_id="256" xmltv_id="Zee Kannada">Zee Kannada</channel>
    <channel update="i" site="tatasky.com.EK" site_id="196" xmltv_id="Kasthuri">Kasthuri</channel>
    <channel update="i" site="tatasky.com.EK" site_id="555" xmltv_id="Suvarna News 24x7">Suvarna News 24x7</channel>
    <channel update="i" site="tatasky.com.EK" site_id="491" xmltv_id="Udaya Comedy">Udaya Comedy</channel>
    <channel update="i" site="tatasky.com.EK" site_id="33" xmltv_id="Public TV">Public TV</channel>
    <channel update="i" site="tatasky.com.EK" site_id="540" xmltv_id="Star Suvarna Plus">Star Suvarna Plus</channel>
    <channel update="i" site="tatasky.com.EK" site_id="85" xmltv_id="News18 Kannada">News18 Kannada</channel>
    <channel update="i" site="tatasky.com.EK" site_id="667" xmltv_id="Colors Kannada Cinema">Colors Kannada Cinema</channel>
    <channel update="i" site="tatasky.com.EK" site_id="533" xmltv_id="Colors SUPER">Colors SUPER</channel>
    <channel update="i" site="tatasky.com.EK" site_id="629" xmltv_id="TV5 Kannada">TV5 Kannada</channel>
    <channel update="i" site="tatasky.com.EK" site_id="566" xmltv_id="Kannada Naaptol">Kannada Naaptol</channel>
    <channel update="i" site="tatasky.com.EK" site_id="427" xmltv_id="Raj Musix Kannada">Raj Musix Kannada</channel>
    <channel update="i" site="tatasky.com.EK" site_id="477" xmltv_id="Sri Sankara TV">Sri Sankara TV</channel>
    <channel update="i" site="tatasky.com.EK" site_id="690" xmltv_id="Star Sports 1 Kannada">Star Sports 1 Kannada</channel>
    <channel update="i" site="tatasky.com.EK" site_id="424" xmltv_id="Public Music">Public Music</channel>
    <channel update="i" site="tatasky.com.EK" site_id="510" xmltv_id="Raj News Kannada">Raj News Kannada</channel>
    <channel update="i" site="tatasky.com.EK" site_id="810" xmltv_id="Zee Picchar">Zee Picchar</channel>
    <channel update="i" site="tatasky.com.EK" site_id="342" xmltv_id="Dighvijay 24x7 News">Dighvijay 24x7 News</channel>
    <channel update="i" site="tatasky.com.EK" site_id="660" xmltv_id="Ayush TV">Ayush TV</channel>
    <channel update="i" site="tatasky.com.EK" site_id="661" xmltv_id="Public Movies">Public Movies</channel>
    <channel update="i" site="tatasky.com.EK" site_id="824" xmltv_id="Power TV">Power TV</channel>
    <channel update="i" site="tatasky.com.EK" site_id="782" xmltv_id="Namma TV">Namma TV</channel>
    <channel update="i" site="tatasky.com.EK" site_id="569" xmltv_id="SVBC Kannada">SVBC Kannada</channel>
    <channel update="i" site="tatasky.com.EK" site_id="321" xmltv_id="DD Chandana">DD Chandana</channel>
    <channel update="i" site="tatasky.com.EK" site_id="772" xmltv_id="Tata Sky Gujarati Cinema">Tata Sky Gujarati Cinema</channel>
    <channel update="i" site="tatasky.com.EK" site_id="107" xmltv_id="Colors Gujarati">Colors Gujarati</channel>
    <channel update="i" site="tatasky.com.EK" site_id="692" xmltv_id="Colors Gujarati Cinema">Colors Gujarati Cinema</channel>
    <channel update="i" site="tatasky.com.EK" site_id="489" xmltv_id="TV9 Gujarati">TV9 Gujarati</channel>
    <channel update="i" site="tatasky.com.EK" site_id="552" xmltv_id="Gujarat Samachar TV">Gujarat Samachar TV</channel>
    <channel update="i" site="tatasky.com.EK" site_id="586" xmltv_id="Sandesh News">Sandesh News</channel>
    <channel update="i" site="tatasky.com.EK" site_id="303" xmltv_id="CNBC Bajaar">CNBC Bajaar</channel>
    <channel update="i" site="tatasky.com.EK" site_id="6" xmltv_id="News18 Gujarati">News18 Gujarati</channel>
    <channel update="i" site="tatasky.com.EK" site_id="73" xmltv_id="ABP Asmita">ABP Asmita</channel>
    <channel update="i" site="tatasky.com.EK" site_id="497" xmltv_id="VTV Gujarati">VTV Gujarati</channel>
    <channel update="i" site="tatasky.com.EK" site_id="507" xmltv_id="Zee 24 Kalak">Zee 24 Kalak</channel>
    <channel update="i" site="tatasky.com.EK" site_id="654" xmltv_id="India News Gujarat">India News Gujarat</channel>
    <channel update="i" site="tatasky.com.EK" site_id="323" xmltv_id="DD Girnar">DD Girnar</channel>
    <channel update="i" site="tatasky.com.EK" site_id="115" xmltv_id="Colors Oriya">Colors Oriya</channel>
    <channel update="i" site="tatasky.com.EK" site_id="237" xmltv_id="Tarang TV">Tarang TV</channel>
    <channel update="i" site="tatasky.com.EK" site_id="50" xmltv_id="Tarang Music">Tarang Music</channel>
    <channel update="i" site="tatasky.com.EK" site_id="419" xmltv_id="OTV">OTV</channel>
    <channel update="i" site="tatasky.com.EK" site_id="597" xmltv_id="Zee Sarthak">Zee Sarthak</channel>
    <channel update="i" site="tatasky.com.EK" site_id="568" xmltv_id="Prarthana TV">Prarthana TV</channel>
    <channel update="i" site="tatasky.com.EK" site_id="262" xmltv_id="Zee Odisha">Zee Odisha</channel>
    <channel update="i" site="tatasky.com.EK" site_id="376" xmltv_id="Kanak News">Kanak News</channel>
    <channel update="i" site="tatasky.com.EK" site_id="375" xmltv_id="Kalinga TV">Kalinga TV</channel>
    <channel update="i" site="tatasky.com.EK" site_id="448" xmltv_id="Prameya News 7">Prameya News 7</channel>
    <channel update="i" site="tatasky.com.EK" site_id="41" xmltv_id="News18 Odia">News18 Odia</channel>
    <channel update="i" site="tatasky.com.EK" site_id="28" xmltv_id="Alankar">Alankar</channel>
    <channel update="i" site="tatasky.com.EK" site_id="805" xmltv_id="Nandighosha TV">Nandighosha TV</channel>
    <channel update="i" site="tatasky.com.EK" site_id="822" xmltv_id="Manjari">Manjari</channel>
    <channel update="i" site="tatasky.com.EK" site_id="333" xmltv_id="DD Odia">DD Odia</channel>
    <channel update="i" site="tatasky.com.EK" site_id="479" xmltv_id="Surya HD">Surya HD</channel>
    <channel update="i" site="tatasky.com.EK" site_id="230" xmltv_id="Surya TV">Surya TV</channel>
    <channel update="i" site="tatasky.com.EK" site_id="229" xmltv_id="Surya Movies">Surya Movies</channel>
    <channel update="i" site="tatasky.com.EK" site_id="292" xmltv_id="Asianet HD">Asianet HD</channel>
    <channel update="i" site="tatasky.com.EK" site_id="289" xmltv_id="Asianet">Asianet</channel>
    <channel update="i" site="tatasky.com.EK" site_id="532" xmltv_id="Asianet News">Asianet News</channel>
    <channel update="i" site="tatasky.com.EK" site_id="294" xmltv_id="Asianet Plus">Asianet Plus</channel>
    <channel update="i" site="tatasky.com.EK" site_id="293" xmltv_id="Asianet Movies">Asianet Movies</channel>
    <channel update="i" site="tatasky.com.EK" site_id="178" xmltv_id="Amrita TV">Amrita TV</channel>
    <channel update="i" site="tatasky.com.EK" site_id="395" xmltv_id="Mazhavil Manorama HD">Mazhavil Manorama HD</channel>
    <channel update="i" site="tatasky.com.EK" site_id="31" xmltv_id="Mazhavil Manorama">Mazhavil Manorama</channel>
    <channel update="i" site="tatasky.com.EK" site_id="211" xmltv_id="People TV">People TV</channel>
    <channel update="i" site="tatasky.com.EK" site_id="25" xmltv_id="Kairali TV">Kairali TV</channel>
    <channel update="i" site="tatasky.com.EK" site_id="694" xmltv_id="Zee Keralam HD">Zee Keralam HD</channel>
    <channel update="i" site="tatasky.com.EK" site_id="684" xmltv_id="Zee Keralam">Zee Keralam</channel>
    <channel update="i" site="tatasky.com.EK" site_id="87" xmltv_id="Manorama News">Manorama News</channel>
    <channel update="i" site="tatasky.com.EK" site_id="394" xmltv_id="Mathrubhumi News">Mathrubhumi News</channel>
    <channel update="i" site="tatasky.com.EK" site_id="370" xmltv_id="Jaihind TV">Jaihind TV</channel>
    <channel update="i" site="tatasky.com.EK" site_id="372" xmltv_id="Jeevan TV">Jeevan TV</channel>
    <channel update="i" site="tatasky.com.EK" site_id="377" xmltv_id="Kappa TV">Kappa TV</channel>
    <channel update="i" site="tatasky.com.EK" site_id="483" xmltv_id="Surya Music">Surya Music</channel>
    <channel update="i" site="tatasky.com.EK" site_id="10" xmltv_id="Flowers">Flowers</channel>
    <channel update="i" site="tatasky.com.EK" site_id="436" xmltv_id="Safari TV">Safari TV</channel>
    <channel update="i" site="tatasky.com.EK" site_id="269" xmltv_id="Goodness TV">Goodness TV</channel>
    <channel update="i" site="tatasky.com.EK" site_id="576" xmltv_id="Media One">Media One</channel>
    <channel update="i" site="tatasky.com.EK" site_id="270" xmltv_id="Janam TV">Janam TV</channel>
    <channel update="i" site="tatasky.com.EK" site_id="356" xmltv_id="God TV">God TV</channel>
    <channel update="i" site="tatasky.com.EK" site_id="457" xmltv_id="Shalom TV">Shalom TV</channel>
    <channel update="i" site="tatasky.com.EK" site_id="378" xmltv_id="Kaumudy TV">Kaumudy TV</channel>
    <channel update="i" site="tatasky.com.EK" site_id="553" xmltv_id="We TV">We TV</channel>
    <channel update="i" site="tatasky.com.EK" site_id="66" xmltv_id="News18 Kerala">News18 Kerala</channel>
    <channel update="i" site="tatasky.com.EK" site_id="348" xmltv_id="ATE TV">ATE TV</channel>
    <channel update="i" site="tatasky.com.EK" site_id="541" xmltv_id="Raj Musix Malayalam">Raj Musix Malayalam</channel>
    <channel update="i" site="tatasky.com.EK" site_id="428" xmltv_id="Raj News Malayalam">Raj News Malayalam</channel>
    <channel update="i" site="tatasky.com.EK" site_id="481" xmltv_id="Surya Comedy">Surya Comedy</channel>
    <channel update="i" site="tatasky.com.EK" site_id="799" xmltv_id="Twenty Four">Twenty Four</channel>
    <channel update="i" site="tatasky.com.EK" site_id="820" xmltv_id="KITE Victers">KITE Victers</channel>
    <channel update="i" site="tatasky.com.EK" site_id="218" xmltv_id="SVBC Telugu">SVBC Telugu</channel>
    <channel update="i" site="tatasky.com.EK" site_id="328" xmltv_id="DD Malayalam">DD Malayalam</channel>
    <channel update="i" site="tatasky.com.EK" site_id="399" xmltv_id="MH One">MH One</channel>
    <channel update="i" site="tatasky.com.EK" site_id="580" xmltv_id="Zee Punjab Haryana Himachal Pradesh">Zee Punjab Haryana Himachal Pradesh</channel>
    <channel update="i" site="tatasky.com.EK" site_id="91" xmltv_id="PTC News">PTC News</channel>
    <channel update="i" site="tatasky.com.EK" site_id="232" xmltv_id="News18 Punjab Haryana Himachal">News18 Punjab Haryana Himachal</channel>
    <channel update="i" site="tatasky.com.EK" site_id="571" xmltv_id="TS Punjab De Rang">TS Punjab De Rang</channel>
    <channel update="i" site="tatasky.com.EK" site_id="122" xmltv_id="PTC Punjabi">PTC Punjabi</channel>
    <channel update="i" site="tatasky.com.EK" site_id="92" xmltv_id="PTC Chak De">PTC Chak De</channel>
    <channel update="i" site="tatasky.com.EK" site_id="62" xmltv_id="9X Tashan">9X Tashan</channel>
    <channel update="i" site="tatasky.com.EK" site_id="193" xmltv_id="Chardikla Time TV">Chardikla Time TV</channel>
    <channel update="i" site="tatasky.com.EK" site_id="366" xmltv_id="India News Punjab">India News Punjab</channel>
    <channel update="i" site="tatasky.com.EK" site_id="393" xmltv_id="Manoranjan Movies">Manoranjan Movies</channel>
    <channel update="i" site="tatasky.com.EK" site_id="624" xmltv_id="Pitaara TV">Pitaara TV</channel>
    <channel update="i" site="tatasky.com.EK" site_id="773" xmltv_id="PTC Simran">PTC Simran</channel>
    <channel update="i" site="tatasky.com.EK" site_id="787" xmltv_id="ANB NEWS">ANB NEWS</channel>
    <channel update="i" site="tatasky.com.EK" site_id="793" xmltv_id="Living India News">Living India News</channel>
    <channel update="i" site="tatasky.com.EK" site_id="794" xmltv_id="PTC Punjabi Gold">PTC Punjabi Gold</channel>
    <channel update="i" site="tatasky.com.EK" site_id="795" xmltv_id="Balle Balle">Balle Balle</channel>
    <channel update="i" site="tatasky.com.EK" site_id="796" xmltv_id="Zee Punjabi">Zee Punjabi</channel>
    <channel update="i" site="tatasky.com.EK" site_id="335" xmltv_id="DD Punjabi">DD Punjabi</channel>
    <channel update="i" site="tatasky.com.EK" site_id="806" xmltv_id="Boogle Bollywood">Boogle Bollywood</channel>
    <channel update="i" site="tatasky.com.EK" site_id="353" xmltv_id="DY 365">DY 365</channel>
    <channel update="i" site="tatasky.com.EK" site_id="68" xmltv_id="News18 Assam North East">News18 Assam North East</channel>
    <channel update="i" site="tatasky.com.EK" site_id="226" xmltv_id="News Live">News Live</channel>
    <channel update="i" site="tatasky.com.EK" site_id="567" xmltv_id="Nepal 1">Nepal 1</channel>
    <channel update="i" site="tatasky.com.EK" site_id="101" xmltv_id="Rang">Rang</channel>
    <channel update="i" site="tatasky.com.EK" site_id="449" xmltv_id="Ramdhenu">Ramdhenu</channel>
    <channel update="i" site="tatasky.com.EK" site_id="221" xmltv_id="Protidin Time">Protidin Time</channel>
    <channel update="i" site="tatasky.com.EK" site_id="423" xmltv_id="Prag News">Prag News</channel>
    <channel update="i" site="tatasky.com.EK" site_id="214" xmltv_id="Rengoni TV">Rengoni TV</channel>
    <channel update="i" site="tatasky.com.EK" site_id="417" xmltv_id="North East Live">North East Live</channel>
    <channel update="i" site="tatasky.com.EK" site_id="368" xmltv_id="Indradhanu">Indradhanu</channel>
    <channel update="i" site="tatasky.com.EK" site_id="833" xmltv_id="DD Port Blair">DD Port Blair</channel>
    <channel update="i" site="tatasky.com.EK" site_id="758" xmltv_id="DD Arunprabha">DD Arunprabha</channel>
    <channel update="i" site="tatasky.com.EK" site_id="329" xmltv_id="DD Manipur">DD Manipur</channel>
    <channel update="i" site="tatasky.com.EK" site_id="331" xmltv_id="DD North East">DD North East</channel>
    <channel update="i" site="tatasky.com.EK" site_id="325" xmltv_id="DD Kashir">DD Kashir</channel>
    <channel update="i" site="tatasky.com.EK" site_id="759" xmltv_id="INSAT">INSAT</channel>
    <channel update="i" site="tatasky.com.EK" site_id="760" xmltv_id="GSAT">GSAT</channel>
    <channel update="i" site="tatasky.com.EK" site_id="761" xmltv_id="Tata Sky Classroom">Tata Sky Classroom</channel>
    <channel update="i" site="tatasky.com.EK" site_id="75" xmltv_id="Tata Sky Acting Adda">Tata Sky Acting Adda</channel>
  </channels>
</site>