﻿<?xml version="1.0" encoding="UTF-8"?>
<site generator-info-name="WebGrab+Plus/w MDB &amp; REX Postprocess -- version V3.0.3.1 -- Jan van Straaten" site="a1.hr">
  <channels>
    <channel update="i" site="a1.hr" site_id="7413##htv1_hd/72850-1-cro-HR/htv1_hd.png" xmltv_id="HTV1 HD">HTV1 HD</channel>
    <channel update="i" site="a1.hr" site_id="7414##htv2_hd/72873-1-cro-HR/htv2_hd.png" xmltv_id="HTV2 HD">HTV2 HD</channel>
    <channel update="i" site="a1.hr" site_id="7406##rtl3/72689-5-cro-HR/rtl.png" xmltv_id="RTL">RTL</channel>
    <channel update="i" site="a1.hr" site_id="7415##nova_tv_hd/72896-1-cro-HR/nova_tv_hd.png" xmltv_id="NOVA TV HD">NOVA TV HD</channel>
    <channel update="i" site="a1.hr" site_id="7407##rtl22/72712-4-cro-HR/rtl2.png" xmltv_id="RTL2">RTL2</channel>
    <channel update="i" site="a1.hr" site_id="7416##doma_tv_hd2/72919-1-cro-HR/doma_tv_hd.png" xmltv_id="DOMA TV HD">DOMA TV HD</channel>
    <channel update="i" site="a1.hr" site_id="7417##htv3_hd/72942-1-cro-HR/htv3_hd.png" xmltv_id="HTV3 HD">HTV3 HD</channel>
    <channel update="i" site="a1.hr" site_id="7418##htv4_hd/72965-1-cro-HR/htv4_hd.png" xmltv_id="HTV4 HD">HTV4 HD</channel>
    <channel update="i" site="a1.hr" site_id="7408##rtl_kockica2/72735-1-cro-HR/rtl_kockica.png" xmltv_id="RTL Kockica">RTL Kockica</channel>
    <channel update="i" site="a1.hr" site_id="65##mini_tv/283-4-cro-HR/mini_tv.png" xmltv_id="MINI TV">MINI TV</channel>
    <channel update="i" site="a1.hr" site_id="7402##bbc_first/72597-1-cro-HR/bbc_first.png" xmltv_id="BBC First">BBC First</channel>
    <channel update="i" site="a1.hr" site_id="173##rtl_living/1419-12-cro-HR/rtl_living.png" xmltv_id="RTL LIVING">RTL LIVING</channel>
    <channel update="i" site="a1.hr" site_id="962##info_kanal/9645-9-cro-HR/info_kanal.png" xmltv_id="INFO KANAL">INFO KANAL</channel>
    <channel update="i" site="a1.hr" site_id="963##b_net_mozaik/9662-8-cro-HR/b_net_mozaik.png" xmltv_id="B.NET MOZAIK">B.NET MOZAIK</channel>
    <channel update="i" site="a1.hr" site_id="965##n1/9696-10-cro-HR/n1.png" xmltv_id="N1">N1</channel>
    <channel update="i" site="a1.hr" site_id="937##sportska_tv/9280-9-cro-HR/sportska_tv.png" xmltv_id="SPORTSKA TV">SPORTSKA TV</channel>
    <channel update="i" site="a1.hr" site_id="987##jabuka_tv/10055-3-cro-HR/jabuka_tv.png" xmltv_id="JABUKA TV">JABUKA TV</channel>
    <channel update="i" site="a1.hr" site_id="986##z1/10038-4-cro-HR/z1.png" xmltv_id="Z1">Z1</channel>
    <channel update="i" site="a1.hr" site_id="970##mrezazg/9766-6-cro-HR/mrezazg.png" xmltv_id="MREŽAZG">MREŽAZG</channel>
    <channel update="i" site="a1.hr" site_id="908##national_geographic/8852-9-cro-HR/national_geographic.png" xmltv_id="NATIONAL GEOGRAPHIC">NATIONAL GEOGRAPHIC</channel>
    <channel update="i" site="a1.hr" site_id="7139##docubox/68570-2-cro-HR/docubox.png" xmltv_id="DOCUBOX">DOCUBOX</channel>
    <channel update="i" site="a1.hr" site_id="7137##dokutv/68524-1-cro-HR/dokutv.png" xmltv_id="DOKUTV">DOKUTV</channel>
    <channel update="i" site="a1.hr" site_id="7178##dokutv_hd/69451-1-cro-HR/dokutv_hd.png" xmltv_id="DOKUTV HD">DOKUTV HD</channel>
    <channel update="i" site="a1.hr" site_id="7140##planet_earth/68593-2-cro-HR/planet_earth.png" xmltv_id="Planet Earth">Planet Earth</channel>
    <channel update="i" site="a1.hr" site_id="7190##docubox_hd/69727-1-cro-HR/docubox_hd.png" xmltv_id="DOCUBOX HD">DOCUBOX HD</channel>
    <channel update="i" site="a1.hr" site_id="913##viasat_history/8937-12-cro-HR/viasat_history.png" xmltv_id="VIASAT HISTORY">VIASAT HISTORY</channel>
    <channel update="i" site="a1.hr" site_id="912##viasat_explore/8920-10-cro-HR/viasat_explore.png" xmltv_id="VIASAT EXPLORE">VIASAT EXPLORE</channel>
    <channel update="i" site="a1.hr" site_id="7138##epic_drama/68547-6-cro-HR/epic_drama.png" xmltv_id="EPIC DRAMA">EPIC DRAMA</channel>
    <channel update="i" site="a1.hr" site_id="3803##nickelodeon/34930-1-cro-HR/nickelodeon.png" xmltv_id="NICKELODEON">NICKELODEON</channel>
    <channel update="i" site="a1.hr" site_id="918##cartoon_network/9007-3-cro-HR/cartoon_network.png" xmltv_id="CARTOON NETWORK">CARTOON NETWORK</channel>
    <channel update="i" site="a1.hr" site_id="156##cinestar_tv_1/1174-23-cro-HR/cinestar_tv_1.png" xmltv_id="CINESTAR TV 1">CINESTAR TV 1</channel>
    <channel update="i" site="a1.hr" site_id="926##cinestar_action_thriller/9108-17-cro-HR/cinestar_action_thriller.png" xmltv_id="CINESTAR ACTION &amp; THRILLER">CINESTAR ACTION &amp; THRILLER</channel>
    <channel update="i" site="a1.hr" site_id="931##diva/9193-13-cro-HR/diva.png" xmltv_id="DIVA">DIVA</channel>
    <channel update="i" site="a1.hr" site_id="925##tv1000/9091-7-cro-HR/tv1000.png" xmltv_id="TV1000">TV1000</channel>
    <channel update="i" site="a1.hr" site_id="7168##gametoon/69221-1-cro-HR/gametoon.png" xmltv_id="Gametoon">Gametoon</channel>
    <channel update="i" site="a1.hr" site_id="7177##gametoon_hd/69428-1-cro-HR/gametoon_hd.png" xmltv_id="Gametoon HD">Gametoon HD</channel>
    <channel update="i" site="a1.hr" site_id="7404##fox_movies/72643-1-cro-HR/fox_movies.png" xmltv_id="FOX Movies">FOX Movies</channel>
    <channel update="i" site="a1.hr" site_id="3711##fox/33813-10-cro-HR/fox.png" xmltv_id="FOX">FOX</channel>
    <channel update="i" site="a1.hr" site_id="929##fox_life/9159-12-cro-HR/fox_life.png" xmltv_id="FOX LIFE">FOX LIFE</channel>
    <channel update="i" site="a1.hr" site_id="5747##comedy_central_extra/54013-1-cro-HR/comedy_central_extra.png" xmltv_id="COMEDY CENTRAL EXTRA">COMEDY CENTRAL EXTRA</channel>
    <channel update="i" site="a1.hr" site_id="7327##planetsport_1/71706-1-cro-HR/planetsport_1.png" xmltv_id="PLANETSPORT 1">PLANETSPORT 1</channel>
    <channel update="i" site="a1.hr" site_id="7328##planetsport_2/71729-1-cro-HR/planetsport_2.png" xmltv_id="PLANETSPORT 2">PLANETSPORT 2</channel>
    <channel update="i" site="a1.hr" site_id="7329##planetsport_3/71752-1-cro-HR/planetsport_3.png" xmltv_id="PLANETSPORT 3">PLANETSPORT 3</channel>
    <channel update="i" site="a1.hr" site_id="7330##planetsport_4/71775-1-cro-HR/planetsport_4.png" xmltv_id="PLANETSPORT 4">PLANETSPORT 4</channel>
    <channel update="i" site="a1.hr" site_id="7331##planetsport_5/71798-1-cro-HR/planetsport_5.png" xmltv_id="PLANETSPORT 5">PLANETSPORT 5</channel>
    <channel update="i" site="a1.hr" site_id="7405##gledaj_planetsport/72666-4-cro-HR/gledaj_planetsport.png" xmltv_id="Gledaj PlanetSport">Gledaj PlanetSport</channel>
    <channel update="i" site="a1.hr" site_id="945##sk_1/9416-6-cro-HR/sk_1.png" xmltv_id="SK 1">SK 1</channel>
    <channel update="i" site="a1.hr" site_id="3499##sk_3/31686-8-cro-HR/sk_3.png" xmltv_id="SK 3">SK 3</channel>
    <channel update="i" site="a1.hr" site_id="1028##mtv/10707-4-cro-HR/mtv.png" xmltv_id="MTV">MTV</channel>
    <channel update="i" site="a1.hr" site_id="1029##vh1/10724-7-cro-HR/vh1.png" xmltv_id="VH1">VH1</channel>
    <channel update="i" site="a1.hr" site_id="954##croatian_music_channel/9524-8-cro-HR/croatian_music_channel.png" xmltv_id="CROATIAN MUSIC CHANNEL">CROATIAN MUSIC CHANNEL</channel>
    <channel update="i" site="a1.hr" site_id="920##hbo/9041-4-cro-HR/hbo.png" xmltv_id="HBO">HBO</channel>
    <channel update="i" site="a1.hr" site_id="930##hbo_2/9176-8-cro-HR/hbo_2.png" xmltv_id="HBO 2">HBO 2</channel>
    <channel update="i" site="a1.hr" site_id="6364##hbo_3/59622-1-cro-HR/hbo_3.png" xmltv_id="HBO 3">HBO 3</channel>
    <channel update="i" site="a1.hr" site_id="154##cinemax/1151-10-cro-HR/cinemax.png" xmltv_id="CINEMAX">CINEMAX</channel>
    <channel update="i" site="a1.hr" site_id="161##cinemax_2/1215-10-cro-HR/cinemax_2.png" xmltv_id="CINEMAX 2">CINEMAX 2</channel>
    <channel update="i" site="a1.hr" site_id="3667##hbo_hd/33380-7-cro-HR/hbo_hd.png" xmltv_id="HBO HD">HBO HD</channel>
    <channel update="i" site="a1.hr" site_id="3670##hbo_2_hd/33440-9-cro-HR/hbo_2_hd.png" xmltv_id="HBO 2 HD">HBO 2 HD</channel>
    <channel update="i" site="a1.hr" site_id="6365##hbo_3_hd/59645-1-cro-HR/hbo_3_hd.png" xmltv_id="HBO 3 HD">HBO 3 HD</channel>
    <channel update="i" site="a1.hr" site_id="3668##cinemax_hd/33400-8-cro-HR/cinemax_hd.png" xmltv_id="CINEMAX HD">CINEMAX HD</channel>
    <channel update="i" site="a1.hr" site_id="3669##cinemax_2_hd/33420-9-cro-HR/cinemax_2_hd.png" xmltv_id="CINEMAX 2 HD">CINEMAX 2 HD</channel>
    <channel update="i" site="a1.hr" site_id="7166##eurochannel/69175-1-cro-HR/eurochannel.png" xmltv_id="Eurochannel">Eurochannel</channel>
    <channel update="i" site="a1.hr" site_id="7175##eurochannel_hd/69382-1-cro-HR/eurochannel_hd.png" xmltv_id="Eurochannel HD">Eurochannel HD</channel>
    <channel update="i" site="a1.hr" site_id="7187##filmbox_arthouse/69658-1-cro-HR/filmbox_arthouse.png" xmltv_id="FilmBox Arthouse">FilmBox Arthouse</channel>
    <channel update="i" site="a1.hr" site_id="7167##filmbox_plus/69198-1-cro-HR/filmbox_plus.png" xmltv_id="FilmBox Plus">FilmBox Plus</channel>
    <channel update="i" site="a1.hr" site_id="7164##filmbox_extra_hd/69129-1-cro-HR/filmbox_extra_hd.png" xmltv_id="FilmBox Extra HD">FilmBox Extra HD</channel>
    <channel update="i" site="a1.hr" site_id="6638##amc/62479-1-cro-HR/amc.png" xmltv_id="AMC">AMC</channel>
    <channel update="i" site="a1.hr" site_id="7174##amc_hd/69359-1-cro-HR/amc_hd.png" xmltv_id="AMC HD">AMC HD</channel>
    <channel update="i" site="a1.hr" site_id="993##pink_plus/10142-7-cro-HR/pink_plus.png" xmltv_id="PINK PLUS">PINK PLUS</channel>
    <channel update="i" site="a1.hr" site_id="77##nat_geo_wild/372-10-cro-HR/nat_geo_wild.png" xmltv_id="NAT GEO WILD">NAT GEO WILD</channel>
    <channel update="i" site="a1.hr" site_id="5594##viasat_nature/52616-7-cro-HR/viasat_nature.png" xmltv_id="VIASAT NATURE">VIASAT NATURE</channel>
    <channel update="i" site="a1.hr" site_id="914##cbs_reality/8954-5-cro-HR/cbs_reality.png" xmltv_id="CBS REALITY">CBS REALITY</channel>
    <channel update="i" site="a1.hr" site_id="6315##dr_fit/59184-1-cro-HR/dr_fit.png" xmltv_id="Dr.Fit">Dr.Fit</channel>
    <channel update="i" site="a1.hr" site_id="2469##da_vinci/22628-7-cro-HR/da_vinci.png" xmltv_id="DA VINCI">DA VINCI</channel>
    <channel update="i" site="a1.hr" site_id="903##24kitchen/8767-9-cro-HR/24kitchen.png" xmltv_id="24KITCHEN">24KITCHEN</channel>
    <channel update="i" site="a1.hr" site_id="4412##food_network/40733-6-cro-HR/food_network.png" xmltv_id="FOOD NETWORK">FOOD NETWORK</channel>
    <channel update="i" site="a1.hr" site_id="4411##travel_channel/40712-1-cro-HR/travel_channel.png" xmltv_id="TRAVEL CHANNEL">TRAVEL CHANNEL</channel>
    <channel update="i" site="a1.hr" site_id="175##history/1453-15-cro-HR/history.png" xmltv_id="HISTORY">HISTORY</channel>
    <channel update="i" site="a1.hr" site_id="917##pikaboo/8990-5-cro-HR/pikaboo.png" xmltv_id="Pikaboo">Pikaboo</channel>
    <channel update="i" site="a1.hr" site_id="3795##vavoom/34770-5-cro-HR/vavoom.png" xmltv_id="VAVOOM">VAVOOM</channel>
    <channel update="i" site="a1.hr" site_id="921##boomerang/9058-7-cro-HR/boomerang.png" xmltv_id="BOOMERANG">BOOMERANG</channel>
    <channel update="i" site="a1.hr" site_id="176##e/1470-8-cro-HR/e.png" xmltv_id="E!">E!</channel>
    <channel update="i" site="a1.hr" site_id="901##fine_living/8733-13-cro-HR/fine_living.png" xmltv_id="FINE LIVING">FINE LIVING</channel>
    <channel update="i" site="a1.hr" site_id="162##sk_2/1232-6-cro-HR/sk_2.png" xmltv_id="SK 2">SK 2</channel>
    <channel update="i" site="a1.hr" site_id="928##fox_crime/9142-10-cro-HR/fox_crime.png" xmltv_id="FOX CRIME">FOX CRIME</channel>
    <channel update="i" site="a1.hr" site_id="3712##kinotv/33833-1-cro-HR/kinotv.png" xmltv_id="KINOTV">KINOTV</channel>
    <channel update="i" site="a1.hr" site_id="5494##rtl_crime/51780-5-cro-HR/rtl_crime.png" xmltv_id="RTL CRIME">RTL CRIME</channel>
    <channel update="i" site="a1.hr" site_id="5495##rtl_passion/51803-5-cro-HR/rtl_passion.png" xmltv_id="RTL PASSION">RTL PASSION</channel>
    <channel update="i" site="a1.hr" site_id="6314##woman/59161-1-cro-HR/woman.png" xmltv_id="WOMAN">WOMAN</channel>
    <channel update="i" site="a1.hr" site_id="7141##wness_tv/68616-1-cro-HR/wness_tv.png" xmltv_id="WNESS TV">WNESS TV</channel>
    <channel update="i" site="a1.hr" site_id="7142##travelxp/68639-1-cro-HR/travelxp.png" xmltv_id="TravelXP">TravelXP</channel>
    <channel update="i" site="a1.hr" site_id="6774##axn/63680-1-cro-HR/axn.png" xmltv_id="AXN">AXN</channel>
    <channel update="i" site="a1.hr" site_id="7165##axn_spin/69152-1-cro-HR/axn_spin.png" xmltv_id="AXN Spin">AXN Spin</channel>
    <channel update="i" site="a1.hr" site_id="169##sci_fi/1351-4-cro-HR/sci_fi.png" xmltv_id="SCI FI">SCI FI</channel>
    <channel update="i" site="a1.hr" site_id="927##klasik_tv/9125-6-cro-HR/klasik_tv.png" xmltv_id="KLASIK TV">KLASIK TV</channel>
    <channel update="i" site="a1.hr" site_id="2472##fight_channel/22670-2-cro-HR/fight_channel.png" xmltv_id="FIGHT CHANNEL">FIGHT CHANNEL</channel>
    <channel update="i" site="a1.hr" site_id="4409##cinestar_tv_premiere_1/40670-24-cro-HR/cinestar_tv_premiere_1.png" xmltv_id="CINESTAR TV PREMIERE 1">CINESTAR TV PREMIERE 1</channel>
    <channel update="i" site="a1.hr" site_id="4410##cinestar_tv_premiere_2/40691-18-cro-HR/cinestar_tv_premiere_2.png" xmltv_id="CINESTAR TV PREMIERE 2">CINESTAR TV PREMIERE 2</channel>
    <channel update="i" site="a1.hr" site_id="4413##cinestar_tv_premiere_1_hd/40754-17-cro-HR/cinestar_tv_premiere_1_hd.png" xmltv_id="CINESTAR TV PREMIERE 1 HD">CINESTAR TV PREMIERE 1 HD</channel>
    <channel update="i" site="a1.hr" site_id="4414##cinestar_tv_premiere_2_hd/40775-15-cro-HR/cinestar_tv_premiere_2_hd.png" xmltv_id="CINESTAR TV PREMIERE 2 HD">CINESTAR TV PREMIERE 2 HD</channel>
    <channel update="i" site="a1.hr" site_id="938##sk_4/9297-5-cro-HR/sk_4.png" xmltv_id="SK 4">SK 4</channel>
    <channel update="i" site="a1.hr" site_id="939##sk_5/9314-5-cro-HR/sk_5.png" xmltv_id="SK 5">SK 5</channel>
    <channel update="i" site="a1.hr" site_id="940##sk_6/9331-5-cro-HR/sk_6.png" xmltv_id="SK 6">SK 6</channel>
    <channel update="i" site="a1.hr" site_id="6922##esportstv/66254-1-cro-HR/esportstv.png" xmltv_id="ESportsTV">ESportsTV</channel>
    <channel update="i" site="a1.hr" site_id="7176##esportstv_hd/69405-1-cro-HR/esportstv_hd.png" xmltv_id="ESportsTV HD">ESportsTV HD</channel>
    <channel update="i" site="a1.hr" site_id="6557##hntv/61349-1-cro-HR/hntv.png" xmltv_id="HNTV">HNTV</channel>
    <channel update="i" site="a1.hr" site_id="3713##kreator_tv/33853-5-cro-HR/kreator_tv.png" xmltv_id="KREATOR TV">KREATOR TV</channel>
    <channel update="i" site="a1.hr" site_id="2473##ginx/22688-4-cro-HR/ginx.png" xmltv_id="GINX">GINX</channel>
    <channel update="i" site="a1.hr" site_id="996##fashion_tv/10193-14-cro-HR/fashion_tv.png" xmltv_id="Fashion TV">Fashion TV</channel>
    <channel update="i" site="a1.hr" site_id="3508##jugoton/31853-2-cro-HR/jugoton.png" xmltv_id="JUGOTON">JUGOTON</channel>
    <channel update="i" site="a1.hr" site_id="1027##narodni/10690-6-cro-HR/narodni.png" xmltv_id="Narodni">Narodni</channel>
    <channel update="i" site="a1.hr" site_id="1009##balkanika_music_tv/10399-4-cro-HR/balkanika_music_tv.png" xmltv_id="BALKANIKA MUSIC TV">BALKANIKA MUSIC TV</channel>
    <channel update="i" site="a1.hr" site_id="1024##slo_1/10654-6-cro-HR/slo_1.png" xmltv_id="SLO 1">SLO 1</channel>
    <channel update="i" site="a1.hr" site_id="1012##slo_2/10450-6-cro-HR/slo_2.png" xmltv_id="SLO 2">SLO 2</channel>
    <channel update="i" site="a1.hr" site_id="1010##federalna_tv/10416-4-cro-HR/federalna_tv.png" xmltv_id="FEDERALNA TV">FEDERALNA TV</channel>
    <channel update="i" site="a1.hr" site_id="1020##rts_svet/10586-7-cro-HR/rts_svet.png" xmltv_id="RTS SVET">RTS SVET</channel>
    <channel update="i" site="a1.hr" site_id="1011##rtcg/10433-4-cro-HR/rtcg.png" xmltv_id="RTCG">RTCG</channel>
    <channel update="i" site="a1.hr" site_id="1006##rtl_television/10363-9-cro-HR/rtl_television.png" xmltv_id="RTL TELEVISION">RTL TELEVISION</channel>
    <channel update="i" site="a1.hr" site_id="1004##pro_7/10329-4-cro-HR/pro_7.png" xmltv_id="PRO 7">PRO 7</channel>
    <channel update="i" site="a1.hr" site_id="1005##3_sat/10346-5-cro-HR/3_sat.png" xmltv_id="3 SAT">3 SAT</channel>
    <channel update="i" site="a1.hr" site_id="3285##mediaset_italia/29991-2-cro-HR/mediaset_italia.png" xmltv_id="MEDIASET ITALIA">MEDIASET ITALIA</channel>
    <channel update="i" site="a1.hr" site_id="1001##rai_uno/10278-4-cro-HR/rai_uno.png" xmltv_id="RAI UNO">RAI UNO</channel>
    <channel update="i" site="a1.hr" site_id="998##tv5monde/10227-9-cro-HR/tv5monde.png" xmltv_id="TV5MONDE">TV5MONDE</channel>
    <channel update="i" site="a1.hr" site_id="163##arte/1249-4-cro-HR/arte.png" xmltv_id="ARTE">ARTE</channel>
    <channel update="i" site="a1.hr" site_id="2475##al_jazeera_balkans/22724-2-cro-HR/al_jazeera_balkans.png" xmltv_id="AL JAZEERA BALKANS">AL JAZEERA BALKANS</channel>
    <channel update="i" site="a1.hr" site_id="2468##cnn/22610-5-cro-HR/cnn.png" xmltv_id="CNN">CNN</channel>
    <channel update="i" site="a1.hr" site_id="6278##laudato_tv/58825-1-cro-HR/laudato_tv.jpg" xmltv_id="Laudato TV">Laudato TV</channel>
    <channel update="i" site="a1.hr" site_id="978##full_tv/9902-4-cro-HR/full_tv.png" xmltv_id="FULL TV">FULL TV</channel>
    <channel update="i" site="a1.hr" site_id="979##tv_jadran/9919-4-cro-HR/tv_jadran.png" xmltv_id="TV JADRAN">TV JADRAN</channel>
    <channel update="i" site="a1.hr" site_id="980##kanal_5_tv/9936-5-cro-HR/kanal_5_tv.png" xmltv_id="KANAL 5 TV">KANAL 5 TV</channel>
    <channel update="i" site="a1.hr" site_id="982##mrezast/9970-5-cro-HR/mrezast.png" xmltv_id="MREŽAST">MREŽAST</channel>
    <channel update="i" site="a1.hr" site_id="983##kanal_ri/9987-4-cro-HR/kanal_ri.png" xmltv_id="KANAL RI">KANAL RI</channel>
    <channel update="i" site="a1.hr" site_id="972##tv_istra/9800-9-cro-HR/tv_istra.png" xmltv_id="TV ISTRA">TV ISTRA</channel>
    <channel update="i" site="a1.hr" site_id="178##tv_nova_pula/1504-4-cro-HR/tv_nova_pula.png" xmltv_id="TV NOVA PULA">TV NOVA PULA</channel>
    <channel update="i" site="a1.hr" site_id="977##osjecka_tv/9885-4-cro-HR/osjecka_tv.png" xmltv_id="OSJEČKA TV">OSJEČKA TV</channel>
    <channel update="i" site="a1.hr" site_id="984##vinkovacka_tv/10004-4-cro-HR/vinkovacka_tv.png" xmltv_id="VINKOVAČKA TV">VINKOVAČKA TV</channel>
    <channel update="i" site="a1.hr" site_id="985##slavonska_tv/10021-4-cro-HR/slavonska_tv.png" xmltv_id="SLAVONSKA TV">SLAVONSKA TV</channel>
    <channel update="i" site="a1.hr" site_id="976##varazdinska_televizija/9868-4-cro-HR/varazdinska_televizija.png" xmltv_id="VARAŽDINSKA TELEVIZIJA">VARAŽDINSKA TELEVIZIJA</channel>
    <channel update="i" site="a1.hr" site_id="2487##sbtv/22940-1-cro-HR/sbtv.jpg" xmltv_id="SBTV">SBTV</channel>
    <channel update="i" site="a1.hr" site_id="3507##rtv_banovina/31833-6-cro-HR/rtv_banovina.png" xmltv_id="RTV Banovina">RTV Banovina</channel>
    <channel update="i" site="a1.hr" site_id="2488##dutv/22958-5-cro-HR/dutv.png" xmltv_id="DUTV">DUTV</channel>
    <channel update="i" site="a1.hr" site_id="7173##tv_zapad/69336-1-cro-HR/tv_zapad.png" xmltv_id="TV ZAPAD">TV ZAPAD</channel>
    <channel update="i" site="a1.hr" site_id="6925##libertas_tv/66323-1-cro-HR/libertas_tv.png" xmltv_id="Libertas TV">Libertas TV</channel>
    <channel update="i" site="a1.hr" site_id="3662##dmc/33307-1-cro-HR/dmc.png" xmltv_id="DMC">DMC</channel>
    <channel update="i" site="a1.hr" site_id="5758##poljoprivredna_tv/54266-1-cro-HR/poljoprivredna_tv.png" xmltv_id="POLJOPRIVREDNA TV">POLJOPRIVREDNA TV</channel>
    <channel update="i" site="a1.hr" site_id="133##zdrava_tv_7/9834-4-cro-HR/zdrava_tv_7.png" xmltv_id="ZDRAVA TV-7">ZDRAVA TV-7</channel>
    <channel update="i" site="a1.hr" site_id="3797##nova_cinema/34810-4-cro-HR/nova_cinema.png" xmltv_id="NOVA CINEMA">NOVA CINEMA</channel>
    <channel update="i" site="a1.hr" site_id="3798##nova_family/34830-3-cro-HR/nova_family.png" xmltv_id="NOVA FAMILY">NOVA FAMILY</channel>
    <channel update="i" site="a1.hr" site_id="2480##sky_news/22814-2-cro-HR/sky_news.png" xmltv_id="SKY NEWS">SKY NEWS</channel>
    <channel update="i" site="a1.hr" site_id="2479##fox_news/22796-2-cro-HR/fox_news.png" xmltv_id="FOX NEWS">FOX NEWS</channel>
    <channel update="i" site="a1.hr" site_id="7172##china_global_television_network/69313-1-cro-HR/china_global_television_network.png" xmltv_id="China Global Television Network">China Global Television Network</channel>
    <channel update="i" site="a1.hr" site_id="2477##al_jazeera_english/22760-2-cro-HR/al_jazeera_english.png" xmltv_id="AL JAZEERA ENGLISH">AL JAZEERA ENGLISH</channel>
    <channel update="i" site="a1.hr" site_id="7179##al_jazeera_balkans_hd/69474-1-cro-HR/al_jazeera_balkans_hd.png" xmltv_id="AL JAZEERA BALKANS HD">AL JAZEERA BALKANS HD</channel>
    <channel update="i" site="a1.hr" site_id="966##cnbc/9713-4-cro-HR/cnbc.png" xmltv_id="CNBC">CNBC</channel>
    <channel update="i" site="a1.hr" site_id="968##deutsche_welle/9747-5-cro-HR/deutsche_welle.png" xmltv_id="DEUTSCHE WELLE">DEUTSCHE WELLE</channel>
    <channel update="i" site="a1.hr" site_id="2483##bbc_world_news/22868-4-cro-HR/bbc_world_news.png" xmltv_id="BBC WORLD NEWS">BBC WORLD NEWS</channel>
    <channel update="i" site="a1.hr" site_id="2470##france_242/22646-8-cro-HR/france_24.png" xmltv_id="FRANCE 24">FRANCE 24</channel>
    <channel update="i" site="a1.hr" site_id="2484##france_24_hd/22886-5-cro-HR/france_24_hd.png" xmltv_id="FRANCE 24 HD">FRANCE 24 HD</channel>
    <channel update="i" site="a1.hr" site_id="7182##france_24_hd_eng/69543-1-cro-HR/france_24_hd_eng.png" xmltv_id="FRANCE 24 HD ENG">FRANCE 24 HD ENG</channel>
    <channel update="i" site="a1.hr" site_id="7183##france_24_hd_fra/69566-1-cro-HR/france_24_hd_fra.png" xmltv_id="FRANCE 24 HD FRA">FRANCE 24 HD FRA</channel>
    <channel update="i" site="a1.hr" site_id="2485##n24/22904-2-cro-HR/n24.png" xmltv_id="N24">N24</channel>
    <channel update="i" site="a1.hr" site_id="2478##russia_today_tv/22778-2-cro-HR/russia_today_tv.png" xmltv_id="RUSSIA TODAY TV">RUSSIA TODAY TV</channel>
    <channel update="i" site="a1.hr" site_id="967##euronews/9730-4-cro-HR/euronews.png" xmltv_id="EURONEWS">EURONEWS</channel>
    <channel update="i" site="a1.hr" site_id="1007##tv_espana/10380-3-cro-HR/tv_espana.png" xmltv_id="TV ESPANA">TV ESPANA</channel>
    <channel update="i" site="a1.hr" site_id="78##sportskool/389-5-cro-HR/sportskool.png" xmltv_id="SPORTSKOOL">SPORTSKOOL</channel>
    <channel update="i" site="a1.hr" site_id="944##extreme_sports_channel/9399-4-cro-HR/extreme_sports_channel.png" xmltv_id="EXTREME SPORTS CHANNEL">EXTREME SPORTS CHANNEL</channel>
    <channel update="i" site="a1.hr" site_id="102##nautical_channel/599-4-cro-HR/nautical_channel.png" xmltv_id="NAUTICAL CHANNEL">NAUTICAL CHANNEL</channel>
    <channel update="i" site="a1.hr" site_id="166##sk_golf/1300-6-cro-HR/sk_golf.png" xmltv_id="SK GOLF">SK GOLF</channel>
    <channel update="i" site="a1.hr" site_id="146##body_in_balance/1080-4-cro-HR/body_in_balance.png" xmltv_id="BODY IN BALANCE">BODY IN BALANCE</channel>
    <channel update="i" site="a1.hr" site_id="145##lov_i_ribolov/1063-7-cro-HR/lov_i_ribolov.png" xmltv_id="LOV I RIBOLOV">LOV I RIBOLOV</channel>
    <channel update="i" site="a1.hr" site_id="111##auto_motor_und_sport/650-7-cro-HR/auto_motor_und_sport.png" xmltv_id="AUTO MOTOR UND SPORT">AUTO MOTOR UND SPORT</channel>
    <channel update="i" site="a1.hr" site_id="95##baby_tv/491-4-cro-HR/baby_tv.png" xmltv_id="BABY TV">BABY TV</channel>
    <channel update="i" site="a1.hr" site_id="172##jim_jam/1402-4-cro-HR/jim_jam.png" xmltv_id="JIM JAM">JIM JAM</channel>
    <channel update="i" site="a1.hr" site_id="919##tiji/9024-4-cro-HR/tiji.png" xmltv_id="TIJI">TIJI</channel>
    <channel update="i" site="a1.hr" site_id="177##ki_ka/1487-5-cro-HR/ki_ka.png" xmltv_id="KI.KA">KI.KA</channel>
    <channel update="i" site="a1.hr" site_id="100##nick_jr/565-8-cro-HR/nick_jr.png" xmltv_id="NICK JR.">NICK JR.</channel>
    <channel update="i" site="a1.hr" site_id="97##duck_tv/514-4-cro-HR/duck_tv.png" xmltv_id="DUCK TV">DUCK TV</channel>
    <channel update="i" site="a1.hr" site_id="137##mtv_rocks_international/949-6-cro-HR/mtv_rocks_international.png" xmltv_id="MTV ROCKS INTERNATIONAL">MTV ROCKS INTERNATIONAL</channel>
    <channel update="i" site="a1.hr" site_id="138##mtv_hits_international/966-6-cro-HR/mtv_hits_international.png" xmltv_id="MTV HITS INTERNATIONAL">MTV HITS INTERNATIONAL</channel>
    <channel update="i" site="a1.hr" site_id="139##mtv_dance_international/983-6-cro-HR/mtv_dance_international.png" xmltv_id="MTV DANCE INTERNATIONAL">MTV DANCE INTERNATIONAL</channel>
    <channel update="i" site="a1.hr" site_id="135##mtv_music_24/915-10-cro-HR/mtv_music_24.png" xmltv_id="MTV MUSIC 24">MTV MUSIC 24</channel>
    <channel update="i" site="a1.hr" site_id="140##vh1_classic/1000-4-cro-HR/vh1_classic.png" xmltv_id="VH1 CLASSIC">VH1 CLASSIC</channel>
    <channel update="i" site="a1.hr" site_id="141##trace_urban/1017-4-cro-HR/trace_urban.png" xmltv_id="TRACE URBAN">TRACE URBAN</channel>
    <channel update="i" site="a1.hr" site_id="1026##mezzo/10673-4-cro-HR/mezzo.png" xmltv_id="MEZZO">MEZZO</channel>
    <channel update="i" site="a1.hr" site_id="143##stignray_cmusic/1040-7-cro-HR/stignray_cmusic.png" xmltv_id="Stignray CMusic">Stignray CMusic</channel>
    <channel update="i" site="a1.hr" site_id="5751##kiss_tv/54105-1-cro-HR/kiss_tv.png" xmltv_id="KISS TV">KISS TV</channel>
    <channel update="i" site="a1.hr" site_id="5752##kerrang/54128-1-cro-HR/kerrang.png" xmltv_id="KERRANG!">KERRANG!</channel>
    <channel update="i" site="a1.hr" site_id="5753##box_hits/54151-3-cro-HR/box_hits.png" xmltv_id="BOX HITS">BOX HITS</channel>
    <channel update="i" site="a1.hr" site_id="5754##magic/54174-1-cro-HR/magic.png" xmltv_id="MAGIC">MAGIC</channel>
    <channel update="i" site="a1.hr" site_id="134##dm_sat/898-4-cro-HR/dm_sat.png" xmltv_id="DM SAT">DM SAT</channel>
    <channel update="i" site="a1.hr" site_id="7403##tdc/72620-1-cro-HR/tdc.png" xmltv_id="TDC">TDC</channel>
    <channel update="i" site="a1.hr" site_id="7181##narodni_hd/69520-2-cro-HR/narodni_hd.png" xmltv_id="Narodni HD">Narodni HD</channel>
    <channel update="i" site="a1.hr" site_id="7180##balkanika_music_tv_hd/69497-1-cro-HR/balkanika_music_tv_hd.png" xmltv_id="BALKANIKA MUSIC TV HD">BALKANIKA MUSIC TV HD</channel>
    <channel update="i" site="a1.hr" site_id="7171##klape_i_tambure_tv/69290-1-cro-HR/klape_i_tambure_tv.png" xmltv_id="Klape i tambure TV">Klape i tambure TV</channel>
    <channel update="i" site="a1.hr" site_id="7170##stop_tv/69267-1-cro-HR/stop_tv.png" xmltv_id="STOP TV">STOP TV</channel>
    <channel update="i" site="a1.hr" site_id="184##tv_bn_sat/1606-3-cro-HR/tv_bn_sat.png" xmltv_id="TV BN SAT">TV BN SAT</channel>
    <channel update="i" site="a1.hr" site_id="2490##golica_tv/22994-2-cro-HR/golica_tv.png" xmltv_id="GOLICA TV">GOLICA TV</channel>
    <channel update="i" site="a1.hr" site_id="2491##carli_tv/23012-2-cro-HR/carli_tv.png" xmltv_id="ČARLI TV">ČARLI TV</channel>
    <channel update="i" site="a1.hr" site_id="2489##kcn_music_2/22976-6-cro-HR/kcn_music_2.png" xmltv_id="KCN MUSIC 2">KCN MUSIC 2</channel>
    <channel update="i" site="a1.hr" site_id="179##kcn_3/1521-4-cro-HR/kcn_3.jpg" xmltv_id="KCN 3">KCN 3</channel>
    <channel update="i" site="a1.hr" site_id="995##happy_tv/10176-3-cro-HR/happy_tv.png" xmltv_id="HAPPY TV">HAPPY TV</channel>
    <channel update="i" site="a1.hr" site_id="181##mktv_sat/1555-6-cro-HR/mktv_sat.png" xmltv_id="MKTV SAT">MKTV SAT</channel>
    <channel update="i" site="a1.hr" site_id="5750##dusk_tv/54082-3-cro-HR/dusk_tv.png" xmltv_id="DUSK! TV">DUSK! TV</channel>
    <channel update="i" site="a1.hr" site_id="125##nova_hd/801-8-cro-HR/nova_hd.png" xmltv_id="NOVA HD">NOVA HD</channel>
    <channel update="i" site="a1.hr" site_id="4980##doma_tv_hd/44698-3-cro-HR/doma_tv_hd.png" xmltv_id="DOMA TV HD">DOMA TV HD</channel>
    <channel update="i" site="a1.hr" site_id="115##national_geographic_hd/718-8-cro-HR/national_geographic_hd.png" xmltv_id="NATIONAL GEOGRAPHIC HD">NATIONAL GEOGRAPHIC HD</channel>
    <channel update="i" site="a1.hr" site_id="904##nat_geo_wild_hd/8784-9-cro-HR/nat_geo_wild_hd.png" xmltv_id="NAT GEO WILD HD">NAT GEO WILD HD</channel>
    <channel update="i" site="a1.hr" site_id="905##history_hd/8801-8-cro-HR/history_hd.png" xmltv_id="HISTORY HD">HISTORY HD</channel>
    <channel update="i" site="a1.hr" site_id="4981##kinotv_hd/44719-1-cro-HR/kinotv_hd.png" xmltv_id="KINOTV HD">KINOTV HD</channel>
    <channel update="i" site="a1.hr" site_id="118##myzen_tv_hd/758-7-cro-HR/myzen_tv_hd.png" xmltv_id="MYZEN.TV HD">MYZEN.TV HD</channel>
    <channel update="i" site="a1.hr" site_id="116##luxe_tv_hd/735-3-cro-HR/luxe_tv_hd.png" xmltv_id="LUXE.TV HD">LUXE.TV HD</channel>
    <channel update="i" site="a1.hr" site_id="167##arte_hd/1317-4-cro-HR/arte_hd.png" xmltv_id="ARTE HD">ARTE HD</channel>
    <channel update="i" site="a1.hr" site_id="170##das_erste_hd/1368-4-cro-HR/das_erste_hd.png" xmltv_id="DAS ERSTE HD">DAS ERSTE HD</channel>
    <channel update="i" site="a1.hr" site_id="171##zdf_hd/1385-4-cro-HR/zdf_hd.png" xmltv_id="ZDF HD">ZDF HD</channel>
    <channel update="i" site="a1.hr" site_id="3511##sk_3_hd/31900-3-cro-HR/sk_3_hd.png" xmltv_id="SK 3 HD">SK 3 HD</channel>
    <channel update="i" site="a1.hr" site_id="3500##sk_1_hd/31706-4-cro-HR/sk_1_hd.png" xmltv_id="SK 1 HD">SK 1 HD</channel>
    <channel update="i" site="a1.hr" site_id="3502##sk_2_hd/31733-4-cro-HR/sk_2_hd.png" xmltv_id="SK 2 HD">SK 2 HD</channel>
    <channel update="i" site="a1.hr" site_id="3503##sk_hd/31753-7-cro-HR/sk_hd.png" xmltv_id="SK HD">SK HD</channel>
    <channel update="i" site="a1.hr" site_id="3504##sk_golf_hd/31773-4-cro-HR/sk_golf_hd.png" xmltv_id="SK GOLF HD">SK GOLF HD</channel>
    <channel update="i" site="a1.hr" site_id="4982##kreator_tv_hd/44740-1-cro-HR/kreator_tv_hd.png" xmltv_id="KREATOR TV HD">KREATOR TV HD</channel>
    <channel update="i" site="a1.hr" site_id="973##vox_tv/9817-4-cro-HR/vox_tv.png" xmltv_id="VOX TV">VOX TV</channel>
    <channel update="i" site="a1.hr" site_id="4733##tv_sibenik/43082-2-cro-HR/tv_sibenik.png" xmltv_id="TV ŠIBENIK">TV ŠIBENIK</channel>
    <channel update="i" site="a1.hr" site_id="971##ri_tv/9783-4-cro-HR/ri_tv.png" xmltv_id="RI TV">RI TV</channel>
    <channel update="i" site="a1.hr" site_id="75##rai_scuola/338-5-cro-HR/rai_scuola.png" xmltv_id="RAI SCUOLA">RAI SCUOLA</channel>
    <channel update="i" site="a1.hr" site_id="991##rtl_ii/10108-3-cro-HR/rtl_ii.png" xmltv_id="RTL II">RTL II</channel>
    <channel update="i" site="a1.hr" site_id="999##vox/10244-5-cro-HR/vox.png" xmltv_id="VOX">VOX</channel>
    <channel update="i" site="a1.hr" site_id="1002##rai_due/10295-4-cro-HR/rai_due.png" xmltv_id="RAI DUE">RAI DUE</channel>
    <channel update="i" site="a1.hr" site_id="1003##rai_tre/10312-3-cro-HR/rai_tre.png" xmltv_id="RAI TRE">RAI TRE</channel>
    <channel update="i" site="a1.hr" site_id="6923##rtv2/10467-5-cro-HR/rtv2.png" xmltv_id="RTV2">RTV2</channel>
    <channel update="i" site="a1.hr" site_id="1015##rtv1/10501-5-cro-HR/rtv1.png" xmltv_id="RTV1">RTV1</channel>
    <channel update="i" site="a1.hr" site_id="1016##rts_1/10518-4-cro-HR/rts_1.png" xmltv_id="RTS 1">RTS 1</channel>
    <channel update="i" site="a1.hr" site_id="1021##rts_2/10603-4-cro-HR/rts_2.png" xmltv_id="RTS 2">RTS 2</channel>
    <channel update="i" site="a1.hr" site_id="2474##dorcel_tv/22706-3-cro-HR/dorcel_tv.png" xmltv_id="DORCEL TV">DORCEL TV</channel>
    <channel update="i" site="a1.hr" site_id="112##brazzers_tv_europe/667-5-cro-HR/brazzers_tv_europe.png" xmltv_id="BRAZZERS  TV EUROPE">BRAZZERS  TV EUROPE</channel>
    <channel update="i" site="a1.hr" site_id="7186##adult_channel/701-4-cro-HR/adult_channel.png" xmltv_id="ADULT CHANNEL">ADULT CHANNEL</channel>
    <channel update="i" site="a1.hr" site_id="3792##hustler_hd/34710-1-cro-HR/hustler_hd.png" xmltv_id="HUSTLER HD">HUSTLER HD</channel>
    <channel update="i" site="a1.hr" site_id="7419##hustler_tv/72988-1-cro-HR/hustler_tv.png" xmltv_id="HUSTLER TV">HUSTLER TV</channel>
    <channel update="i" site="a1.hr" site_id="3791##dorcel_hd/34690-2-cro-HR/dorcel_hd.png" xmltv_id="DORCEL HD">DORCEL HD</channel>
    <channel update="i" site="a1.hr" site_id="113##playboy_tv/684-4-cro-HR/playboy_tv.png" xmltv_id="PLAYBOY TV">PLAYBOY TV</channel>
    <channel update="i" site="a1.hr" site_id="5761##fashion_one_hd/54335-4-cro-HR/fashion_one_hd.png" xmltv_id="Fashion One HD">Fashion One HD</channel>
    <channel update="i" site="a1.hr" site_id="3945##duna_world/37151-2-cro-HR/duna_world.png" xmltv_id="DUNA WORLD">DUNA WORLD</channel>
    <channel update="i" site="a1.hr" site_id="7410##pure_babes/72781-1-cro-HR/pure_babes.png" xmltv_id="Pure Babes">Pure Babes</channel>
    <channel update="i" site="a1.hr" site_id="7412##babes_tv/72827-1-cro-HR/babes_tv.png" xmltv_id="BABES TV">BABES TV</channel>
    <channel update="i" site="a1.hr" site_id="7411##reality_kings/72804-1-cro-HR/reality_kings.png" xmltv_id="Reality Kings">Reality Kings</channel>
    <channel update="i" site="a1.hr" site_id="1014##duna_tv/10484-3-cro-HR/duna_tv.png" xmltv_id="DUNA TV">DUNA TV</channel>
    <channel update="i" site="a1.hr" site_id="957##htv_1/9575-5-cro-HR/htv_1.png" xmltv_id="HTV 1">HTV 1</channel>
    <channel update="i" site="a1.hr" site_id="958##htv_2/9592-4-cro-HR/htv_2.png" xmltv_id="HTV 2">HTV 2</channel>
    <channel update="i" site="a1.hr" site_id="960##nova_tv/9626-10-cro-HR/nova_tv.png" xmltv_id="NOVA TV">NOVA TV</channel>
    <channel update="i" site="a1.hr" site_id="955##doma_tv/9541-10-cro-HR/doma_tv.png" xmltv_id="DOMA TV">DOMA TV</channel>
    <channel update="i" site="a1.hr" site_id="959##rtl/9609-11-cro-HR/rtl.png" xmltv_id="RTL">RTL</channel>
    <channel update="i" site="a1.hr" site_id="956##rtl2/9558-15-cro-HR/rtl2.png" xmltv_id="RTL2">RTL2</channel>
    <channel update="i" site="a1.hr" site_id="4560##rtl_kockica/41877-1-cro-HR/rtl_kockica.png" xmltv_id="RTL KOCKICA">RTL KOCKICA</channel>
    <channel update="i" site="a1.hr" site_id="7399##idj/72528-1-cro-HR/idj.png" xmltv_id="IDJ">IDJ</channel>
    <channel update="i" site="a1.hr" site_id="7398##grand/72505-1-cro-HR/grand.png" xmltv_id="Grand">Grand</channel>
    <channel update="i" site="a1.hr" site_id="7391##kino_tv_hd/72427-1-cro-HR/kino_tv_hd.png" xmltv_id="Kino TV HD">Kino TV HD</channel>
    <channel update="i" site="a1.hr" site_id="7390##cgtn/72404-1-cro-HR/cgtn.png" xmltv_id="CGTN">CGTN</channel>
    <channel update="i" site="a1.hr" site_id="7389##hayat_plus/72381-1-cro-HR/hayat_plus.png" xmltv_id="Hayat Plus">Hayat Plus</channel>
    <channel update="i" site="a1.hr" site_id="7388##extra_tv/72358-1-cro-HR/extra_tv.png" xmltv_id="Extra TV">Extra TV</channel>
    <channel update="i" site="a1.hr" site_id="4033##music_channel/37897-1-cro-HR/music_channel.png" xmltv_id="MUSIC CHANNEL">MUSIC CHANNEL</channel>
  </channels>
</site>