﻿<?xml version="1.0" encoding="UTF-8"?>
<site generator-info-name="WebGrab+Plus/w MDB &amp; REX Postprocess -- version V1.56.23.1 -- Jan van Straaten" site="cyta.com.cy">
  <channels>
    <channel update="i" site="cyta.com.cy" site_id="1" xmltv_id="Rik1">Rik1</channel>
    <channel update="i" site="cyta.com.cy" site_id="2" xmltv_id="Rik2">Rik2</channel>
    <channel update="i" site="cyta.com.cy" site_id="3" xmltv_id="Mega">Mega</channel>
    <channel update="i" site="cyta.com.cy" site_id="4" xmltv_id="Ant1">Ant1</channel>
    <channel update="i" site="cyta.com.cy" site_id="5" xmltv_id="Sigma">Sigma</channel>
    <channel update="i" site="cyta.com.cy" site_id="6" xmltv_id="Cncp">Cncp</channel>
    <channel update="i" site="cyta.com.cy" site_id="7" xmltv_id="Extra">Extra</channel>
    <channel update="i" site="cyta.com.cy" site_id="8" xmltv_id="Capital Tv">Capital Tv</channel>
    <channel update="i" site="cyta.com.cy" site_id="9" xmltv_id="Alfagr">Alfagr</channel>
    <channel update="i" site="cyta.com.cy" site_id="10" xmltv_id="Ertw">Ertw</channel>
    <channel update="i" site="cyta.com.cy" site_id="11" xmltv_id="Ve">Ve</channel>
    <channel update="i" site="cyta.com.cy" site_id="12" xmltv_id="4e">4e</channel>
    <channel update="i" site="cyta.com.cy" site_id="13" xmltv_id="Tvmall">Tvmall</channel>
    <channel update="i" site="cyta.com.cy" site_id="14" xmltv_id="Tv5monde">Tv5monde</channel>
    <channel update="i" site="cyta.com.cy" site_id="15" xmltv_id="Planeta">Planeta</channel>
    <channel update="i" site="cyta.com.cy" site_id="16" xmltv_id="Dewe">Dewe</channel>
    <channel update="i" site="cyta.com.cy" site_id="17" xmltv_id="Dewe">Dewe</channel>
    <channel update="i" site="cyta.com.cy" site_id="18" xmltv_id="Babytv">Babytv</channel>
    <channel update="i" site="cyta.com.cy" site_id="19" xmltv_id="Boomerang">Boomerang</channel>
    <channel update="i" site="cyta.com.cy" site_id="20" xmltv_id="Cartoon Network">Cartoon Network</channel>
    <channel update="i" site="cyta.com.cy" site_id="21" xmltv_id="Dsnch">Dsnch</channel>
    <channel update="i" site="cyta.com.cy" site_id="22" xmltv_id="Dsnxd">Dsnxd</channel>
    <channel update="i" site="cyta.com.cy" site_id="23" xmltv_id="Dsnjr">Dsnjr</channel>
    <channel update="i" site="cyta.com.cy" site_id="24" xmltv_id="Nckd">Nckd</channel>
    <channel update="i" site="cyta.com.cy" site_id="25" xmltv_id="Novacinema1">Novacinema1</channel>
    <channel update="i" site="cyta.com.cy" site_id="26" xmltv_id="Novacinema2">Novacinema2</channel>
    <channel update="i" site="cyta.com.cy" site_id="27" xmltv_id="Novacinema3">Novacinema3</channel>
    <channel update="i" site="cyta.com.cy" site_id="28" xmltv_id="Novacinema4">Novacinema4</channel>
    <channel update="i" site="cyta.com.cy" site_id="29" xmltv_id="Foxlf">Foxlf</channel>
    <channel update="i" site="cyta.com.cy" site_id="30" xmltv_id="Fox">Fox</channel>
    <channel update="i" site="cyta.com.cy" site_id="31" xmltv_id="Tcm">Tcm</channel>
    <channel update="i" site="cyta.com.cy" site_id="32" xmltv_id="Grcine">Grcine</channel>
    <channel update="i" site="cyta.com.cy" site_id="33" xmltv_id="Cnn V2">Cnn V2</channel>
    <channel update="i" site="cyta.com.cy" site_id="34" xmltv_id="Bbc">Bbc</channel>
    <channel update="i" site="cyta.com.cy" site_id="35" xmltv_id="Euronews">Euronews</channel>
    <channel update="i" site="cyta.com.cy" site_id="36" xmltv_id="Skynews">Skynews</channel>
    <channel update="i" site="cyta.com.cy" site_id="37" xmltv_id="Bloomberg">Bloomberg</channel>
    <channel update="i" site="cyta.com.cy" site_id="38" xmltv_id="France24">France24</channel>
    <channel update="i" site="cyta.com.cy" site_id="39" xmltv_id="Aljazeera">Aljazeera</channel>
    <channel update="i" site="cyta.com.cy" site_id="40" xmltv_id="Vesti">Vesti</channel>
    <channel update="i" site="cyta.com.cy" site_id="41" xmltv_id="Rt">Rt</channel>
    <channel update="i" site="cyta.com.cy" site_id="42" xmltv_id="France24">France24</channel>
    <channel update="i" site="cyta.com.cy" site_id="43" xmltv_id="Discovery">Discovery</channel>
    <channel update="i" site="cyta.com.cy" site_id="44" xmltv_id="Discovery Science">Discovery Science</channel>
    <channel update="i" site="cyta.com.cy" site_id="45" xmltv_id="Idisc">Idisc</channel>
    <channel update="i" site="cyta.com.cy" site_id="46" xmltv_id="Anipl">Anipl</channel>
    <channel update="i" site="cyta.com.cy" site_id="47" xmltv_id="Ng">Ng</channel>
    <channel update="i" site="cyta.com.cy" site_id="48" xmltv_id="Natgeowild">Natgeowild</channel>
    <channel update="i" site="cyta.com.cy" site_id="49" xmltv_id="Hstr">Hstr</channel>
    <channel update="i" site="cyta.com.cy" site_id="50" xmltv_id="Travel">Travel</channel>
    <channel update="i" site="cyta.com.cy" site_id="51" xmltv_id="Reality">Reality</channel>
    <channel update="i" site="cyta.com.cy" site_id="52" xmltv_id="Tlc">Tlc</channel>
    <channel update="i" site="cyta.com.cy" site_id="53" xmltv_id="Foodnet">Foodnet</channel>
    <channel update="i" site="cyta.com.cy" site_id="54" xmltv_id="Wfsh">Wfsh</channel>
    <channel update="i" site="cyta.com.cy" site_id="55" xmltv_id="Eentert">Eentert</channel>
    <channel update="i" site="cyta.com.cy" site_id="56" xmltv_id="Vh1cl">Vh1cl</channel>
    <channel update="i" site="cyta.com.cy" site_id="57" xmltv_id="Mvtv">Mvtv</channel>
    <channel update="i" site="cyta.com.cy" site_id="58" xmltv_id="Madcy">Madcy</channel>
    <channel update="i" site="cyta.com.cy" site_id="59" xmltv_id="Iconts">Iconts</channel>
    <channel update="i" site="cyta.com.cy" site_id="60" xmltv_id="Ctvshd">Ctvshd</channel>
    <channel update="i" site="cyta.com.cy" site_id="61" xmltv_id="Cytavisionsports1">Cytavisionsports1</channel>
    <channel update="i" site="cyta.com.cy" site_id="62" xmltv_id="Cytavisionsports2">Cytavisionsports2</channel>
    <channel update="i" site="cyta.com.cy" site_id="63" xmltv_id="Cytavisionsports3">Cytavisionsports3</channel>
    <channel update="i" site="cyta.com.cy" site_id="64" xmltv_id="Cytavisionsports4">Cytavisionsports4</channel>
    <channel update="i" site="cyta.com.cy" site_id="65" xmltv_id="Cytavisionsports5">Cytavisionsports5</channel>
    <channel update="i" site="cyta.com.cy" site_id="66" xmltv_id="Novasports1">Novasports1</channel>
    <channel update="i" site="cyta.com.cy" site_id="67" xmltv_id="Novasports2">Novasports2</channel>
    <channel update="i" site="cyta.com.cy" site_id="68" xmltv_id="Novasports3">Novasports3</channel>
    <channel update="i" site="cyta.com.cy" site_id="69" xmltv_id="Novasports4">Novasports4</channel>
    <channel update="i" site="cyta.com.cy" site_id="70" xmltv_id="Novasports6">Novasports6</channel>
    <channel update="i" site="cyta.com.cy" site_id="71" xmltv_id="Novasports7">Novasports7</channel>
    <channel update="i" site="cyta.com.cy" site_id="72" xmltv_id="Cysports">Cysports</channel>
    <channel update="i" site="cyta.com.cy" site_id="73" xmltv_id="Ese1.2015">Ese1.2015</channel>
    <channel update="i" site="cyta.com.cy" site_id="74" xmltv_id="Ese2.2015">Ese2.2015</channel>
    <channel update="i" site="cyta.com.cy" site_id="75" xmltv_id="Ltvsphd">Ltvsphd</channel>
    <channel update="i" site="cyta.com.cy" site_id="76" xmltv_id="Ltvs1">Ltvs1</channel>
    <channel update="i" site="cyta.com.cy" site_id="77" xmltv_id="Ltvs2">Ltvs2</channel>
    <channel update="i" site="cyta.com.cy" site_id="78" xmltv_id="Alpha">Alpha</channel>
    <channel update="i" site="cyta.com.cy" site_id="79" xmltv_id="Nbatv">Nbatv</channel>
    <channel update="i" site="cyta.com.cy" site_id="80" xmltv_id="Foxsp">Foxsp</channel>
    <channel update="i" site="cyta.com.cy" site_id="81" xmltv_id="Motovs">Motovs</channel>
    <channel update="i" site="cyta.com.cy" site_id="82" xmltv_id="Chapec">Chapec</channel>
    <channel update="i" site="cyta.com.cy" site_id="83" xmltv_id="Dischd">Dischd</channel>
    <channel update="i" site="cyta.com.cy" site_id="84" xmltv_id="Ngwlhd">Ngwlhd</channel>
    <channel update="i" site="cyta.com.cy" site_id="85" xmltv_id="Nghd">Nghd</channel>
    <channel update="i" site="cyta.com.cy" site_id="86" xmltv_id="Animhd">Animhd</channel>
    <channel update="i" site="cyta.com.cy" site_id="87" xmltv_id="Hstrhd">Hstrhd</channel>
    <channel update="i" site="cyta.com.cy" site_id="88" xmltv_id="Rikhd">Rikhd</channel>
    <channel update="i" site="cyta.com.cy" site_id="89" xmltv_id="Hstb">Hstb</channel>
    <channel update="i" site="cyta.com.cy" site_id="90" xmltv_id="Drng">Drng</channel>
    <channel update="i" site="cyta.com.cy" site_id="91" xmltv_id="Dorcel">Dorcel</channel>
    <channel update="i" site="cyta.com.cy" site_id="92" xmltv_id="Hustlertv">Hustlertv</channel>
  </channels>
</site>