﻿<?xml version="1.0" encoding="UTF-8"?>
<site generator-info-name="WebGrab+Plus/w MDB &amp; REX Postprocess -- version  V3.1.0.0 -- Jan van Straaten" site="novacyprus.com">
  <channels>
    <channel update="i" site="novacyprus.com" site_id="621" xmltv_id="Novasports1 HD">Novasports1 HD</channel>
    <channel update="i" site="novacyprus.com" site_id="639" xmltv_id="Novasports2 HD">Novasports2 HD</channel>
    <channel update="i" site="novacyprus.com" site_id="669" xmltv_id="Novasports3 HD">Novasports3 HD</channel>
    <channel update="i" site="novacyprus.com" site_id="142" xmltv_id="Novasports4 HD">Novasports4 HD</channel>
    <channel update="i" site="novacyprus.com" site_id="17" xmltv_id="Novasports5 HD">Novasports5 HD</channel>
    <channel update="i" site="novacyprus.com" site_id="640" xmltv_id="Eurosport 1">Eurosport 1</channel>
    <channel update="i" site="novacyprus.com" site_id="641" xmltv_id="Eurosport2">Eurosport2</channel>
    <channel update="i" site="novacyprus.com" site_id="652" xmltv_id="Novacinema3 HD">Novacinema3 HD</channel>
    <channel update="i" site="novacyprus.com" site_id="141" xmltv_id="Υποθεση Ληστεια!">Υποθεση Ληστεια!</channel>
    <channel update="i" site="novacyprus.com" site_id="667" xmltv_id="Novacinema4 HD">Novacinema4 HD</channel>
    <channel update="i" site="novacyprus.com" site_id="570" xmltv_id="FOXlifε HD">FOXlifε HD</channel>
    <channel update="i" site="novacyprus.com" site_id="609" xmltv_id="FOX HD">FOX HD</channel>
    <channel update="i" site="novacyprus.com" site_id="619" xmltv_id="Discovery HD Showcase">Discovery HD Showcase</channel>
    <channel update="i" site="novacyprus.com" site_id="381" xmltv_id="Discovery Channel">Discovery Channel</channel>
    <channel update="i" site="novacyprus.com" site_id="645" xmltv_id="Animal Planet">Animal Planet</channel>
    <channel update="i" site="novacyprus.com" site_id="617" xmltv_id="National Geographic HD">National Geographic HD</channel>
    <channel update="i" site="novacyprus.com" site_id="580" xmltv_id="ViasatHistory">ViasatHistory</channel>
    <channel update="i" site="novacyprus.com" site_id="616" xmltv_id="National Geographic Wild HD">National Geographic Wild HD</channel>
    <channel update="i" site="novacyprus.com" site_id="586" xmltv_id="Travel Channel">Travel Channel</channel>
    <channel update="i" site="novacyprus.com" site_id="101" xmltv_id="Disney XD">Disney XD</channel>
    <channel update="i" site="novacyprus.com" site_id="610" xmltv_id="Boomerang">Boomerang</channel>
    <channel update="i" site="novacyprus.com" site_id="593" xmltv_id="Disney Channel">Disney Channel</channel>
    <channel update="i" site="novacyprus.com" site_id="588" xmltv_id="E! Entertainment">E! Entertainment</channel>
    <channel update="i" site="novacyprus.com" site_id="227" xmltv_id="MAD">MAD</channel>
    <channel update="i" site="novacyprus.com" site_id="582" xmltv_id="Mad Greekζ">Mad Greekζ</channel>
    <channel update="i" site="novacyprus.com" site_id="83" xmltv_id="MTV">MTV</channel>
    <channel update="i" site="novacyprus.com" site_id="547" xmltv_id="VH1">VH1</channel>
    <channel update="i" site="novacyprus.com" site_id="662" xmltv_id="Food Network">Food Network</channel>
    <channel update="i" site="novacyprus.com" site_id="54" xmltv_id="CNN">CNN</channel>
    <channel update="i" site="novacyprus.com" site_id="555" xmltv_id="i24news">i24news</channel>
    <channel update="i" site="novacyprus.com" site_id="523" xmltv_id="Bloomberg">Bloomberg</channel>
    <channel update="i" site="novacyprus.com" site_id="521" xmltv_id="Βουλή">Βουλή</channel>
    <channel update="i" site="novacyprus.com" site_id="53" xmltv_id="Novalifε">Novalifε</channel>
    <channel update="i" site="novacyprus.com" site_id="647" xmltv_id="Open TV">Open TV</channel>
    <channel update="i" site="novacyprus.com" site_id="544" xmltv_id="Nickelodeon">Nickelodeon</channel>
    <channel update="i" site="novacyprus.com" site_id="661" xmltv_id="FOX Sports HD">FOX Sports HD</channel>
    <channel update="i" site="novacyprus.com" site_id="614" xmltv_id="Novacinema1 HD">Novacinema1 HD</channel>
    <channel update="i" site="novacyprus.com" site_id="653" xmltv_id="Novacinema2 HD">Novacinema2 HD</channel>
  </channels>
</site>