﻿<?xml version="1.0" encoding="UTF-8"?>
<site generator-info-name="WebGrab+Plus/w MDB &amp; REX Postprocess -- version  V1.57 -- Jan van Straaten" site="primetel.com.cy">
  <channels>
    <channel update="i" site="primetel.com.cy" site_id="255" xmltv_id="EPT1">EPT1</channel>
    <channel update="i" site="primetel.com.cy" site_id="28" xmltv_id="CyBC1">CyBC1</channel>
    <channel update="i" site="primetel.com.cy" site_id="33" xmltv_id="CyBC2">CyBC2</channel>
    <channel update="i" site="primetel.com.cy" site_id="30" xmltv_id="Sigma">Sigma</channel>
    <channel update="i" site="primetel.com.cy" site_id="31" xmltv_id="ANT1">ANT1</channel>
    <channel update="i" site="primetel.com.cy" site_id="32" xmltv_id="Mega">Mega</channel>
    <channel update="i" site="primetel.com.cy" site_id="201" xmltv_id="Plus TV">Plus TV</channel>
    <channel update="i" site="primetel.com.cy" site_id="219" xmltv_id="Capital">Capital</channel>
    <channel update="i" site="primetel.com.cy" site_id="295" xmltv_id="Alpha Cyprus">Alpha Cyprus</channel>
    <channel update="i" site="primetel.com.cy" site_id="777485" xmltv_id="Extra TV">Extra TV</channel>
    <channel update="i" site="primetel.com.cy" site_id="305" xmltv_id="TV Mall">TV Mall</channel>
    <channel update="i" site="primetel.com.cy" site_id="18" xmltv_id="Euronews">Euronews</channel>
    <channel update="i" site="primetel.com.cy" site_id="19" xmltv_id="BBC World">BBC World</channel>
    <channel update="i" site="primetel.com.cy" site_id="44" xmltv_id="CNN">CNN</channel>
    <channel update="i" site="primetel.com.cy" site_id="190" xmltv_id="Sky News">Sky News</channel>
    <channel update="i" site="primetel.com.cy" site_id="65" xmltv_id="CNBC">CNBC</channel>
    <channel update="i" site="primetel.com.cy" site_id="64" xmltv_id="Bloomberg">Bloomberg</channel>
    <channel update="i" site="primetel.com.cy" site_id="66" xmltv_id="Al Jazeera">Al Jazeera</channel>
    <channel update="i" site="primetel.com.cy" site_id="192" xmltv_id="Al Jazeera Int">Al Jazeera Int</channel>
    <channel update="i" site="primetel.com.cy" site_id="40" xmltv_id="DW-TV">DW-TV</channel>
    <channel update="i" site="primetel.com.cy" site_id="196" xmltv_id="France 24 Eng">France 24 Eng</channel>
    <channel update="i" site="primetel.com.cy" site_id="195" xmltv_id="France 24 Fr">France 24 Fr</channel>
    <channel update="i" site="primetel.com.cy" site_id="228" xmltv_id="France 24 Arab">France 24 Arab</channel>
    <channel update="i" site="primetel.com.cy" site_id="38" xmltv_id="EuroSport">EuroSport</channel>
    <channel update="i" site="primetel.com.cy" site_id="39" xmltv_id="EuroSport2">EuroSport2</channel>
    <channel update="i" site="primetel.com.cy" site_id="1359594" xmltv_id="Fox Sports">Fox Sports</channel>
    <channel update="i" site="primetel.com.cy" site_id="1489932" xmltv_id="Extreme Sports">Extreme Sports</channel>
    <channel update="i" site="primetel.com.cy" site_id="113135" xmltv_id="Motorvision">Motorvision</channel>
    <channel update="i" site="primetel.com.cy" site_id="101" xmltv_id="PrimeTel">PrimeTel</channel>
    <channel update="i" site="primetel.com.cy" site_id="616381" xmltv_id="PrimeTel 2">PrimeTel 2</channel>
    <channel update="i" site="primetel.com.cy" site_id="48" xmltv_id="TCM">TCM</channel>
    <channel update="i" site="primetel.com.cy" site_id="212" xmltv_id="Fox">Fox</channel>
    <channel update="i" site="primetel.com.cy" site_id="1284826" xmltv_id="E! ">E! </channel>
    <channel update="i" site="primetel.com.cy" site_id="202" xmltv_id="English Club TV">English Club TV</channel>
    <channel update="i" site="primetel.com.cy" site_id="80" xmltv_id="Travel Channel">Travel Channel</channel>
    <channel update="i" site="primetel.com.cy" site_id="278" xmltv_id="Nat. Geographic">Nat. Geographic</channel>
    <channel update="i" site="primetel.com.cy" site_id="67" xmltv_id="Discovery Channel">Discovery Channel</channel>
    <channel update="i" site="primetel.com.cy" site_id="68" xmltv_id="Discovery Science">Discovery Science</channel>
    <channel update="i" site="primetel.com.cy" site_id="69" xmltv_id="Discovery Family">Discovery Family</channel>
    <channel update="i" site="primetel.com.cy" site_id="61" xmltv_id="TLC">TLC</channel>
    <channel update="i" site="primetel.com.cy" site_id="197" xmltv_id="BBC Entertainment">BBC Entertainment</channel>
    <channel update="i" site="primetel.com.cy" site_id="1161523" xmltv_id="ID Xtra">ID Xtra</channel>
    <channel update="i" site="primetel.com.cy" site_id="1154767" xmltv_id="Food Network">Food Network</channel>
    <channel update="i" site="primetel.com.cy" site_id="47" xmltv_id="Cartoon Network">Cartoon Network</channel>
    <channel update="i" site="primetel.com.cy" site_id="412115" xmltv_id="Boomerang">Boomerang</channel>
    <channel update="i" site="primetel.com.cy" site_id="61552" xmltv_id="Disney Channel">Disney Channel</channel>
    <channel update="i" site="primetel.com.cy" site_id="61559" xmltv_id="Disney Junior">Disney Junior</channel>
    <channel update="i" site="primetel.com.cy" site_id="61576" xmltv_id="Disney XD">Disney XD</channel>
    <channel update="i" site="primetel.com.cy" site_id="76774" xmltv_id="Baby TV">Baby TV</channel>
    <channel update="i" site="primetel.com.cy" site_id="62" xmltv_id="Fashion TV">Fashion TV</channel>
    <channel update="i" site="primetel.com.cy" site_id="43" xmltv_id="Nautical Channel">Nautical Channel</channel>
    <channel update="i" site="primetel.com.cy" site_id="511639" xmltv_id="MADcy">MADcy</channel>
    <channel update="i" site="primetel.com.cy" site_id="26" xmltv_id="ORT">ORT</channel>
    <channel update="i" site="primetel.com.cy" site_id="1142718" xmltv_id="RIK HD">RIK HD</channel>
    <channel update="i" site="primetel.com.cy" site_id="222" xmltv_id="MotorvisionHD">MotorvisionHD</channel>
    <channel update="i" site="primetel.com.cy" site_id="333163" xmltv_id="Discovery HD">Discovery HD</channel>
    <channel update="i" site="primetel.com.cy" site_id="426966" xmltv_id="Duck TV HD">Duck TV HD</channel>
    <channel update="i" site="primetel.com.cy" site_id="391377" xmltv_id="FashionTV HD">FashionTV HD</channel>
    <channel update="i" site="primetel.com.cy" site_id="683003" xmltv_id="Food Network HD">Food Network HD</channel>
    <channel update="i" site="primetel.com.cy" site_id="1672872" xmltv_id="Nautica Channel HD">Nautica Channel HD</channel>
  </channels>
</site>