﻿<?xml version="1.0" encoding="UTF-8"?>
<site generator-info-name="WebGrab+Plus/w MDB &amp; REX Postprocess -- version V3.0.3.5 -- Jan van Straaten" site="tvguide.cablenetcy.net">
  <channels>
    <channel update="i" site="tvguide.cablenetcy.net" site_id="51002" xmltv_id="PIK 1">PIK 1</channel>
    <channel update="i" site="tvguide.cablenetcy.net" site_id="51003" xmltv_id="PIK 2">PIK 2</channel>
    <channel update="i" site="tvguide.cablenetcy.net" site_id="51004" xmltv_id="ANT">ANT</channel>
    <channel update="i" site="tvguide.cablenetcy.net" site_id="51005" xmltv_id="OMEGA">OMEGA</channel>
    <channel update="i" site="tvguide.cablenetcy.net" site_id="51006" xmltv_id="SIGMA">SIGMA</channel>
    <channel update="i" site="tvguide.cablenetcy.net" site_id="51007" xmltv_id="PLUS">PLUS</channel>
    <channel update="i" site="tvguide.cablenetcy.net" site_id="51008" xmltv_id="EXTRA TV">EXTRA TV</channel>
    <channel update="i" site="tvguide.cablenetcy.net" site_id="51009" xmltv_id="CAPITAL">CAPITAL</channel>
    <channel update="i" site="tvguide.cablenetcy.net" site_id="51010" xmltv_id="MAD CY">MAD CY</channel>
    <channel update="i" site="tvguide.cablenetcy.net" site_id="51011" xmltv_id="A KYNPOY">A KYNPOY</channel>
    <channel update="i" site="tvguide.cablenetcy.net" site_id="51013" xmltv_id="cbcTVMALL">cbcTVMALL</channel>
    <channel update="i" site="tvguide.cablenetcy.net" site_id="51016" xmltv_id="SMILE TV">SMILE TV</channel>
    <channel update="i" site="tvguide.cablenetcy.net" site_id="51017" xmltv_id="APT">APT</channel>
    <channel update="i" site="tvguide.cablenetcy.net" site_id="51018" xmltv_id="ERT">ERT</channel>
    <channel update="i" site="tvguide.cablenetcy.net" site_id="51019" xmltv_id="4E">4E</channel>
    <channel update="i" site="tvguide.cablenetcy.net" site_id="51021" xmltv_id="RIK HD">RIK HD</channel>
    <channel update="i" site="tvguide.cablenetcy.net" site_id="51101" xmltv_id="MoviesBest">MoviesBest</channel>
    <channel update="i" site="tvguide.cablenetcy.net" site_id="51102" xmltv_id="FOX">FOX</channel>
    <channel update="i" site="tvguide.cablenetcy.net" site_id="51103" xmltv_id="FOX LIFE">FOX LIFE</channel>
    <channel update="i" site="tvguide.cablenetcy.net" site_id="51106" xmltv_id="GreekCinema">GreekCinema</channel>
    <channel update="i" site="tvguide.cablenetcy.net" site_id="51111" xmltv_id="Cablenet1HD">Cablenet1HD</channel>
    <channel update="i" site="tvguide.cablenetcy.net" site_id="51151" xmltv_id="Novacinema1HD">Novacinema1HD</channel>
    <channel update="i" site="tvguide.cablenetcy.net" site_id="51152" xmltv_id="Novacinema2HD">Novacinema2HD</channel>
    <channel update="i" site="tvguide.cablenetcy.net" site_id="51153" xmltv_id="Novacinema3HD">Novacinema3HD</channel>
    <channel update="i" site="tvguide.cablenetcy.net" site_id="51154" xmltv_id="Novacinema4HD">Novacinema4HD</channel>
    <channel update="i" site="tvguide.cablenetcy.net" site_id="51201" xmltv_id="DISCOVERY SHOWCASE HD">DISCOVERY SHOWCASE HD</channel>
    <channel update="i" site="tvguide.cablenetcy.net" site_id="51203" xmltv_id="DISCOVERY CHANNEL">DISCOVERY CHANNEL</channel>
    <channel update="i" site="tvguide.cablenetcy.net" site_id="51204" xmltv_id="NATIONAL GEOGRAPHIC">NATIONAL GEOGRAPHIC</channel>
    <channel update="i" site="tvguide.cablenetcy.net" site_id="51205" xmltv_id="NAT GEO WILD HD">NAT GEO WILD HD</channel>
    <channel update="i" site="tvguide.cablenetcy.net" site_id="51206" xmltv_id="ANIMAL PLANET HD">ANIMAL PLANET HD</channel>
    <channel update="i" site="tvguide.cablenetcy.net" site_id="51207" xmltv_id="DISCOVERY SCIENCE HD">DISCOVERY SCIENCE HD</channel>
    <channel update="i" site="tvguide.cablenetcy.net" site_id="51209" xmltv_id="BBC EARTH HD">BBC EARTH HD</channel>
    <channel update="i" site="tvguide.cablenetcy.net" site_id="51210" xmltv_id="HISTORY HD">HISTORY HD</channel>
    <channel update="i" site="tvguide.cablenetcy.net" site_id="51211" xmltv_id="IDX">IDX</channel>
    <channel update="i" site="tvguide.cablenetcy.net" site_id="51213" xmltv_id="RT DOC">RT DOC</channel>
    <channel update="i" site="tvguide.cablenetcy.net" site_id="51301" xmltv_id="DISNEY CHANNEL">DISNEY CHANNEL</channel>
    <channel update="i" site="tvguide.cablenetcy.net" site_id="51302" xmltv_id="DISNEY XD">DISNEY XD</channel>
    <channel update="i" site="tvguide.cablenetcy.net" site_id="51303" xmltv_id="DISNEY JUNIOR">DISNEY JUNIOR</channel>
    <channel update="i" site="tvguide.cablenetcy.net" site_id="51304" xmltv_id="CARTOON NETWORK">CARTOON NETWORK</channel>
    <channel update="i" site="tvguide.cablenetcy.net" site_id="51305" xmltv_id="BOOMERANG">BOOMERANG</channel>
    <channel update="i" site="tvguide.cablenetcy.net" site_id="51307" xmltv_id="BABY TV">BABY TV</channel>
    <channel update="i" site="tvguide.cablenetcy.net" site_id="51308" xmltv_id="DUCK TV">DUCK TV</channel>
    <channel update="i" site="tvguide.cablenetcy.net" site_id="51309" xmltv_id="DUCK TV HD">DUCK TV HD</channel>
    <channel update="i" site="tvguide.cablenetcy.net" site_id="51401" xmltv_id="WORLD FASHION HD">WORLD FASHION HD</channel>
    <channel update="i" site="tvguide.cablenetcy.net" site_id="51402" xmltv_id="E! ENTERTAINMENT">E! ENTERTAINMENT</channel>
    <channel update="i" site="tvguide.cablenetcy.net" site_id="51403" xmltv_id="TLC">TLC</channel>
    <channel update="i" site="tvguide.cablenetcy.net" site_id="51404" xmltv_id="FOOD NETWORK">FOOD NETWORK</channel>
    <channel update="i" site="tvguide.cablenetcy.net" site_id="51405" xmltv_id="BBC ENTERTAINMENT">BBC ENTERTAINMENT</channel>
    <channel update="i" site="tvguide.cablenetcy.net" site_id="51406" xmltv_id="TV5">TV5</channel>
    <channel update="i" site="tvguide.cablenetcy.net" site_id="51407" xmltv_id="TVP">TVP</channel>
    <channel update="i" site="tvguide.cablenetcy.net" site_id="51408" xmltv_id="PRO TV INT">PRO TV INT</channel>
    <channel update="i" site="tvguide.cablenetcy.net" site_id="51409" xmltv_id="TRACE SPORTS STARS HD">TRACE SPORTS STARS HD</channel>
    <channel update="i" site="tvguide.cablenetcy.net" site_id="51410" xmltv_id="DW GER">DW GER</channel>
    <channel update="i" site="tvguide.cablenetcy.net" site_id="51501" xmltv_id="FOX SPORTS HD">FOX SPORTS HD</channel>
    <channel update="i" site="tvguide.cablenetcy.net" site_id="51502" xmltv_id="EUROSPORT HD">EUROSPORT HD</channel>
    <channel update="i" site="tvguide.cablenetcy.net" site_id="51503" xmltv_id="EUROSPORT 2">EUROSPORT 2</channel>
    <channel update="i" site="tvguide.cablenetcy.net" site_id="51504" xmltv_id="MOTORVISION HD">MOTORVISION HD</channel>
    <channel update="i" site="tvguide.cablenetcy.net" site_id="51505" xmltv_id="NAUTICAL CHANNEL HD">NAUTICAL CHANNEL HD</channel>
    <channel update="i" site="tvguide.cablenetcy.net" site_id="51506" xmltv_id="OUTDOOR HD">OUTDOOR HD</channel>
    <channel update="i" site="tvguide.cablenetcy.net" site_id="51507" xmltv_id="EDGESPORT HD">EDGESPORT HD</channel>
    <channel update="i" site="tvguide.cablenetcy.net" site_id="51508" xmltv_id="GINX">GINX</channel>
    <channel update="i" site="tvguide.cablenetcy.net" site_id="51511" xmltv_id="CablenetSports1HD">CablenetSports1HD</channel>
    <channel update="i" site="tvguide.cablenetcy.net" site_id="51512" xmltv_id="CablenetSports2HD">CablenetSports2HD</channel>
    <channel update="i" site="tvguide.cablenetcy.net" site_id="51513" xmltv_id="7SportsHD">7SportsHD</channel>
    <channel update="i" site="tvguide.cablenetcy.net" site_id="51521" xmltv_id="Primetel Sports1">Primetel Sports1</channel>
    <channel update="i" site="tvguide.cablenetcy.net" site_id="51522" xmltv_id="Primetel Sports2">Primetel Sports2</channel>
    <channel update="i" site="tvguide.cablenetcy.net" site_id="51523" xmltv_id="Primetel Sports3">Primetel Sports3</channel>
    <channel update="i" site="tvguide.cablenetcy.net" site_id="51551" xmltv_id="Novasports1HD">Novasports1HD</channel>
    <channel update="i" site="tvguide.cablenetcy.net" site_id="51552" xmltv_id="Novasports2HD">Novasports2HD</channel>
    <channel update="i" site="tvguide.cablenetcy.net" site_id="51553" xmltv_id="Novasports3HD">Novasports3HD</channel>
    <channel update="i" site="tvguide.cablenetcy.net" site_id="51554" xmltv_id="Novasports4HD">Novasports4HD</channel>
    <channel update="i" site="tvguide.cablenetcy.net" site_id="51555" xmltv_id="Novasports5HD">Novasports5HD</channel>
    <channel update="i" site="tvguide.cablenetcy.net" site_id="51558" xmltv_id="Novasports24HD">Novasports24HD</channel>
    <channel update="i" site="tvguide.cablenetcy.net" site_id="51601" xmltv_id="SKY NEWS HD">SKY NEWS HD</channel>
    <channel update="i" site="tvguide.cablenetcy.net" site_id="51602" xmltv_id="CNN HD">CNN HD</channel>
    <channel update="i" site="tvguide.cablenetcy.net" site_id="51603" xmltv_id="EURONEWS">EURONEWS</channel>
    <channel update="i" site="tvguide.cablenetcy.net" site_id="51604" xmltv_id="BLOOMBERG">BLOOMBERG</channel>
    <channel update="i" site="tvguide.cablenetcy.net" site_id="51605" xmltv_id="BBC WORLD">BBC WORLD</channel>
    <channel update="i" site="tvguide.cablenetcy.net" site_id="51606" xmltv_id="CNBC">CNBC</channel>
    <channel update="i" site="tvguide.cablenetcy.net" site_id="51607" xmltv_id="DW">DW</channel>
    <channel update="i" site="tvguide.cablenetcy.net" site_id="51608" xmltv_id="FRANCE 24 ENG">FRANCE 24 ENG</channel>
    <channel update="i" site="tvguide.cablenetcy.net" site_id="51609" xmltv_id="AL JAZEERA ENG">AL JAZEERA ENG</channel>
    <channel update="i" site="tvguide.cablenetcy.net" site_id="51610" xmltv_id="RUSSIA TODAY">RUSSIA TODAY</channel>
    <channel update="i" site="tvguide.cablenetcy.net" site_id="51611" xmltv_id="FRANCE 24 FRE">FRANCE 24 FRE</channel>
    <channel update="i" site="tvguide.cablenetcy.net" site_id="51612" xmltv_id="FRANCE 24 ARA">FRANCE 24 ARA</channel>
    <channel update="i" site="tvguide.cablenetcy.net" site_id="51614" xmltv_id="RUSIYA AL-YAUM">RUSIYA AL-YAUM</channel>
    <channel update="i" site="tvguide.cablenetcy.net" site_id="51615" xmltv_id="EURONEWS HD ENG">EURONEWS HD ENG</channel>
    <channel update="i" site="tvguide.cablenetcy.net" site_id="51701" xmltv_id="CLASSICA HD">CLASSICA HD</channel>
    <channel update="i" site="tvguide.cablenetcy.net" site_id="51703" xmltv_id="MAD Viral">MAD Viral</channel>
    <channel update="i" site="tvguide.cablenetcy.net" site_id="51704" xmltv_id="MAD Greekz">MAD Greekz</channel>
  </channels>
</site>