﻿<?xml version="1.0" encoding="UTF-8"?>
<site generator-info-name="WebGrab+Plus/w MDB &amp; REX Postprocess -- version V1.56.28 -- Jan van Straaten" site="avcsa.com.ar">
  <channels>
    <channel update="i" site="avcsa.com.ar" site_id="3" xmltv_id="26 TV">26 TV</channel>
    <channel update="i" site="avcsa.com.ar" site_id="2000" xmltv_id="360 TV">360 TV</channel>
    <channel update="i" site="avcsa.com.ar" site_id="53" xmltv_id="8 MAR DEL PLATA">8 MAR DEL PLATA</channel>
    <channel update="i" site="avcsa.com.ar" site_id="167" xmltv_id="A&amp;E MUNDO">A&amp;E MUNDO</channel>
    <channel update="i" site="avcsa.com.ar" site_id="1584" xmltv_id="A&amp;E MUNDO HD">A&amp;E MUNDO HD</channel>
    <channel update="i" site="avcsa.com.ar" site_id="97" xmltv_id="AMC">AMC</channel>
    <channel update="i" site="avcsa.com.ar" site_id="4" xmltv_id="AMERICA 2">AMERICA 2</channel>
    <channel update="i" site="avcsa.com.ar" site_id="343" xmltv_id="AMERICA 24">AMERICA 24</channel>
    <channel update="i" site="avcsa.com.ar" site_id="84" xmltv_id="AMERICA SPORTS SATELITAL">AMERICA SPORTS SATELITAL</channel>
    <channel update="i" site="avcsa.com.ar" site_id="1623" xmltv_id="ANIMAL PLANET">ANIMAL PLANET</channel>
    <channel update="i" site="avcsa.com.ar" site_id="57" xmltv_id="ARGENTINISIMA SATELITAL">ARGENTINISIMA SATELITAL</channel>
    <channel update="i" site="avcsa.com.ar" site_id="100" xmltv_id="AXN">AXN</channel>
    <channel update="i" site="avcsa.com.ar" site_id="1862" xmltv_id="AXN HD">AXN HD</channel>
    <channel update="i" site="avcsa.com.ar" site_id="709" xmltv_id="C5N">C5N</channel>
    <channel update="i" site="avcsa.com.ar" site_id="6" xmltv_id="CANAL 13">CANAL 13</channel>
    <channel update="i" site="avcsa.com.ar" site_id="1341" xmltv_id="CANAL 13 BS.AS. HD">CANAL 13 BS.AS. HD</channel>
    <channel update="i" site="avcsa.com.ar" site_id="135" xmltv_id="CANAL 7">CANAL 7</channel>
    <channel update="i" site="avcsa.com.ar" site_id="1569" xmltv_id="CANAL 7 HD">CANAL 7 HD</channel>
    <channel update="i" site="avcsa.com.ar" site_id="1612" xmltv_id="CANAL 9">CANAL 9</channel>
    <channel update="i" site="avcsa.com.ar" site_id="58" xmltv_id="CANAL A">CANAL A</channel>
    <channel update="i" site="avcsa.com.ar" site_id="230" xmltv_id="CANAL DE LA MUSICA">CANAL DE LA MUSICA</channel>
    <channel update="i" site="avcsa.com.ar" site_id="9" xmltv_id="CANAL DE LAS ESTRELLAS">CANAL DE LAS ESTRELLAS</channel>
    <channel update="i" site="avcsa.com.ar" site_id="349" xmltv_id="CANAL LUZ">CANAL LUZ</channel>
    <channel update="i" site="avcsa.com.ar" site_id="1063" xmltv_id="CANAL ORBE 21">CANAL ORBE 21</channel>
    <channel update="i" site="avcsa.com.ar" site_id="11" xmltv_id="CANAL RURAL">CANAL RURAL</channel>
    <channel update="i" site="avcsa.com.ar" site_id="273" xmltv_id="CANAL VASCO">CANAL VASCO</channel>
    <channel update="i" site="avcsa.com.ar" site_id="226" xmltv_id="CARTOON NETWORK">CARTOON NETWORK</channel>
    <channel update="i" site="avcsa.com.ar" site_id="1330" xmltv_id="CCTV 4">CCTV 4</channel>
    <channel update="i" site="avcsa.com.ar" site_id="15" xmltv_id="CINECANAL">CINECANAL</channel>
    <channel update="i" site="avcsa.com.ar" site_id="1292" xmltv_id="CINECANAL HD">CINECANAL HD</channel>
    <channel update="i" site="avcsa.com.ar" site_id="1355" xmltv_id="CINEMAX">CINEMAX</channel>
    <channel update="i" site="avcsa.com.ar" site_id="1345" xmltv_id="CN 23">CN 23</channel>
    <channel update="i" site="avcsa.com.ar" site_id="62" xmltv_id="CNN EN ESPAÑOL">CNN EN ESPAÑOL</channel>
    <channel update="i" site="avcsa.com.ar" site_id="312" xmltv_id="CONEXIÓN EDUCATIVA">CONEXIÓN EDUCATIVA</channel>
    <channel update="i" site="avcsa.com.ar" site_id="1390" xmltv_id="DESTINOS TV">DESTINOS TV</channel>
    <channel update="i" site="avcsa.com.ar" site_id="17" xmltv_id="DISCOVERY">DISCOVERY</channel>
    <channel update="i" site="avcsa.com.ar" site_id="494" xmltv_id="DISCOVERY CIVILIZATION">DISCOVERY CIVILIZATION</channel>
    <channel update="i" site="avcsa.com.ar" site_id="111" xmltv_id="DISCOVERY ID">DISCOVERY ID</channel>
    <channel update="i" site="avcsa.com.ar" site_id="2266" xmltv_id="DISCOVERY ID HD">DISCOVERY ID HD</channel>
    <channel update="i" site="avcsa.com.ar" site_id="76" xmltv_id="DISCOVERY KIDS">DISCOVERY KIDS</channel>
    <channel update="i" site="avcsa.com.ar" site_id="493" xmltv_id="DISCOVERY SCIENCE">DISCOVERY SCIENCE</channel>
    <channel update="i" site="avcsa.com.ar" site_id="1181" xmltv_id="DISCOVERY THEATER HD">DISCOVERY THEATER HD</channel>
    <channel update="i" site="avcsa.com.ar" site_id="492" xmltv_id="DISCOVERY TURBO">DISCOVERY TURBO</channel>
    <channel update="i" site="avcsa.com.ar" site_id="1389" xmltv_id="DISCOVERY WORLD HD">DISCOVERY WORLD HD</channel>
    <channel update="i" site="avcsa.com.ar" site_id="136" xmltv_id="DISNEY">DISNEY</channel>
    <channel update="i" site="avcsa.com.ar" site_id="2457" xmltv_id="DISNEY HD">DISNEY HD</channel>
    <channel update="i" site="avcsa.com.ar" site_id="756" xmltv_id="DISNEY JR.">DISNEY JR.</channel>
    <channel update="i" site="avcsa.com.ar" site_id="325" xmltv_id="DISNEY XD">DISNEY XD</channel>
    <channel update="i" site="avcsa.com.ar" site_id="358" xmltv_id="EL GARAGE">EL GARAGE</channel>
    <channel update="i" site="avcsa.com.ar" site_id="125" xmltv_id="EL GOURMET.COM">EL GOURMET.COM</channel>
    <channel update="i" site="avcsa.com.ar" site_id="477" xmltv_id="ENCUENTRO">ENCUENTRO</channel>
    <channel update="i" site="avcsa.com.ar" site_id="50" xmltv_id="ENTERTAINMENT TELEVISION">ENTERTAINMENT TELEVISION</channel>
    <channel update="i" site="avcsa.com.ar" site_id="18" xmltv_id="ESPN">ESPN</channel>
    <channel update="i" site="avcsa.com.ar" site_id="1132" xmltv_id="ESPN +">ESPN +</channel>
    <channel update="i" site="avcsa.com.ar" site_id="229" xmltv_id="ESPN 2">ESPN 2</channel>
    <channel update="i" site="avcsa.com.ar" site_id="184" xmltv_id="EUROPA EUROPA">EUROPA EUROPA</channel>
    <channel update="i" site="avcsa.com.ar" site_id="64" xmltv_id="EWTN">EWTN</channel>
    <channel update="i" site="avcsa.com.ar" site_id="98" xmltv_id="FILM ZONE">FILM ZONE</channel>
    <channel update="i" site="avcsa.com.ar" site_id="19" xmltv_id="FOX">FOX</channel>
    <channel update="i" site="avcsa.com.ar" site_id="83" xmltv_id="FOX 1 ESTE">FOX 1 ESTE</channel>
    <channel update="i" site="avcsa.com.ar" site_id="241" xmltv_id="FOX 1 OESTE">FOX 1 OESTE</channel>
    <channel update="i" site="avcsa.com.ar" site_id="583" xmltv_id="FOX ACTION ESTE">FOX ACTION ESTE</channel>
    <channel update="i" site="avcsa.com.ar" site_id="700" xmltv_id="FOX ACTION OESTE">FOX ACTION OESTE</channel>
    <channel update="i" site="avcsa.com.ar" site_id="324" xmltv_id="FOX CLASSICS">FOX CLASSICS</channel>
    <channel update="i" site="avcsa.com.ar" site_id="1016" xmltv_id="FOX FAMILY ESTE">FOX FAMILY ESTE</channel>
    <channel update="i" site="avcsa.com.ar" site_id="1017" xmltv_id="FOX FAMILY OESTE">FOX FAMILY OESTE</channel>
    <channel update="i" site="avcsa.com.ar" site_id="879" xmltv_id="FOX HD">FOX HD</channel>
    <channel update="i" site="avcsa.com.ar" site_id="366" xmltv_id="FOX LIFE">FOX LIFE</channel>
    <channel update="i" site="avcsa.com.ar" site_id="589" xmltv_id="FOX MOVIES">FOX MOVIES</channel>
    <channel update="i" site="avcsa.com.ar" site_id="56" xmltv_id="FOX SPORTS">FOX SPORTS</channel>
    <channel update="i" site="avcsa.com.ar" site_id="978" xmltv_id="FOX SPORTS 2">FOX SPORTS 2</channel>
    <channel update="i" site="avcsa.com.ar" site_id="362" xmltv_id="FOX SPORTS 3">FOX SPORTS 3</channel>
    <channel update="i" site="avcsa.com.ar" site_id="979" xmltv_id="FOX SPORTS HD">FOX SPORTS HD</channel>
    <channel update="i" site="avcsa.com.ar" site_id="760" xmltv_id="FOX SY FY">FOX SY FY</channel>
    <channel update="i" site="avcsa.com.ar" site_id="353" xmltv_id="FX">FX</channel>
    <channel update="i" site="avcsa.com.ar" site_id="65" xmltv_id="GALICIA TV">GALICIA TV</channel>
    <channel update="i" site="avcsa.com.ar" site_id="728" xmltv_id="HAPSA (TURF)">HAPSA (TURF)</channel>
    <channel update="i" site="avcsa.com.ar" site_id="21" xmltv_id="HBO">HBO</channel>
    <channel update="i" site="avcsa.com.ar" site_id="2127" xmltv_id="HBO 2">HBO 2</channel>
    <channel update="i" site="avcsa.com.ar" site_id="335" xmltv_id="HBO FAMILY">HBO FAMILY</channel>
    <channel update="i" site="avcsa.com.ar" site_id="2165" xmltv_id="HBO PLUS">HBO PLUS</channel>
    <channel update="i" site="avcsa.com.ar" site_id="178" xmltv_id="HISTORY">HISTORY</channel>
    <channel update="i" site="avcsa.com.ar" site_id="1499" xmltv_id="HISTORY HD">HISTORY HD</channel>
    <channel update="i" site="avcsa.com.ar" site_id="340" xmltv_id="HOME AND HEALTH">HOME AND HEALTH</channel>
    <channel update="i" site="avcsa.com.ar" site_id="2218" xmltv_id="HOME AND HEALTH HD">HOME AND HEALTH HD</channel>
    <channel update="i" site="avcsa.com.ar" site_id="115" xmltv_id="HTV">HTV</channel>
    <channel update="i" site="avcsa.com.ar" site_id="22" xmltv_id="I-SAT">I-SAT</channel>
    <channel update="i" site="avcsa.com.ar" site_id="1605" xmltv_id="INCAA TV">INCAA TV</channel>
    <channel update="i" site="avcsa.com.ar" site_id="758" xmltv_id="LA100">LA100</channel>
    <channel update="i" site="avcsa.com.ar" site_id="2788" xmltv_id="LIFETIME">LIFETIME</channel>
    <channel update="i" site="avcsa.com.ar" site_id="25" xmltv_id="M TV">M TV</channel>
    <channel update="i" site="avcsa.com.ar" site_id="26" xmltv_id="MAGAZINE">MAGAZINE</channel>
    <channel update="i" site="avcsa.com.ar" site_id="108" xmltv_id="MAS CHIC">MAS CHIC</channel>
    <channel update="i" site="avcsa.com.ar" site_id="27" xmltv_id="METRO">METRO</channel>
    <channel update="i" site="avcsa.com.ar" site_id="2581" xmltv_id="MUNDO FOX">MUNDO FOX</channel>
    <channel update="i" site="avcsa.com.ar" site_id="1184" xmltv_id="NAT GEO WILD">NAT GEO WILD</channel>
    <channel update="i" site="avcsa.com.ar" site_id="164" xmltv_id="NATIONAL GEOGRAPHIC">NATIONAL GEOGRAPHIC</channel>
    <channel update="i" site="avcsa.com.ar" site_id="2710" xmltv_id="NATIONAL GEOGRAPHIC HD">NATIONAL GEOGRAPHIC HD</channel>
    <channel update="i" site="avcsa.com.ar" site_id="60" xmltv_id="NICKELODEON">NICKELODEON</channel>
    <channel update="i" site="avcsa.com.ar" site_id="1492" xmltv_id="PAKAPAKA">PAKAPAKA</channel>
    <channel update="i" site="avcsa.com.ar" site_id="2001" xmltv_id="PENTHOUSE">PENTHOUSE</channel>
    <channel update="i" site="avcsa.com.ar" site_id="114" xmltv_id="PLAYBOY">PLAYBOY</channel>
    <channel update="i" site="avcsa.com.ar" site_id="2296" xmltv_id="QM NOTICIAS">QM NOTICIAS</channel>
    <channel update="i" site="avcsa.com.ar" site_id="779" xmltv_id="QUIERO MUSICA">QUIERO MUSICA</channel>
    <channel update="i" site="avcsa.com.ar" site_id="1680" xmltv_id="RADIO CONTINENTAL AM 590">RADIO CONTINENTAL AM 590</channel>
    <channel update="i" site="avcsa.com.ar" site_id="757" xmltv_id="RADIO MITRE 790">RADIO MITRE 790</channel>
    <channel update="i" site="avcsa.com.ar" site_id="29" xmltv_id="RAI">RAI</channel>
    <channel update="i" site="avcsa.com.ar" site_id="1502" xmltv_id="RT TV">RT TV</channel>
    <channel update="i" site="avcsa.com.ar" site_id="380" xmltv_id="SEMBRANDO">SEMBRANDO</channel>
    <channel update="i" site="avcsa.com.ar" site_id="32" xmltv_id="SONY">SONY</channel>
    <channel update="i" site="avcsa.com.ar" site_id="1579" xmltv_id="SONY HD">SONY HD</channel>
    <channel update="i" site="avcsa.com.ar" site_id="33" xmltv_id="SPACE">SPACE</channel>
    <channel update="i" site="avcsa.com.ar" site_id="1257" xmltv_id="SPACE HD">SPACE HD</channel>
    <channel update="i" site="avcsa.com.ar" site_id="77" xmltv_id="STUDIO UNIVERSAL">STUDIO UNIVERSAL</channel>
    <channel update="i" site="avcsa.com.ar" site_id="1967" xmltv_id="TBS VERYFUNNY">TBS VERYFUNNY</channel>
    <channel update="i" site="avcsa.com.ar" site_id="328" xmltv_id="TCM">TCM</channel>
    <channel update="i" site="avcsa.com.ar" site_id="1999" xmltv_id="TECNOPOLIS">TECNOPOLIS</channel>
    <channel update="i" site="avcsa.com.ar" site_id="35" xmltv_id="TELEFE">TELEFE</channel>
    <channel update="i" site="avcsa.com.ar" site_id="388" xmltv_id="TELESUR">TELESUR</channel>
    <channel update="i" site="avcsa.com.ar" site_id="36" xmltv_id="TN">TN</channel>
    <channel update="i" site="avcsa.com.ar" site_id="37" xmltv_id="TNT">TNT</channel>
    <channel update="i" site="avcsa.com.ar" site_id="1606" xmltv_id="TNT HD">TNT HD</channel>
    <channel update="i" site="avcsa.com.ar" site_id="2999" xmltv_id="TNT SERIES">TNT SERIES</channel>
    <channel update="i" site="avcsa.com.ar" site_id="912" xmltv_id="TRU TV">TRU TV</channel>
    <channel update="i" site="avcsa.com.ar" site_id="1260" xmltv_id="TRU TV HD">TRU TV HD</channel>
    <channel update="i" site="avcsa.com.ar" site_id="59" xmltv_id="TVE">TVE</channel>
    <channel update="i" site="avcsa.com.ar" site_id="39" xmltv_id="TVN CHILE">TVN CHILE</channel>
    <channel update="i" site="avcsa.com.ar" site_id="40" xmltv_id="TYC SPORTS">TYC SPORTS</channel>
    <channel update="i" site="avcsa.com.ar" site_id="327" xmltv_id="UNIVERSAL CHANNEL">UNIVERSAL CHANNEL</channel>
    <channel update="i" site="avcsa.com.ar" site_id="44" xmltv_id="VENUS">VENUS</channel>
    <channel update="i" site="avcsa.com.ar" site_id="45" xmltv_id="VOLVER">VOLVER</channel>
    <channel update="i" site="avcsa.com.ar" site_id="46" xmltv_id="WARNER CHANNEL">WARNER CHANNEL</channel>
    <channel update="i" site="avcsa.com.ar" site_id="1800" xmltv_id="WARNER HD">WARNER HD</channel>
    <channel update="i" site="avcsa.com.ar" site_id="723" xmltv_id="WOBI TV">WOBI TV</channel>
  </channels>
</site>