﻿<?xml version="1.0" encoding="UTF-8"?>
<site generator-info-name="WebGrab+Plus/w MDB &amp; REX Postprocess -- version V3.0.0.21 -- Jan van Straaten" site="digea.gr">
  <channels>
    <channel update="i" site="digea.E.gr" site_id="Nationwide##alpha.png##100" xmltv_id="ALPHA">ALPHA</channel>
    <channel update="i" site="digea.E.gr" site_id="Nationwide##antenna.png##300" xmltv_id="ANT1">ANT1</channel>
    <channel update="i" site="digea.E.gr" site_id="Nationwide##etv.png##800" xmltv_id="OPEN BEYOND">OPEN BEYOND</channel>
    <channel update="i" site="digea.E.gr" site_id="Nationwide##mak.png##400" xmltv_id="M.tv">M.tv</channel>
    <channel update="i" site="digea.E.gr" site_id="Nationwide##skai.png##600" xmltv_id="SKAI">SKAI</channel>
    <channel update="i" site="digea.E.gr" site_id="Nationwide##star.png##700" xmltv_id="STAR">STAR</channel>
    <channel update="i" site="digea.E.gr" site_id="Nationwide##LOGO_MEGA.png##900" xmltv_id="MEGA">MEGA</channel>
    <channel update="i" site="digea.E.gr" site_id="E-Macedonia-Thrace-R-Z-1##ALFA (id 5700).jpg##5700" xmltv_id="ALFA">ALFA</channel>
    <channel update="i" site="digea.E.gr" site_id="E-Macedonia-Thrace-R-Z-1##CENTER TV (id 5710).jpg##5710" xmltv_id="CENTER TV">CENTER TV</channel>
    <channel update="i" site="digea.E.gr" site_id="E-Macedonia-Thrace-R-Z-1##DELTA TV (id 5720).jpg##5720" xmltv_id="DELTA TV">DELTA TV</channel>
    <channel update="i" site="digea.E.gr" site_id="E-Macedonia-Thrace-R-Z-1##DIKTYO TV (id 5725).jpg##5725" xmltv_id="DIKTYO TV">DIKTYO TV</channel>
    <channel update="i" site="digea.E.gr" site_id="E-Macedonia-Thrace-R-Z-1##SMILE (EGNATIA id 5730).jpg##5730" xmltv_id="SMILE">SMILE</channel>
    <channel update="i" site="digea.E.gr" site_id="E-Macedonia-Thrace-R-Z-1##ENA CHANNEL (id 5735).jpg##5735" xmltv_id="ENA CHANNEL">ENA CHANNEL</channel>
    <channel update="i" site="digea.E.gr" site_id="E-Macedonia-Thrace-R-Z-1##LYDIA TV EPG.jpg##5755" xmltv_id="LYDIA TV">LYDIA TV</channel>
    <channel update="i" site="digea.E.gr" site_id="E-Macedonia-Thrace-R-Z-1##ORESTIADA TV EPG.png##5750" xmltv_id="ORESTIADA TV">ORESTIADA TV</channel>
    <channel update="i" site="digea.E.gr" site_id="E-Macedonia-Thrace-R-Z-1##R CHANNEL (id 5760).jpg##5760" xmltv_id="TV RODOPI">TV RODOPI</channel>
    <channel update="i" site="digea.E.gr" site_id="E-Macedonia-Thrace-R-Z-1##STAR B. ELLADAS (id 5765).jpg##5765" xmltv_id="STAR B. ELLADOS">STAR B. ELLADOS</channel>
    <channel update="i" site="digea.E.gr" site_id="E-Macedonia-Thrace-R-Z-1##THRAKINET (id 5770).jpg##5770" xmltv_id="THRAKINET">THRAKINET</channel>
    <channel update="i" site="digea.E.gr" site_id="E-Macedonia-Thrace-R-Z-1##TILE EPILOGES (id 5775).jpg##5775" xmltv_id="TILE EPILOGES">TILE EPILOGES</channel>
    <channel update="i" site="digea.E.gr" site_id="E-Macedonia-Thrace-R-Z-1##TV DELTA (id 5780).jpg##5780" xmltv_id="a.Epsilon An. Mak. Thrakis">a.Epsilon An. Mak. Thrakis</channel>
    <channel update="i" site="digea.E.gr" site_id="E-Macedonia-Thrace-R-Z-1##XANTHI CHANNEL (id 5790).jpg##5790" xmltv_id="XANTHI CHANNEL">XANTHI CHANNEL</channel>
    <channel update="i" site="digea.E.gr" site_id="C-Macedonia-R-Z-2-3##4E EPG.jpg##5850" xmltv_id="4Ε">4Ε</channel>
    <channel update="i" site="digea.E.gr" site_id="C-Macedonia-R-Z-2-3##ATLAS TV EPG.png##5855" xmltv_id="ATLAS TV">ATLAS TV</channel>
    <channel update="i" site="digea.E.gr" site_id="C-Macedonia-R-Z-2-3##BERGINA EPG.jpg##5860" xmltv_id="BERGINA">BERGINA</channel>
    <channel update="i" site="digea.E.gr" site_id="C-Macedonia-R-Z-2-3##EUROPE ONE EPG.jpg##5880" xmltv_id="EUROPE ONE">EUROPE ONE</channel>
    <channel update="i" site="digea.E.gr" site_id="C-Macedonia-R-Z-2-3##EXTRA THESSALONIKI EPG.jpg##5885" xmltv_id="AE CHANNEL THESSALONIKI">AE CHANNEL THESSALONIKI</channel>
    <channel update="i" site="digea.E.gr" site_id="C-Macedonia-R-Z-2-3##KANALI 9 EPG.jpg##5905" xmltv_id="KANALI 9">KANALI 9</channel>
    <channel update="i" site="digea.E.gr" site_id="C-Macedonia-R-Z-2-3##NICKELODEON PLUS EPG.jpg##5910" xmltv_id="NICKELODEON PLUS">NICKELODEON PLUS</channel>
    <channel update="i" site="digea.E.gr" site_id="C-Macedonia-R-Z-2-3##DION.PNG##5865" xmltv_id="DION TV">DION TV</channel>
    <channel update="i" site="digea.E.gr" site_id="C-Macedonia-R-Z-2-3##SUPER TV EPG.jpg##5920" xmltv_id="EURO CHANNEL">EURO CHANNEL</channel>
    <channel update="i" site="digea.E.gr" site_id="C-Macedonia-R-Z-2-3##TV 100 EPG (no logo).jpg##5925" xmltv_id="TV 100">TV 100</channel>
    <channel update="i" site="digea.E.gr" site_id="C-Macedonia-R-Z-2-3##GNOMI_TV.jpg##5922" xmltv_id="GNOMI TV">GNOMI TV</channel>
    <channel update="i" site="digea.E.gr" site_id="W-Macedonia-R-Z-4##DIKTYO EPG.jpg##6000" xmltv_id="DIKTYO">DIKTYO</channel>
    <channel update="i" site="digea.E.gr" site_id="W-Macedonia-R-Z-4##FLASH TV EPG.jpg##6005" xmltv_id="FLASH TV">FLASH TV</channel>
    <channel update="i" site="digea.E.gr" site_id="W-Macedonia-R-Z-4##OSIOS NIKANOR.jpg##6010" xmltv_id="ΟΣΙΟΣ ΝΙΚΑΝΩΡ">ΟΣΙΟΣ ΝΙΚΑΝΩΡ</channel>
    <channel update="i" site="digea.E.gr" site_id="W-Macedonia-R-Z-4##TOP CHANNEL EPG.jpg##6050" xmltv_id="TOP CHANNEL">TOP CHANNEL</channel>
    <channel update="i" site="digea.E.gr" site_id="W-Macedonia-R-Z-4##WEST CHANNEL EPG.jpg##6060" xmltv_id="WEST CHANNEL">WEST CHANNEL</channel>
    <channel update="i" site="digea.E.gr" site_id="W-Greece-R-Z-5##ART TV EPG.jpg##7000" xmltv_id="ART TV">ART TV</channel>
    <channel update="i" site="digea.E.gr" site_id="W-Greece-R-Z-5##AXELWOS TV EPG.jpg##7005" xmltv_id="AXELWOS TV">AXELWOS TV</channel>
    <channel update="i" site="digea.E.gr" site_id="W-Greece-R-Z-5##BHMA TV EPG.jpg##7010" xmltv_id="BHMA TV">BHMA TV</channel>
    <channel update="i" site="digea.E.gr" site_id="W-Greece-R-Z-5##CORFU TV EPG.jpg##7015" xmltv_id="CORFU TV">CORFU TV</channel>
    <channel update="i" site="digea.E.gr" site_id="W-Greece-R-Z-5##EPIRUS TV1 EPG.jpg##7050" xmltv_id="EPIRUS TV1">EPIRUS TV1</channel>
    <channel update="i" site="digea.E.gr" site_id="W-Greece-R-Z-5##I.T.V. (on white) EPG.jpg##7055" xmltv_id="ITV">ITV</channel>
    <channel update="i" site="digea.E.gr" site_id="W-Greece-R-Z-5##START EPG.jpg##7065" xmltv_id="START TV">START TV</channel>
    <channel update="i" site="digea.E.gr" site_id="Peloponnese-R-Z-6##ACHAIA.png##5000" xmltv_id="ACHAIA CHANNEL">ACHAIA CHANNEL</channel>
    <channel update="i" site="digea.E.gr" site_id="Peloponnese-R-Z-6##ARKADIKI.png##5002" xmltv_id="ARKADIKI TV">ARKADIKI TV</channel>
    <channel update="i" site="digea.E.gr" site_id="Peloponnese-R-Z-6##AXION.png##5004" xmltv_id="AXION TV">AXION TV</channel>
    <channel update="i" site="digea.E.gr" site_id="Peloponnese-R-Z-6##BEST.png##5006" xmltv_id="BEST TV">BEST TV</channel>
    <channel update="i" site="digea.E.gr" site_id="Peloponnese-R-Z-6##ILEKTRA-new.png##5012" xmltv_id="HLEKTRA TV">HLEKTRA TV</channel>
    <channel update="i" site="digea.E.gr" site_id="Peloponnese-R-Z-6##IONIAN-CHANNEL.png##5014" xmltv_id="IONIAN CHANNEL">IONIAN CHANNEL</channel>
    <channel update="i" site="digea.E.gr" site_id="Peloponnese-R-Z-6##LEPANTO.png##5030" xmltv_id="LEPANTO">LEPANTO</channel>
    <channel update="i" site="digea.E.gr" site_id="Peloponnese-R-Z-6##LYCHNOS EPG (white).jpg##5048" xmltv_id="LYCHNOS">LYCHNOS</channel>
    <channel update="i" site="digea.E.gr" site_id="Peloponnese-R-Z-6##MESOGEIOS-TV.png##5034" xmltv_id="MESOGEIOS TV">MESOGEIOS TV</channel>
    <channel update="i" site="digea.E.gr" site_id="Peloponnese-R-Z-6##NET.png##5036" xmltv_id="a.NET">a.NET</channel>
    <channel update="i" site="digea.E.gr" site_id="Peloponnese-R-Z-6##ORT.png##5038" xmltv_id="ORT">ORT</channel>
    <channel update="i" site="digea.E.gr" site_id="Peloponnese-R-Z-6##PLP TV EPG.png##5007" xmltv_id="PLP">PLP</channel>
    <channel update="i" site="digea.E.gr" site_id="Peloponnese-R-Z-6##RTP.png##5040" xmltv_id="RTP KENTPO">RTP KENTPO</channel>
    <channel update="i" site="digea.E.gr" site_id="Peloponnese-R-Z-6##SUPER-TV.png##5042" xmltv_id="SUPER">SUPER</channel>
    <channel update="i" site="digea.E.gr" site_id="Peloponnese-R-Z-6##SUPER-B-TV.png##5044" xmltv_id="SUPER B">SUPER B</channel>
    <channel update="i" site="digea.E.gr" site_id="Thessaly-R-Z-7##ASTRA TV EPG.jpg##5950" xmltv_id="ASTRA TV">ASTRA TV</channel>
    <channel update="i" site="digea.E.gr" site_id="Thessaly-R-Z-7##THESSALIA TV EPG.jpg##5955" xmltv_id="THESSALIA TV">THESSALIA TV</channel>
    <channel update="i" site="digea.E.gr" site_id="Thessaly-R-Z-7##TRT EPG.jpg##5960" xmltv_id="TRT">TRT</channel>
    <channel update="i" site="digea.E.gr" site_id="Thessaly-R-Z-7##TV 10 EPG.jpg##5965" xmltv_id="TV 10">TV 10</channel>
    <channel update="i" site="digea.E.gr" site_id="Thessaly-R-Z-7##SMILE PLUS LOGO (ZEYS).jpg##5970" xmltv_id="SMILE PLUS">SMILE PLUS</channel>
    <channel update="i" site="digea.E.gr" site_id="C-Greece-R-Z-8##E TV EPG.jpg##5100" xmltv_id="ETV">ETV</channel>
    <channel update="i" site="digea.E.gr" site_id="C-Greece-R-Z-8##ENA K.E. EPG.jpg##5104" xmltv_id="ENA K.E.">ENA K.E.</channel>
    <channel update="i" site="digea.E.gr" site_id="C-Greece-R-Z-8##STAR KENTIKHS ELLADAS.jpg##5108" xmltv_id="STAR K.E.">STAR K.E.</channel>
    <channel update="i" site="digea.E.gr" site_id="Attica-R-Z-9##ART.png##3074" xmltv_id="ART">ART</channel>
    <channel update="i" site="digea.E.gr" site_id="Attica-R-Z-9##ABCHANNEL.png##3000" xmltv_id="EXTRA CHANNEL">EXTRA CHANNEL</channel>
    <channel update="i" site="digea.E.gr" site_id="Attica-R-Z-9##action24.png##3004" xmltv_id="ACTION24">ACTION24</channel>
    <channel update="i" site="digea.E.gr" site_id="Attica-R-Z-9##ATTICATV.png##3008" xmltv_id="ATTICA TV">ATTICA TV</channel>
    <channel update="i" site="digea.E.gr" site_id="Attica-R-Z-9##BLUESKY.png##3012" xmltv_id="BLUE SKY">BLUE SKY</channel>
    <channel update="i" site="digea.E.gr" site_id="Attica-R-Z-9##CHANNEL9.png##3016" xmltv_id="CHANNEL 9">CHANNEL 9</channel>
    <channel update="i" site="digea.E.gr" site_id="Attica-R-Z-9##EXTRACHANNEL.png##3030" xmltv_id="AE CHANNEL">AE CHANNEL</channel>
    <channel update="i" site="digea.E.gr" site_id="Attica-R-Z-9##HIGHTV.png##3034" xmltv_id="HIGH TV">HIGH TV</channel>
    <channel update="i" site="digea.E.gr" site_id="Attica-R-Z-9##KONTRACHANNEL.png##3038" xmltv_id="KONTRA">KONTRA</channel>
    <channel update="i" site="digea.E.gr" site_id="Attica-R-Z-9##MADTV.png##3042" xmltv_id="MAD TV">MAD TV</channel>
    <channel update="i" site="digea.E.gr" site_id="Attica-R-Z-9##RISE EPG WHITE 3.png##3060" xmltv_id="RISE TV">RISE TV</channel>
    <channel update="i" site="digea.E.gr" site_id="Attica-R-Z-9##NICKELODEON.png##3064" xmltv_id="NICKELODEON">NICKELODEON</channel>
    <channel update="i" site="digea.E.gr" site_id="Attica-R-Z-9##SMILE.png##3072" xmltv_id="SMILE">SMILE</channel>
    <channel update="i" site="digea.E.gr" site_id="Attica-R-Z-9##ALERT.jpg##3068" xmltv_id="ALERT">ALERT</channel>
    <channel update="i" site="digea.E.gr" site_id="Crete-R-Z-10##CHANNEL 4U EPG.jpg##7100" xmltv_id="NOTOS TV">NOTOS TV</channel>
    <channel update="i" site="digea.E.gr" site_id="Crete-R-Z-10##TILEORASI CRETA EPG.jpg##7105" xmltv_id="CRETA">CRETA</channel>
    <channel update="i" site="digea.E.gr" site_id="Crete-R-Z-10##KRHTH TV EPG.png##7110" xmltv_id="KPHTH TV">KPHTH TV</channel>
    <channel update="i" site="digea.E.gr" site_id="Crete-R-Z-10##no_logo##7115" xmltv_id="KPHTH TV 1">KPHTH TV 1</channel>
    <channel update="i" site="digea.E.gr" site_id="Crete-R-Z-10##NEA TV CRETE EPG.jpg##7130" xmltv_id="NEA TV CRETE">NEA TV CRETE</channel>
    <channel update="i" site="digea.E.gr" site_id="Crete-R-Z-10##SITIA TV EPG (NEW).png##7135" xmltv_id="SITIA TV">SITIA TV</channel>
    <channel update="i" site="digea.E.gr" site_id="Crete-R-Z-10##no_logo##7140" xmltv_id="AE TV">AE TV</channel>
    <channel update="i" site="digea.E.gr" site_id="Dodecanese-Samos-R-Z-11##AIGAIOTV EPG.jpg##7150" xmltv_id="AIGAIOTV">AIGAIOTV</channel>
    <channel update="i" site="digea.E.gr" site_id="Dodecanese-Samos-R-Z-11##DIMOTIKI TILEORASI KO EPG.jpg##7155" xmltv_id="DIMOTIKI TILEORASI KO">DIMOTIKI TILEORASI KO</channel>
    <channel update="i" site="digea.E.gr" site_id="Dodecanese-Samos-R-Z-11##IRIDA TV EPG.jpg##7160" xmltv_id="IRIDA TV">IRIDA TV</channel>
    <channel update="i" site="digea.E.gr" site_id="Dodecanese-Samos-R-Z-11##THARRI EPG.jpg##7170" xmltv_id="THARRI">THARRI</channel>
    <channel update="i" site="digea.E.gr" site_id="Dodecanese-Samos-R-Z-11##TV SAMOS EPG.jpg##7175" xmltv_id="SAMIAKI TV">SAMIAKI TV</channel>
    <channel update="i" site="digea.E.gr" site_id="Dodecanese-Samos-R-Z-11##TV KOSMOS EPG.jpg##7185" xmltv_id="KOSMOS">KOSMOS</channel>
    <channel update="i" site="digea.E.gr" site_id="Cyclades-R-Z-12##TV 1 SYROS EPG.jpg##7205" xmltv_id="SYROS TV1 ">SYROS TV1 </channel>
    <channel update="i" site="digea.E.gr" site_id="Cyclades-R-Z-12##VOLCANO TV EPG.jpg##7210" xmltv_id="VOLCANO">VOLCANO</channel>
    <channel update="i" site="digea.E.gr" site_id="NE-Aegean-R-Z-13##ALITHEIA TV (EPG).jpg##5800" xmltv_id="ALITHEIA TV">ALITHEIA TV</channel>
    <channel update="i" site="digea.E.gr" site_id="NE-Aegean-R-Z-13##PATRIDA TV EPG (no logo).jpg##5810" xmltv_id="PATRIDA TV">PATRIDA TV</channel>
    <channel update="i" site="digea.E.gr" site_id="NE-Aegean-R-Z-13##TVM (EPG).jpg##5815" xmltv_id="TVM">TVM</channel>
  </channels>
</site>