﻿<?xml version="1.0" encoding="UTF-8"?>
<site generator-info-name="WebGrab+Plus/w MDB &amp; REX Postprocess -- version V1.56.26 -- Jan van Straaten" site="clarotv.com.br">
  <channels>
    <channel update="i" site="clarotv.com.br" site_id="108" xmltv_id="TV Justiça">TV Justiça</channel>
    <channel update="i" site="clarotv.com.br" site_id="110" xmltv_id="TV Senado">TV Senado</channel>
    <channel update="i" site="clarotv.com.br" site_id="104" xmltv_id="TV Câmara">TV Câmara</channel>
    <channel update="i" site="clarotv.com.br" site_id="105" xmltv_id="TV Escola">TV Escola</channel>
    <channel update="i" site="clarotv.com.br" site_id="101" xmltv_id="TV Brasil">TV Brasil</channel>
    <channel update="i" site="clarotv.com.br" site_id="69" xmltv_id="NBR">NBR</channel>
    <channel update="i" site="clarotv.com.br" site_id="231" xmltv_id="IDEAL TV">IDEAL TV</channel>
    <channel update="i" site="clarotv.com.br" site_id="233" xmltv_id="RIT">RIT</channel>
    <channel update="i" site="clarotv.com.br" site_id="235" xmltv_id="Rede Brasil">Rede Brasil</channel>
    <channel update="i" site="clarotv.com.br" site_id="81" xmltv_id="Record News">Record News</channel>
    <channel update="i" site="clarotv.com.br" site_id="229" xmltv_id="Rede CNT">Rede CNT</channel>
    <channel update="i" site="clarotv.com.br" site_id="230" xmltv_id="RBI TV">RBI TV</channel>
    <channel update="i" site="clarotv.com.br" site_id="234" xmltv_id="Rede Vida">Rede Vida</channel>
    <channel update="i" site="clarotv.com.br" site_id="232" xmltv_id="Aparecida">Aparecida</channel>
    <channel update="i" site="clarotv.com.br" site_id="102" xmltv_id="Canção Nova">Canção Nova</channel>
    <channel update="i" site="clarotv.com.br" site_id="240" xmltv_id="Rede TV">Rede TV</channel>
    <channel update="i" site="clarotv.com.br" site_id="80" xmltv_id="RECORD">RECORD</channel>
    <channel update="i" site="clarotv.com.br" site_id="5" xmltv_id="BAND">BAND</channel>
    <channel update="i" site="clarotv.com.br" site_id="86" xmltv_id="SBT">SBT</channel>
    <channel update="i" site="clarotv.com.br" site_id="107" xmltv_id="Globo">Globo</channel>
    <channel update="i" site="clarotv.com.br" site_id="103" xmltv_id="TV Cultura">TV Cultura</channel>
    <channel update="i" site="clarotv.com.br" site_id="78" xmltv_id="Polishop">Polishop</channel>
    <channel update="i" site="clarotv.com.br" site_id="200" xmltv_id="OFF">OFF</channel>
    <channel update="i" site="clarotv.com.br" site_id="186" xmltv_id="Sportv 3">Sportv 3</channel>
    <channel update="i" site="clarotv.com.br" site_id="94" xmltv_id="Sportv 2">Sportv 2</channel>
    <channel update="i" site="clarotv.com.br" site_id="93" xmltv_id="SporTV">SporTV</channel>
    <channel update="i" site="clarotv.com.br" site_id="49" xmltv_id="GloboNews">GloboNews</channel>
    <channel update="i" site="clarotv.com.br" site_id="48" xmltv_id="GNT">GNT</channel>
    <channel update="i" site="clarotv.com.br" site_id="68" xmltv_id="Multishow">Multishow</channel>
    <channel update="i" site="clarotv.com.br" site_id="17" xmltv_id="Canal Viva">Canal Viva</channel>
    <channel update="i" site="clarotv.com.br" site_id="201" xmltv_id="+ GLOBOSAT">+ GLOBOSAT</channel>
    <channel update="i" site="clarotv.com.br" site_id="34" xmltv_id="E!">E!</channel>
    <channel update="i" site="clarotv.com.br" site_id="249" xmltv_id="Fox Life">Fox Life</channel>
    <channel update="i" site="clarotv.com.br" site_id="31" xmltv_id="TLC">TLC</channel>
    <channel update="i" site="clarotv.com.br" site_id="211" xmltv_id="Arte 1">Arte 1</channel>
    <channel update="i" site="clarotv.com.br" site_id="29" xmltv_id="Discovery Home &amp; Health">Discovery Home &amp; Health</channel>
    <channel update="i" site="clarotv.com.br" site_id="203" xmltv_id="Curta!">Curta!</channel>
    <channel update="i" site="clarotv.com.br" site_id="120" xmltv_id="TruTV">TruTV</channel>
    <channel update="i" site="clarotv.com.br" site_id="125" xmltv_id="WooHoo">WooHoo</channel>
    <channel update="i" site="clarotv.com.br" site_id="35" xmltv_id="ESPN Brasil">ESPN Brasil</channel>
    <channel update="i" site="clarotv.com.br" site_id="36" xmltv_id="ESPN">ESPN</channel>
    <channel update="i" site="clarotv.com.br" site_id="143" xmltv_id="ESPN +">ESPN +</channel>
    <channel update="i" site="clarotv.com.br" site_id="92" xmltv_id="Fox Sports">Fox Sports</channel>
    <channel update="i" site="clarotv.com.br" site_id="248" xmltv_id="Fox Sports 2">Fox Sports 2</channel>
    <channel update="i" site="clarotv.com.br" site_id="8" xmltv_id="Band Sports">Band Sports</channel>
    <channel update="i" site="clarotv.com.br" site_id="7" xmltv_id="Band News">Band News</channel>
    <channel update="i" site="clarotv.com.br" site_id="71" xmltv_id="National Geographic">National Geographic</channel>
    <channel update="i" site="clarotv.com.br" site_id="28" xmltv_id="Discovery Channel">Discovery Channel</channel>
    <channel update="i" site="clarotv.com.br" site_id="3" xmltv_id="Animal Planet">Animal Planet</channel>
    <channel update="i" site="clarotv.com.br" site_id="119" xmltv_id="The History Channel">The History Channel</channel>
    <channel update="i" site="clarotv.com.br" site_id="147" xmltv_id="Discovery Turbo">Discovery Turbo</channel>
    <channel update="i" site="clarotv.com.br" site_id="46" xmltv_id="Futura">Futura</channel>
    <channel update="i" site="clarotv.com.br" site_id="10" xmltv_id="H2">H2</channel>
    <channel update="i" site="clarotv.com.br" site_id="30" xmltv_id="Discovery Kids">Discovery Kids</channel>
    <channel update="i" site="clarotv.com.br" site_id="191" xmltv_id="Gloob">Gloob</channel>
    <channel update="i" site="clarotv.com.br" site_id="33" xmltv_id="Disney">Disney</channel>
    <channel update="i" site="clarotv.com.br" site_id="74" xmltv_id="Nickelodeon">Nickelodeon</channel>
    <channel update="i" site="clarotv.com.br" site_id="18" xmltv_id="Cartoon Network">Cartoon Network</channel>
    <channel update="i" site="clarotv.com.br" site_id="32" xmltv_id="Disney XD">Disney XD</channel>
    <channel update="i" site="clarotv.com.br" site_id="77" xmltv_id="Disney Júnior">Disney Júnior</channel>
    <channel update="i" site="clarotv.com.br" site_id="73" xmltv_id="Nick Jr.">Nick Jr.</channel>
    <channel update="i" site="clarotv.com.br" site_id="11" xmltv_id="Boomerang">Boomerang</channel>
    <channel update="i" site="clarotv.com.br" site_id="109" xmltv_id="TV Rá Tim Bum">TV Rá Tim Bum</channel>
    <channel update="i" site="clarotv.com.br" site_id="175" xmltv_id="TOONCAST">TOONCAST</channel>
    <channel update="i" site="clarotv.com.br" site_id="202" xmltv_id="BIS">BIS</channel>
    <channel update="i" site="clarotv.com.br" site_id="246" xmltv_id="MTV ">MTV </channel>
    <channel update="i" site="clarotv.com.br" site_id="199" xmltv_id="Play TV">Play TV</channel>
    <channel update="i" site="clarotv.com.br" site_id="222" xmltv_id="Music Box Brazil">Music Box Brazil</channel>
    <channel update="i" site="clarotv.com.br" site_id="121" xmltv_id="Universal Channel">Universal Channel</channel>
    <channel update="i" site="clarotv.com.br" site_id="40" xmltv_id="FOX">FOX</channel>
    <channel update="i" site="clarotv.com.br" site_id="124" xmltv_id="Warner Channel">Warner Channel</channel>
    <channel update="i" site="clarotv.com.br" site_id="90" xmltv_id="Sony">Sony</channel>
    <channel update="i" site="clarotv.com.br" site_id="42" xmltv_id="FX">FX</channel>
    <channel update="i" site="clarotv.com.br" site_id="2" xmltv_id="AXN">AXN</channel>
    <channel update="i" site="clarotv.com.br" site_id="224" xmltv_id="TBS">TBS</channel>
    <channel update="i" site="clarotv.com.br" site_id="188" xmltv_id="Comedy Central">Comedy Central</channel>
    <channel update="i" site="clarotv.com.br" site_id="1" xmltv_id="A&amp;E">A&amp;E</channel>
    <channel update="i" site="clarotv.com.br" site_id="61" xmltv_id="ID - Investigação Discovery">ID - Investigação Discovery</channel>
    <channel update="i" site="clarotv.com.br" site_id="88" xmltv_id="SyFy">SyFy</channel>
    <channel update="i" site="clarotv.com.br" site_id="57" xmltv_id="iSat">iSat</channel>
    <channel update="i" site="clarotv.com.br" site_id="14" xmltv_id="Canal Brasil">Canal Brasil</channel>
    <channel update="i" site="clarotv.com.br" site_id="100" xmltv_id="TNT">TNT</channel>
    <channel update="i" site="clarotv.com.br" site_id="67" xmltv_id="Megapix">Megapix</channel>
    <channel update="i" site="clarotv.com.br" site_id="91" xmltv_id="Space">Space</channel>
    <channel update="i" site="clarotv.com.br" site_id="19" xmltv_id="Cinemax">Cinemax</channel>
    <channel update="i" site="clarotv.com.br" site_id="148" xmltv_id="Prime Box Brazil">Prime Box Brazil</channel>
    <channel update="i" site="clarotv.com.br" site_id="95" xmltv_id="Studio Universal">Studio Universal</channel>
    <channel update="i" site="clarotv.com.br" site_id="123" xmltv_id="Paramount">Paramount</channel>
    <channel update="i" site="clarotv.com.br" site_id="96" xmltv_id="TCM">TCM</channel>
    <channel update="i" site="clarotv.com.br" site_id="117" xmltv_id="Telecine Premium">Telecine Premium</channel>
    <channel update="i" site="clarotv.com.br" site_id="112" xmltv_id="Telecine Action">Telecine Action</channel>
    <channel update="i" site="clarotv.com.br" site_id="115" xmltv_id="Telecine Touch">Telecine Touch</channel>
    <channel update="i" site="clarotv.com.br" site_id="114" xmltv_id="Telecine Fun">Telecine Fun</channel>
    <channel update="i" site="clarotv.com.br" site_id="116" xmltv_id="Telecine Pipoca">Telecine Pipoca</channel>
    <channel update="i" site="clarotv.com.br" site_id="113" xmltv_id="Telecine Cult">Telecine Cult</channel>
    <channel update="i" site="clarotv.com.br" site_id="56" xmltv_id="HBO">HBO</channel>
    <channel update="i" site="clarotv.com.br" site_id="50" xmltv_id="HBO 2">HBO 2</channel>
    <channel update="i" site="clarotv.com.br" site_id="55" xmltv_id="HBO Plus">HBO Plus</channel>
    <channel update="i" site="clarotv.com.br" site_id="54" xmltv_id="HBO Plus *e">HBO Plus *e</channel>
    <channel update="i" site="clarotv.com.br" site_id="52" xmltv_id="HBO Family">HBO Family</channel>
    <channel update="i" site="clarotv.com.br" site_id="51" xmltv_id="HBO Signature">HBO Signature</channel>
    <channel update="i" site="clarotv.com.br" site_id="21" xmltv_id="Max">Max</channel>
    <channel update="i" site="clarotv.com.br" site_id="65" xmltv_id="Max Prime">Max Prime</channel>
    <channel update="i" site="clarotv.com.br" site_id="66" xmltv_id="Max Prime *e">Max Prime *e</channel>
    <channel update="i" site="clarotv.com.br" site_id="118" xmltv_id="Terra Viva">Terra Viva</channel>
    <channel update="i" site="clarotv.com.br" site_id="15" xmltv_id="Canal Rural">Canal Rural</channel>
    <channel update="i" site="clarotv.com.br" site_id="357" xmltv_id="Boa Vontade TV">Boa Vontade TV</channel>
    <channel update="i" site="clarotv.com.br" site_id="185" xmltv_id="CNN Internacional">CNN Internacional</channel>
    <channel update="i" site="clarotv.com.br" site_id="153" xmltv_id="RAI">RAI</channel>
    <channel update="i" site="clarotv.com.br" site_id="151" xmltv_id="TV5 Monde">TV5 Monde</channel>
    <channel update="i" site="clarotv.com.br" site_id="149" xmltv_id="Deutsche Welle">Deutsche Welle</channel>
    <channel update="i" site="clarotv.com.br" site_id="150" xmltv_id="NHK PREMIUM">NHK PREMIUM</channel>
    <channel update="i" site="clarotv.com.br" site_id="154" xmltv_id="SIC">SIC</channel>
    <channel update="i" site="clarotv.com.br" site_id="174" xmltv_id="CNN ESPANÕL">CNN ESPANÕL</channel>
    <channel update="i" site="clarotv.com.br" site_id="75" xmltv_id="Premiere Clubes">Premiere Clubes</channel>
    <channel update="i" site="clarotv.com.br" site_id="23" xmltv_id="Combate">Combate</channel>
    <channel update="i" site="clarotv.com.br" site_id="76" xmltv_id="Playboy TV">Playboy TV</channel>
    <channel update="i" site="clarotv.com.br" site_id="89" xmltv_id="Sexy Hot">Sexy Hot</channel>
    <channel update="i" site="clarotv.com.br" site_id="181" xmltv_id="OFF HD">OFF HD</channel>
    <channel update="i" site="clarotv.com.br" site_id="228" xmltv_id="Sportv 2 HD">Sportv 2 HD</channel>
    <channel update="i" site="clarotv.com.br" site_id="227" xmltv_id="Sportv HD">Sportv HD</channel>
    <channel update="i" site="clarotv.com.br" site_id="226" xmltv_id="GNT HD">GNT HD</channel>
    <channel update="i" site="clarotv.com.br" site_id="225" xmltv_id="Multishow HD">Multishow HD</channel>
    <channel update="i" site="clarotv.com.br" site_id="47" xmltv_id="GLOBOSAT HD">GLOBOSAT HD</channel>
    <channel update="i" site="clarotv.com.br" site_id="168" xmltv_id="TLC HD">TLC HD</channel>
    <channel update="i" site="clarotv.com.br" site_id="287" xmltv_id="Discovery Home &amp; Health HD">Discovery Home &amp; Health HD</channel>
    <channel update="i" site="clarotv.com.br" site_id="290" xmltv_id="ESPN HD">ESPN HD</channel>
    <channel update="i" site="clarotv.com.br" site_id="292" xmltv_id="Band Sports HD">Band Sports HD</channel>
    <channel update="i" site="clarotv.com.br" site_id="210" xmltv_id="Discovery Channel HD">Discovery Channel HD</channel>
    <channel update="i" site="clarotv.com.br" site_id="207" xmltv_id="The History Channel HD">The History Channel HD</channel>
    <channel update="i" site="clarotv.com.br" site_id="289" xmltv_id="Discovery Turbo HD">Discovery Turbo HD</channel>
    <channel update="i" site="clarotv.com.br" site_id="167" xmltv_id="Nat Geo Wild HD">Nat Geo Wild HD</channel>
    <channel update="i" site="clarotv.com.br" site_id="26" xmltv_id="DISCOVERY THEATER HD">DISCOVERY THEATER HD</channel>
    <channel update="i" site="clarotv.com.br" site_id="288" xmltv_id="Discovery Kids HD">Discovery Kids HD</channel>
    <channel update="i" site="clarotv.com.br" site_id="198" xmltv_id="Gloob HD">Gloob HD</channel>
    <channel update="i" site="clarotv.com.br" site_id="166" xmltv_id="Disney HD">Disney HD</channel>
    <channel update="i" site="clarotv.com.br" site_id="63" xmltv_id="BIS HD">BIS HD</channel>
    <channel update="i" site="clarotv.com.br" site_id="285" xmltv_id="Universal Channel HD">Universal Channel HD</channel>
    <channel update="i" site="clarotv.com.br" site_id="41" xmltv_id="FOX HD">FOX HD</channel>
    <channel update="i" site="clarotv.com.br" site_id="189" xmltv_id="Warner HD">Warner HD</channel>
    <channel update="i" site="clarotv.com.br" site_id="206" xmltv_id="Sony HD">Sony HD</channel>
    <channel update="i" site="clarotv.com.br" site_id="205" xmltv_id="AXN HD">AXN HD</channel>
    <channel update="i" site="clarotv.com.br" site_id="99" xmltv_id="TNT HD">TNT HD</channel>
    <channel update="i" site="clarotv.com.br" site_id="286" xmltv_id="Megapix HD">Megapix HD</channel>
    <channel update="i" site="clarotv.com.br" site_id="165" xmltv_id="Space HD">Space HD</channel>
    <channel update="i" site="clarotv.com.br" site_id="164" xmltv_id="Paramount HD">Paramount HD</channel>
    <channel update="i" site="clarotv.com.br" site_id="97" xmltv_id="Telecine Premium HD">Telecine Premium HD</channel>
    <channel update="i" site="clarotv.com.br" site_id="145" xmltv_id="Telecine Action HD">Telecine Action HD</channel>
    <channel update="i" site="clarotv.com.br" site_id="208" xmltv_id="Telecine Touch HD">Telecine Touch HD</channel>
    <channel update="i" site="clarotv.com.br" site_id="209" xmltv_id="Telecine Fun HD">Telecine Fun HD</channel>
    <channel update="i" site="clarotv.com.br" site_id="98" xmltv_id="Telecine Pipoca HD">Telecine Pipoca HD</channel>
    <channel update="i" site="clarotv.com.br" site_id="242" xmltv_id="HBO2 HD">HBO2 HD</channel>
    <channel update="i" site="clarotv.com.br" site_id="53" xmltv_id="HBO Plus HD">HBO Plus HD</channel>
    <channel update="i" site="clarotv.com.br" site_id="243" xmltv_id="HBO Signature HD">HBO Signature HD</channel>
  </channels>
</site>