﻿<?xml version="1.0" encoding="UTF-8"?>
<site generator-info-name="WebGrab+Plus/w MDB &amp; REX Postprocess -- version  V3.0.0.0 -- Jan van Straaten" site="tvplus.com.br.E">
  <channels>
    <channel update="i" site="tvplus.com.br.E" site_id="APL" xmltv_id="Animal Planet">Animal Planet</channel>
    <channel update="i" site="tvplus.com.br.E" site_id="BHD" xmltv_id="BBC Earth HD">BBC Earth HD</channel>
    <channel update="i" site="tvplus.com.br.E" site_id="DIS" xmltv_id="Discovery">Discovery</channel>
    <channel update="i" site="tvplus.com.br.E" site_id="DCI" xmltv_id="Discovery Civilization">Discovery Civilization</channel>
    <channel update="i" site="tvplus.com.br.E" site_id="HEA" xmltv_id="Discovery Home &amp; Health">Discovery Home &amp; Health</channel>
    <channel update="i" site="tvplus.com.br.E" site_id="DSC" xmltv_id="Discovery Science">Discovery Science</channel>
    <channel update="i" site="tvplus.com.br.E" site_id="DHD" xmltv_id="Discovery Theater HD">Discovery Theater HD</channel>
    <channel update="i" site="tvplus.com.br.E" site_id="DTU" xmltv_id="Discovery Turbo">Discovery Turbo</channel>
    <channel update="i" site="tvplus.com.br.E" site_id="DIW" xmltv_id="Discovery World HD">Discovery World HD</channel>
    <channel update="i" site="tvplus.com.br.E" site_id="HGT" xmltv_id="HGTV">HGTV</channel>
    <channel update="i" site="tvplus.com.br.E" site_id="HIS" xmltv_id="History">History</channel>
    <channel update="i" site="tvplus.com.br.E" site_id="CH1" xmltv_id="History 2">History 2</channel>
    <channel update="i" site="tvplus.com.br.E" site_id="LIV" xmltv_id="ID - Investigação Discovery">ID - Investigação Discovery</channel>
    <channel update="i" site="tvplus.com.br.E" site_id="LOH" xmltv_id="Love Nature">Love Nature</channel>
    <channel update="i" site="tvplus.com.br.E" site_id="NGW" xmltv_id="Nat Geo Wild">Nat Geo Wild</channel>
    <channel update="i" site="tvplus.com.br.E" site_id="SUQ" xmltv_id="National Geographic Channel">National Geographic Channel</channel>
    <channel update="i" site="tvplus.com.br.E" site_id="SMI" xmltv_id="Smithsonian Channel">Smithsonian Channel</channel>
    <channel update="i" site="tvplus.com.br.E" site_id="BSP" xmltv_id="Band Sports">Band Sports</channel>
    <channel update="i" site="tvplus.com.br.E" site_id="135" xmltv_id="Combate">Combate</channel>
    <channel update="i" site="tvplus.com.br.E" site_id="ESP" xmltv_id="ESPN">ESPN</channel>
    <channel update="i" site="tvplus.com.br.E" site_id="ESH" xmltv_id="ESPN 2">ESPN 2</channel>
    <channel update="i" site="tvplus.com.br.E" site_id="ESB" xmltv_id="ESPN Brasil">ESPN Brasil</channel>
    <channel update="i" site="tvplus.com.br.E" site_id="ESR" xmltv_id="ESPN Extra">ESPN Extra</channel>
    <channel update="i" site="tvplus.com.br.E" site_id="BQ6" xmltv_id="Fish TV">Fish TV</channel>
    <channel update="i" site="tvplus.com.br.E" site_id="FSP" xmltv_id="FOX Sports">FOX Sports</channel>
    <channel update="i" site="tvplus.com.br.E" site_id="FS2" xmltv_id="FOX Sports 2">FOX Sports 2</channel>
    <channel update="i" site="tvplus.com.br.E" site_id="TGC" xmltv_id="Golf Channel">Golf Channel</channel>
    <channel update="i" site="tvplus.com.br.E" site_id="OFF" xmltv_id="OFF">OFF</channel>
    <channel update="i" site="tvplus.com.br.E" site_id="9A2" xmltv_id="Premiere 2">Premiere 2</channel>
    <channel update="i" site="tvplus.com.br.E" site_id="9A3" xmltv_id="Premiere 3">Premiere 3</channel>
    <channel update="i" site="tvplus.com.br.E" site_id="9A4" xmltv_id="Premiere 4">Premiere 4</channel>
    <channel update="i" site="tvplus.com.br.E" site_id="9A5" xmltv_id="Premiere 5">Premiere 5</channel>
    <channel update="i" site="tvplus.com.br.E" site_id="9A6" xmltv_id="Premiere 6">Premiere 6</channel>
    <channel update="i" site="tvplus.com.br.E" site_id="9A7" xmltv_id="Premiere 7">Premiere 7</channel>
    <channel update="i" site="tvplus.com.br.E" site_id="9A8" xmltv_id="Premiere 8">Premiere 8</channel>
    <channel update="i" site="tvplus.com.br.E" site_id="859" xmltv_id="Premiere 9">Premiere 9</channel>
    <channel update="i" site="tvplus.com.br.E" site_id="121" xmltv_id="Premiere Clubes">Premiere Clubes</channel>
    <channel update="i" site="tvplus.com.br.E" site_id="SPO" xmltv_id="SporTV">SporTV</channel>
    <channel update="i" site="tvplus.com.br.E" site_id="SP2" xmltv_id="SporTV 2">SporTV 2</channel>
    <channel update="i" site="tvplus.com.br.E" site_id="SP3" xmltv_id="SporTV 3">SporTV 3</channel>
    <channel update="i" site="tvplus.com.br.E" site_id="WOO" xmltv_id="Woohoo">Woohoo</channel>
    <channel update="i" site="tvplus.com.br.E" site_id="MGM" xmltv_id="AMC">AMC</channel>
    <channel update="i" site="tvplus.com.br.E" site_id="MNX" xmltv_id="Cinemax">Cinemax</channel>
    <channel update="i" site="tvplus.com.br.E" site_id="EUR" xmltv_id="Eurochannel">Eurochannel</channel>
    <channel update="i" site="tvplus.com.br.E" site_id="BRA" xmltv_id="Film &amp; Arts">Film &amp; Arts</channel>
    <channel update="i" site="tvplus.com.br.E" site_id="HBO" xmltv_id="HBO">HBO</channel>
    <channel update="i" site="tvplus.com.br.E" site_id="HB2" xmltv_id="HBO 2">HBO 2</channel>
    <channel update="i" site="tvplus.com.br.E" site_id="HFA" xmltv_id="HBO Family">HBO Family</channel>
    <channel update="i" site="tvplus.com.br.E" site_id="MXE" xmltv_id="HBO Mundi">HBO Mundi</channel>
    <channel update="i" site="tvplus.com.br.E" site_id="HPL" xmltv_id="HBO Plus">HBO Plus</channel>
    <channel update="i" site="tvplus.com.br.E" site_id="MAX" xmltv_id="HBO Pop">HBO Pop</channel>
    <channel update="i" site="tvplus.com.br.E" site_id="HFE" xmltv_id="HBO Signature">HBO Signature</channel>
    <channel update="i" site="tvplus.com.br.E" site_id="MAP" xmltv_id="HBO Xtreme">HBO Xtreme</channel>
    <channel update="i" site="tvplus.com.br.E" site_id="SAT" xmltv_id="I-Sat">I-Sat</channel>
    <channel update="i" site="tvplus.com.br.E" site_id="MPX" xmltv_id="Megapix">Megapix</channel>
    <channel update="i" site="tvplus.com.br.E" site_id="PAR" xmltv_id="Paramount Channel">Paramount Channel</channel>
    <channel update="i" site="tvplus.com.br.E" site_id="SPA" xmltv_id="Space">Space</channel>
    <channel update="i" site="tvplus.com.br.E" site_id="HAL" xmltv_id="Studio Universal">Studio Universal</channel>
    <channel update="i" site="tvplus.com.br.E" site_id="SUN" xmltv_id="Sundance TV">Sundance TV</channel>
    <channel update="i" site="tvplus.com.br.E" site_id="TCM" xmltv_id="TCM">TCM</channel>
    <channel update="i" site="tvplus.com.br.E" site_id="TC2" xmltv_id="Telecine Action">Telecine Action</channel>
    <channel update="i" site="tvplus.com.br.E" site_id="TC5" xmltv_id="Telecine Cult">Telecine Cult</channel>
    <channel update="i" site="tvplus.com.br.E" site_id="TC6" xmltv_id="Telecine Fun">Telecine Fun</channel>
    <channel update="i" site="tvplus.com.br.E" site_id="TC4" xmltv_id="Telecine Pipoca">Telecine Pipoca</channel>
    <channel update="i" site="tvplus.com.br.E" site_id="TC1" xmltv_id="Telecine Premium">Telecine Premium</channel>
    <channel update="i" site="tvplus.com.br.E" site_id="TC3" xmltv_id="Telecine Touch">Telecine Touch</channel>
    <channel update="i" site="tvplus.com.br.E" site_id="TNT" xmltv_id="TNT">TNT</channel>
    <channel update="i" site="tvplus.com.br.E" site_id="BAB" xmltv_id="Baby TV">Baby TV</channel>
    <channel update="i" site="tvplus.com.br.E" site_id="BMG" xmltv_id="Boomerang">Boomerang</channel>
    <channel update="i" site="tvplus.com.br.E" site_id="CAR" xmltv_id="Cartoon Network">Cartoon Network</channel>
    <channel update="i" site="tvplus.com.br.E" site_id="DIK" xmltv_id="Discovery Kids">Discovery Kids</channel>
    <channel update="i" site="tvplus.com.br.E" site_id="DNY" xmltv_id="Disney Channel">Disney Channel</channel>
    <channel update="i" site="tvplus.com.br.E" site_id="PHD" xmltv_id="Disney Junior">Disney Junior</channel>
    <channel update="i" site="tvplus.com.br.E" site_id="DXD" xmltv_id="Disney XD">Disney XD</channel>
    <channel update="i" site="tvplus.com.br.E" site_id="GOB" xmltv_id="Gloob">Gloob</channel>
    <channel update="i" site="tvplus.com.br.E" site_id="NHO" xmltv_id="Gloobinho">Gloobinho</channel>
    <channel update="i" site="tvplus.com.br.E" site_id="NGK" xmltv_id="Nat Geo Kids">Nat Geo Kids</channel>
    <channel update="i" site="tvplus.com.br.E" site_id="NJR" xmltv_id="Nick Jr.">Nick Jr.</channel>
    <channel update="i" site="tvplus.com.br.E" site_id="NIC" xmltv_id="Nickelodeon">Nickelodeon</channel>
    <channel update="i" site="tvplus.com.br.E" site_id="TOC" xmltv_id="Tooncast">Tooncast</channel>
    <channel update="i" site="tvplus.com.br.E" site_id="RTB" xmltv_id="TV Rá Tim Bum">TV Rá Tim Bum</channel>
    <channel update="i" site="tvplus.com.br.E" site_id="ZOO" xmltv_id="ZooMoo">ZooMoo</channel>
    <channel update="i" site="tvplus.com.br.E" site_id="ART" xmltv_id="ART Latino">ART Latino</channel>
    <channel update="i" site="tvplus.com.br.E" site_id="BBC" xmltv_id="BBC World News">BBC World News</channel>
    <channel update="i" site="tvplus.com.br.E" site_id="BIT" xmltv_id="Bloomberg">Bloomberg</channel>
    <channel update="i" site="tvplus.com.br.E" site_id="DWL" xmltv_id="DW (Amerika)">DW (Amerika)</channel>
    <channel update="i" site="tvplus.com.br.E" site_id="FNE" xmltv_id="FOX News">FOX News</channel>
    <channel update="i" site="tvplus.com.br.E" site_id="NHK" xmltv_id="NHK">NHK</channel>
    <channel update="i" site="tvplus.com.br.E" site_id="RAI" xmltv_id="RAI">RAI</channel>
    <channel update="i" site="tvplus.com.br.E" site_id="RTP" xmltv_id="RTPi">RTPi</channel>
    <channel update="i" site="tvplus.com.br.E" site_id="SIC" xmltv_id="SIC Internacional">SIC Internacional</channel>
    <channel update="i" site="tvplus.com.br.E" site_id="TV5" xmltv_id="TV5 Monde Bresil">TV5 Monde Bresil</channel>
    <channel update="i" site="tvplus.com.br.E" site_id="TVE" xmltv_id="TVE">TVE</channel>
    <channel update="i" site="tvplus.com.br.E" site_id="MSD" xmltv_id="BIS">BIS</channel>
    <channel update="i" site="tvplus.com.br.E" site_id="MTV" xmltv_id="MTV">MTV</channel>
    <channel update="i" site="tvplus.com.br.E" site_id="MTL" xmltv_id="MTV Live HD">MTV Live HD</channel>
    <channel update="i" site="tvplus.com.br.E" site_id="MSW" xmltv_id="Multishow">Multishow</channel>
    <channel update="i" site="tvplus.com.br.E" site_id="MUB" xmltv_id="Music Box Brazil">Music Box Brazil</channel>
    <channel update="i" site="tvplus.com.br.E" site_id="PLV" xmltv_id="Play TV">Play TV</channel>
    <channel update="i" site="tvplus.com.br.E" site_id="VHD" xmltv_id="VH1 HD">VH1 HD</channel>
    <channel update="i" site="tvplus.com.br.E" site_id="MTH" xmltv_id="VH1 Mega Hits">VH1 Mega Hits</channel>
    <channel update="i" site="tvplus.com.br.E" site_id="NEW" xmltv_id="Band News">Band News</channel>
    <channel update="i" site="tvplus.com.br.E" site_id="CGH" xmltv_id="CGTN">CGTN</channel>
    <channel update="i" site="tvplus.com.br.E" site_id="CN8" xmltv_id="CNN Brasil">CNN Brasil</channel>
    <channel update="i" site="tvplus.com.br.E" site_id="CNE" xmltv_id="CNN Español">CNN Español</channel>
    <channel update="i" site="tvplus.com.br.E" site_id="CNN" xmltv_id="CNN International">CNN International</channel>
    <channel update="i" site="tvplus.com.br.E" site_id="GLN" xmltv_id="Globo News">Globo News</channel>
    <channel update="i" site="tvplus.com.br.E" site_id="AXN" xmltv_id="AXN">AXN</channel>
    <channel update="i" site="tvplus.com.br.E" site_id="CCE" xmltv_id="Comedy Central">Comedy Central</channel>
    <channel update="i" site="tvplus.com.br.E" site_id="FOX" xmltv_id="FOX Channel">FOX Channel</channel>
    <channel update="i" site="tvplus.com.br.E" site_id="FLI" xmltv_id="FOX Life">FOX Life</channel>
    <channel update="i" site="tvplus.com.br.E" site_id="FO1" xmltv_id="FOX Premium 1">FOX Premium 1</channel>
    <channel update="i" site="tvplus.com.br.E" site_id="FOA" xmltv_id="FOX Premium 2">FOX Premium 2</channel>
    <channel update="i" site="tvplus.com.br.E" site_id="CFX" xmltv_id="FX">FX</channel>
    <channel update="i" site="tvplus.com.br.E" site_id="SET" xmltv_id="Sony Channel">Sony Channel</channel>
    <channel update="i" site="tvplus.com.br.E" site_id="SCI" xmltv_id="SYFY">SYFY</channel>
    <channel update="i" site="tvplus.com.br.E" site_id="TBS" xmltv_id="TBS">TBS</channel>
    <channel update="i" site="tvplus.com.br.E" site_id="TNS" xmltv_id="TNT Séries">TNT Séries</channel>
    <channel update="i" site="tvplus.com.br.E" site_id="USA" xmltv_id="Universal TV">Universal TV</channel>
    <channel update="i" site="tvplus.com.br.E" site_id="WBT" xmltv_id="Warner Channel">Warner Channel</channel>
    <channel update="i" site="tvplus.com.br.E" site_id="BAN" xmltv_id="Band">Band</channel>
    <channel update="i" site="tvplus.com.br.E" site_id="CNV" xmltv_id="Canção Nova">Canção Nova</channel>
    <channel update="i" site="tvplus.com.br.E" site_id="CNT" xmltv_id="CNT">CNT</channel>
    <channel update="i" site="tvplus.com.br.E" site_id="FUT" xmltv_id="Futura">Futura</channel>
    <channel update="i" site="tvplus.com.br.E" site_id="GSP" xmltv_id="Globo SP">Globo SP</channel>
    <channel update="i" site="tvplus.com.br.E" site_id="MTA" xmltv_id="Ideal TV">Ideal TV</channel>
    <channel update="i" site="tvplus.com.br.E" site_id="MEG" xmltv_id="Mega TV">Mega TV</channel>
    <channel update="i" site="tvplus.com.br.E" site_id="MIX" xmltv_id="RBI TV">RBI TV</channel>
    <channel update="i" site="tvplus.com.br.E" site_id="RCN" xmltv_id="Record News">Record News</channel>
    <channel update="i" site="tvplus.com.br.E" site_id="REC" xmltv_id="Record TV">Record TV</channel>
    <channel update="i" site="tvplus.com.br.E" site_id="RBR" xmltv_id="Rede Brasil">Rede Brasil</channel>
    <channel update="i" site="tvplus.com.br.E" site_id="VDA" xmltv_id="Rede Vida">Rede Vida</channel>
    <channel update="i" site="tvplus.com.br.E" site_id="RTV" xmltv_id="RedeTV">RedeTV</channel>
    <channel update="i" site="tvplus.com.br.E" site_id="RIT" xmltv_id="RIT TV">RIT TV</channel>
    <channel update="i" site="tvplus.com.br.E" site_id="SBT" xmltv_id="SBT - Rede">SBT - Rede</channel>
    <channel update="i" site="tvplus.com.br.E" site_id="TVV" xmltv_id="Terraviva">Terraviva</channel>
    <channel update="i" site="tvplus.com.br.E" site_id="APA" xmltv_id="TV Aparecida">TV Aparecida</channel>
    <channel update="i" site="tvplus.com.br.E" site_id="TED" xmltv_id="TV Brasil">TV Brasil</channel>
    <channel update="i" site="tvplus.com.br.E" site_id="NBR" xmltv_id="TV Brasil 2">TV Brasil 2</channel>
    <channel update="i" site="tvplus.com.br.E" site_id="CAM" xmltv_id="TV Câmara">TV Câmara</channel>
    <channel update="i" site="tvplus.com.br.E" site_id="CUL" xmltv_id="TV Cultura">TV Cultura</channel>
    <channel update="i" site="tvplus.com.br.E" site_id="ESC" xmltv_id="TV Escola">TV Escola</channel>
    <channel update="i" site="tvplus.com.br.E" site_id="GAZ" xmltv_id="TV Gazeta">TV Gazeta</channel>
    <channel update="i" site="tvplus.com.br.E" site_id="JUS" xmltv_id="TV Justiça">TV Justiça</channel>
    <channel update="i" site="tvplus.com.br.E" site_id="TCI" xmltv_id="TV Pai Eterno">TV Pai Eterno</channel>
    <channel update="i" site="tvplus.com.br.E" site_id="SEN" xmltv_id="TV Senado">TV Senado</channel>
    <channel update="i" site="tvplus.com.br.E" site_id="MDO" xmltv_id="A&amp;E">A&amp;E</channel>
    <channel update="i" site="tvplus.com.br.E" site_id="BQ5" xmltv_id="Arte 1">Arte 1</channel>
    <channel update="i" site="tvplus.com.br.E" site_id="CBR" xmltv_id="Canal Brasil">Canal Brasil</channel>
    <channel update="i" site="tvplus.com.br.E" site_id="BOI" xmltv_id="Canal do Boi">Canal do Boi</channel>
    <channel update="i" site="tvplus.com.br.E" site_id="RUR" xmltv_id="Canal Rural">Canal Rural</channel>
    <channel update="i" site="tvplus.com.br.E" site_id="CHE" xmltv_id="Chef TV">Chef TV</channel>
    <channel update="i" site="tvplus.com.br.E" site_id="BQ4" xmltv_id="Curta!">Curta!</channel>
    <channel update="i" site="tvplus.com.br.E" site_id="DOG" xmltv_id="DOG TV">DOG TV</channel>
    <channel update="i" site="tvplus.com.br.E" site_id="EET" xmltv_id="E!">E!</channel>
    <channel update="i" site="tvplus.com.br.E" site_id="FTV" xmltv_id="Fashion TV Brasil">Fashion TV Brasil</channel>
    <channel update="i" site="tvplus.com.br.E" site_id="FOD" xmltv_id="Food Network">Food Network</channel>
    <channel update="i" site="tvplus.com.br.E" site_id="FAS" xmltv_id="Glitz*">Glitz*</channel>
    <channel update="i" site="tvplus.com.br.E" site_id="GNT" xmltv_id="GNT">GNT</channel>
    <channel update="i" site="tvplus.com.br.E" site_id="ANX" xmltv_id="Lifetime">Lifetime</channel>
    <channel update="i" site="tvplus.com.br.E" site_id="LIK" xmltv_id="LIKE!">LIKE!</channel>
    <channel update="i" site="tvplus.com.br.E" site_id="GHS" xmltv_id="Mais Globosat">Mais Globosat</channel>
    <channel update="i" site="tvplus.com.br.E" site_id="BQ7" xmltv_id="Prime Box Brazil">Prime Box Brazil</channel>
    <channel update="i" site="tvplus.com.br.E" site_id="SHO" xmltv_id="Shoptime">Shoptime</channel>
    <channel update="i" site="tvplus.com.br.E" site_id="TRV" xmltv_id="TLC">TLC</channel>
    <channel update="i" site="tvplus.com.br.E" site_id="TRB" xmltv_id="Travel Box Brazil">Travel Box Brazil</channel>
    <channel update="i" site="tvplus.com.br.E" site_id="TRU" xmltv_id="truTV">truTV</channel>
    <channel update="i" site="tvplus.com.br.E" site_id="VIV" xmltv_id="Viva">Viva</channel>
    <channel update="i" site="tvplus.com.br.E" site_id="EBT" xmltv_id="NOW">NOW</channel>
    <channel update="i" site="tvplus.com.br.E" site_id="BPO" xmltv_id="Bandeirantes">Bandeirantes</channel>
    <channel update="i" site="tvplus.com.br.E" site_id="SBP" xmltv_id="SBT">SBT</channel>
    <channel update="i" site="tvplus.com.br.E" site_id="SHP" xmltv_id="Polishop TV">Polishop TV</channel>
    <channel update="i" site="tvplus.com.br.E" site_id="OFS" xmltv_id="OFF">OFF</channel>
    <channel update="i" site="tvplus.com.br.E" site_id="FOS" xmltv_id="Food Network">Food Network</channel>
    <channel update="i" site="tvplus.com.br.E" site_id="ESI" xmltv_id="ESPN 2">ESPN 2</channel>
    <channel update="i" site="tvplus.com.br.E" site_id="SUP" xmltv_id="National Geographic">National Geographic</channel>
    <channel update="i" site="tvplus.com.br.E" site_id="CH2" xmltv_id="History 2">History 2</channel>
    <channel update="i" site="tvplus.com.br.E" site_id="BRB" xmltv_id="Film &amp; Arts">Film &amp; Arts</channel>
    <channel update="i" site="tvplus.com.br.E" site_id="NVT" xmltv_id="TV Novo Tempo">TV Novo Tempo</channel>
    <channel update="i" site="tvplus.com.br.E" site_id="LBV" xmltv_id="Boa Vontade TV">Boa Vontade TV</channel>
    <channel update="i" site="tvplus.com.br.E" site_id="CGT" xmltv_id="CGTN">CGTN</channel>
    <channel update="i" site="tvplus.com.br.E" site_id="850" xmltv_id="Premiere Clubes">Premiere Clubes</channel>
    <channel update="i" site="tvplus.com.br.E" site_id="852" xmltv_id="Premiere 2">Premiere 2</channel>
    <channel update="i" site="tvplus.com.br.E" site_id="853" xmltv_id="Premiere 3">Premiere 3</channel>
    <channel update="i" site="tvplus.com.br.E" site_id="854" xmltv_id="Premiere 4">Premiere 4</channel>
    <channel update="i" site="tvplus.com.br.E" site_id="855" xmltv_id="Premiere 5">Premiere 5</channel>
    <channel update="i" site="tvplus.com.br.E" site_id="856" xmltv_id="Premiere 6">Premiere 6</channel>
    <channel update="i" site="tvplus.com.br.E" site_id="857" xmltv_id="Premiere 7">Premiere 7</channel>
    <channel update="i" site="tvplus.com.br.E" site_id="BB4" xmltv_id="BBB SD 1">BBB SD 1</channel>
    <channel update="i" site="tvplus.com.br.E" site_id="PLA" xmltv_id="Playboy TV">Playboy TV</channel>
    <channel update="i" site="tvplus.com.br.E" site_id="HEC" xmltv_id="Sextreme">Sextreme</channel>
    <channel update="i" site="tvplus.com.br.E" site_id="HOT" xmltv_id="Sexy Hot">Sexy Hot</channel>
    <channel update="i" site="tvplus.com.br.E" site_id="VDH" xmltv_id="Rede Vida HD">Rede Vida HD</channel>
    <channel update="i" site="tvplus.com.br.E" site_id="RTH" xmltv_id="RedeTV! HD">RedeTV! HD</channel>
    <channel update="i" site="tvplus.com.br.E" site_id="RHD" xmltv_id="Record TV HD">Record TV HD</channel>
    <channel update="i" site="tvplus.com.br.E" site_id="505" xmltv_id="Band HD">Band HD</channel>
    <channel update="i" site="tvplus.com.br.E" site_id="SHD" xmltv_id="SBT HD">SBT HD</channel>
    <channel update="i" site="tvplus.com.br.E" site_id="SHQ" xmltv_id="Polishop TV">Polishop TV</channel>
    <channel update="i" site="tvplus.com.br.E" site_id="FUU" xmltv_id="Futura HD">Futura HD</channel>
    <channel update="i" site="tvplus.com.br.E" site_id="S3H" xmltv_id="SporTV 3 HD">SporTV 3 HD</channel>
    <channel update="i" site="tvplus.com.br.E" site_id="S2H" xmltv_id="SporTV 2 HD">SporTV 2 HD</channel>
    <channel update="i" site="tvplus.com.br.E" site_id="S1H" xmltv_id="SporTV HD">SporTV HD</channel>
    <channel update="i" site="tvplus.com.br.E" site_id="GLO" xmltv_id="Globo News HD">Globo News HD</channel>
    <channel update="i" site="tvplus.com.br.E" site_id="GNU" xmltv_id="GNT HD">GNT HD</channel>
    <channel update="i" site="tvplus.com.br.E" site_id="MTS" xmltv_id="Multishow HD">Multishow HD</channel>
    <channel update="i" site="tvplus.com.br.E" site_id="VVH" xmltv_id="Viva HD">Viva HD</channel>
    <channel update="i" site="tvplus.com.br.E" site_id="GHD" xmltv_id="Mais Globosat HD">Mais Globosat HD</channel>
    <channel update="i" site="tvplus.com.br.E" site_id="EEH" xmltv_id="E! HD">E! HD</channel>
    <channel update="i" site="tvplus.com.br.E" site_id="TLH" xmltv_id="TLC HD">TLC HD</channel>
    <channel update="i" site="tvplus.com.br.E" site_id="BQ1" xmltv_id="Arte 1 HD">Arte 1 HD</channel>
    <channel update="i" site="tvplus.com.br.E" site_id="HEH" xmltv_id="Discovery Home &amp; Health HD">Discovery Home &amp; Health HD</channel>
    <channel update="i" site="tvplus.com.br.E" site_id="CRH" xmltv_id="Curta! HD">Curta! HD</channel>
    <channel update="i" site="tvplus.com.br.E" site_id="WOP" xmltv_id="WooHoo HD">WooHoo HD</channel>
    <channel update="i" site="tvplus.com.br.E" site_id="EBH" xmltv_id="ESPN Brasil HD">ESPN Brasil HD</channel>
    <channel update="i" site="tvplus.com.br.E" site_id="ESQ" xmltv_id="ESPN HD">ESPN HD</channel>
    <channel update="i" site="tvplus.com.br.E" site_id="FSH" xmltv_id="FOX Sports HD">FOX Sports HD</channel>
    <channel update="i" site="tvplus.com.br.E" site_id="FS1" xmltv_id="FOX Sports 2 HD">FOX Sports 2 HD</channel>
    <channel update="i" site="tvplus.com.br.E" site_id="BSU" xmltv_id="Band Sports HD">Band Sports HD</channel>
    <channel update="i" site="tvplus.com.br.E" site_id="CN9" xmltv_id="CNN Brasil">CNN Brasil</channel>
    <channel update="i" site="tvplus.com.br.E" site_id="NEH" xmltv_id="Band News HD">Band News HD</channel>
    <channel update="i" site="tvplus.com.br.E" site_id="DIH" xmltv_id="Discovery HD">Discovery HD</channel>
    <channel update="i" site="tvplus.com.br.E" site_id="APM" xmltv_id="Animal Planet HD">Animal Planet HD</channel>
    <channel update="i" site="tvplus.com.br.E" site_id="HIH" xmltv_id="History HD">History HD</channel>
    <channel update="i" site="tvplus.com.br.E" site_id="DTS" xmltv_id="Discovery Turbo HD">Discovery Turbo HD</channel>
    <channel update="i" site="tvplus.com.br.E" site_id="DSH" xmltv_id="Discovery Science HD">Discovery Science HD</channel>
    <channel update="i" site="tvplus.com.br.E" site_id="NGH" xmltv_id="Nat Geo Wild HD">Nat Geo Wild HD</channel>
    <channel update="i" site="tvplus.com.br.E" site_id="DKH" xmltv_id="Discovery Kids HD">Discovery Kids HD</channel>
    <channel update="i" site="tvplus.com.br.E" site_id="GOH" xmltv_id="Gloob HD">Gloob HD</channel>
    <channel update="i" site="tvplus.com.br.E" site_id="DNH" xmltv_id="Disney HD">Disney HD</channel>
    <channel update="i" site="tvplus.com.br.E" site_id="NID" xmltv_id="Nickelodeon HD">Nickelodeon HD</channel>
    <channel update="i" site="tvplus.com.br.E" site_id="CAH" xmltv_id="Cartoon Network HD">Cartoon Network HD</channel>
    <channel update="i" site="tvplus.com.br.E" site_id="NJH" xmltv_id="Nick Jr. HD">Nick Jr. HD</channel>
    <channel update="i" site="tvplus.com.br.E" site_id="BMF" xmltv_id="Boomerang HD">Boomerang HD</channel>
    <channel update="i" site="tvplus.com.br.E" site_id="RTA" xmltv_id="TV Rá Tim Bum HD">TV Rá Tim Bum HD</channel>
    <channel update="i" site="tvplus.com.br.E" site_id="NGL" xmltv_id="Nat Geo Kids HD">Nat Geo Kids HD</channel>
    <channel update="i" site="tvplus.com.br.E" site_id="ZOH" xmltv_id="ZooMoo HD">ZooMoo HD</channel>
    <channel update="i" site="tvplus.com.br.E" site_id="MSH" xmltv_id="BIS HD">BIS HD</channel>
    <channel update="i" site="tvplus.com.br.E" site_id="509" xmltv_id="MTV HD">MTV HD</channel>
    <channel update="i" site="tvplus.com.br.E" site_id="MUC" xmltv_id="Music Box Brazil HD">Music Box Brazil HD</channel>
    <channel update="i" site="tvplus.com.br.E" site_id="USH" xmltv_id="Universal TV HD">Universal TV HD</channel>
    <channel update="i" site="tvplus.com.br.E" site_id="FOW" xmltv_id="FOX Channel HD">FOX Channel HD</channel>
    <channel update="i" site="tvplus.com.br.E" site_id="WBH" xmltv_id="Warner Channel HD">Warner Channel HD</channel>
    <channel update="i" site="tvplus.com.br.E" site_id="SEH" xmltv_id="Sony Channel HD">Sony Channel HD</channel>
    <channel update="i" site="tvplus.com.br.E" site_id="CFZ" xmltv_id="FX HD">FX HD</channel>
    <channel update="i" site="tvplus.com.br.E" site_id="AXH" xmltv_id="AXN HD">AXN HD</channel>
    <channel update="i" site="tvplus.com.br.E" site_id="TBH" xmltv_id="TBS HD">TBS HD</channel>
    <channel update="i" site="tvplus.com.br.E" site_id="CCH" xmltv_id="Comedy Central HD">Comedy Central HD</channel>
    <channel update="i" site="tvplus.com.br.E" site_id="MDH" xmltv_id="A&amp;E HD">A&amp;E HD</channel>
    <channel update="i" site="tvplus.com.br.E" site_id="IDH" xmltv_id="ID - Investigação Discovery HD">ID - Investigação Discovery HD</channel>
    <channel update="i" site="tvplus.com.br.E" site_id="SCJ" xmltv_id="Syfy HD">Syfy HD</channel>
    <channel update="i" site="tvplus.com.br.E" site_id="ANH" xmltv_id="Lifetime HD">Lifetime HD</channel>
    <channel update="i" site="tvplus.com.br.E" site_id="TNR" xmltv_id="TNT Séries HD">TNT Séries HD</channel>
    <channel update="i" site="tvplus.com.br.E" site_id="FLH" xmltv_id="FOX Life HD">FOX Life HD</channel>
    <channel update="i" site="tvplus.com.br.E" site_id="MGH" xmltv_id="AMC HD">AMC HD</channel>
    <channel update="i" site="tvplus.com.br.E" site_id="CBQ" xmltv_id="Canal Brasil">Canal Brasil</channel>
    <channel update="i" site="tvplus.com.br.E" site_id="TNH" xmltv_id="TNT HD">TNT HD</channel>
    <channel update="i" site="tvplus.com.br.E" site_id="MPH" xmltv_id="Megapix HD">Megapix HD</channel>
    <channel update="i" site="tvplus.com.br.E" site_id="SPH" xmltv_id="Space HD">Space HD</channel>
    <channel update="i" site="tvplus.com.br.E" site_id="MNH" xmltv_id="Cinemax HD">Cinemax HD</channel>
    <channel update="i" site="tvplus.com.br.E" site_id="BQH" xmltv_id="Prime Box Brazil HD">Prime Box Brazil HD</channel>
    <channel update="i" site="tvplus.com.br.E" site_id="HAM" xmltv_id="Studio Universal HD">Studio Universal HD</channel>
    <channel update="i" site="tvplus.com.br.E" site_id="PAQ" xmltv_id="Paramount Channel HD">Paramount Channel HD</channel>
    <channel update="i" site="tvplus.com.br.E" site_id="TCH" xmltv_id="Telecine Premium HD">Telecine Premium HD</channel>
    <channel update="i" site="tvplus.com.br.E" site_id="T2H" xmltv_id="Telecine Action HD">Telecine Action HD</channel>
    <channel update="i" site="tvplus.com.br.E" site_id="T3H" xmltv_id="Telecine Touch HD">Telecine Touch HD</channel>
    <channel update="i" site="tvplus.com.br.E" site_id="T6H" xmltv_id="Telecine Fun HD">Telecine Fun HD</channel>
    <channel update="i" site="tvplus.com.br.E" site_id="T4H" xmltv_id="Telecine Pipoca HD">Telecine Pipoca HD</channel>
    <channel update="i" site="tvplus.com.br.E" site_id="T5H" xmltv_id="Telecine Cult HD">Telecine Cult HD</channel>
    <channel update="i" site="tvplus.com.br.E" site_id="HBS" xmltv_id="HBO HD">HBO HD</channel>
    <channel update="i" site="tvplus.com.br.E" site_id="H2H" xmltv_id="HBO 2 HD">HBO 2 HD</channel>
    <channel update="i" site="tvplus.com.br.E" site_id="HPM" xmltv_id="HBO Plus HD">HBO Plus HD</channel>
    <channel update="i" site="tvplus.com.br.E" site_id="HFB" xmltv_id="HBO Family HD">HBO Family HD</channel>
    <channel update="i" site="tvplus.com.br.E" site_id="HFH" xmltv_id="HBO Signature HD">HBO Signature HD</channel>
    <channel update="i" site="tvplus.com.br.E" site_id="MHD" xmltv_id="Max Up HD">Max Up HD</channel>
    <channel update="i" site="tvplus.com.br.E" site_id="MXH" xmltv_id="MAX HD">MAX HD</channel>
    <channel update="i" site="tvplus.com.br.E" site_id="MAH" xmltv_id="HBO Extreme">HBO Extreme</channel>
    <channel update="i" site="tvplus.com.br.E" site_id="FO2" xmltv_id="FOX Premium 1 HD">FOX Premium 1 HD</channel>
    <channel update="i" site="tvplus.com.br.E" site_id="FOB" xmltv_id="FOX Premium 2 HD">FOX Premium 2 HD</channel>
    <channel update="i" site="tvplus.com.br.E" site_id="LBH" xmltv_id="Boa Vontade TV">Boa Vontade TV</channel>
    <channel update="i" site="tvplus.com.br.E" site_id="849" xmltv_id="Premiere Clubes HD">Premiere Clubes HD</channel>
    <channel update="i" site="tvplus.com.br.E" site_id="862" xmltv_id="Premiere 2 HD">Premiere 2 HD</channel>
    <channel update="i" site="tvplus.com.br.E" site_id="863" xmltv_id="Premiere 3 HD">Premiere 3 HD</channel>
    <channel update="i" site="tvplus.com.br.E" site_id="864" xmltv_id="Premiere 4 HD">Premiere 4 HD</channel>
    <channel update="i" site="tvplus.com.br.E" site_id="865" xmltv_id="Premiere 5 HD">Premiere 5 HD</channel>
    <channel update="i" site="tvplus.com.br.E" site_id="867" xmltv_id="Premiere 6 HD">Premiere 6 HD</channel>
    <channel update="i" site="tvplus.com.br.E" site_id="868" xmltv_id="Premiere 7 HD">Premiere 7 HD</channel>
    <channel update="i" site="tvplus.com.br.E" site_id="134" xmltv_id="Combate HD">Combate HD</channel>
    <channel update="i" site="tvplus.com.br.E" site_id="BB1" xmltv_id="BBB HD 1">BBB HD 1</channel>
    <channel update="i" site="tvplus.com.br.E" site_id="YEE" xmltv_id="YEEAH! TV">YEEAH! TV</channel>
    <channel update="i" site="tvplus.com.br.E" site_id="AJZ" xmltv_id="Al Jazeera English">Al Jazeera English</channel>
    <channel update="i" site="tvplus.com.br.E" site_id="SPN" xmltv_id="Esporte Interativo">Esporte Interativo</channel>
    <channel update="i" site="tvplus.com.br.E" site_id="AJY" xmltv_id="Al Jazeera Arabic">Al Jazeera Arabic</channel>
    <channel update="i" site="tvplus.com.br.E" site_id="EST" xmltv_id="Las Estrellas">Las Estrellas</channel>
    <channel update="i" site="tvplus.com.br.E" site_id="TNO" xmltv_id="Rede Metrópole / TV Meio Norte">Rede Metrópole / TV Meio Norte</channel>
    <channel update="i" site="tvplus.com.br.E" site_id="CMS" xmltv_id="TVC Brasil">TVC Brasil</channel>
    <channel update="i" site="tvplus.com.br.E" site_id="SEX" xmltv_id="Sexprivé">Sexprivé</channel>
    <channel update="i" site="tvplus.com.br.E" site_id="CCO" xmltv_id="TV Aberta">TV Aberta</channel>
    <channel update="i" site="tvplus.com.br.E" site_id="ASL" xmltv_id="TV Alesp">TV Alesp</channel>
    <channel update="i" site="tvplus.com.br.E" site_id="CNU" xmltv_id="TV UNIP">TV UNIP</channel>
    <channel update="i" site="tvplus.com.br.E" site_id="C21" xmltv_id="TV Universal">TV Universal</channel>
    <channel update="i" site="tvplus.com.br.E" site_id="CSP" xmltv_id="Canal São Paulo">Canal São Paulo</channel>
    <channel update="i" site="tvplus.com.br.E" site_id="TVS" xmltv_id="TV Século 21">TV Século 21</channel>
    <channel update="i" site="tvplus.com.br.E" site_id="GLH" xmltv_id="Globo">Globo</channel>
    <channel update="i" site="tvplus.com.br.E" site_id="GOS" xmltv_id="Rede Gospel">Rede Gospel</channel>
    <channel update="i" site="tvplus.com.br.E" site_id="VMS" xmltv_id="VIVO Música">VIVO Música</channel>
    <channel update="i" site="tvplus.com.br.E" site_id="PHE" xmltv_id="Disney Jr.">Disney Jr.</channel>
    <channel update="i" site="tvplus.com.br.E" site_id="CLI" xmltv_id="Climatempo">Climatempo</channel>
    <channel update="i" site="tvplus.com.br.E" site_id="HGH" xmltv_id="HGTV">HGTV</channel>
    <channel update="i" site="tvplus.com.br.E" site_id="TRH" xmltv_id="TruTV">TruTV</channel>
    <channel update="i" site="tvplus.com.br.E" site_id="BQ8" xmltv_id="Fish TV">Fish TV</channel>
    <channel update="i" site="tvplus.com.br.E" site_id="APF" xmltv_id="Vivo Play Fora de Casa">Vivo Play Fora de Casa</channel>
    <channel update="i" site="tvplus.com.br.E" site_id="SPE" xmltv_id="Space">Space</channel>
    <channel update="i" site="tvplus.com.br.E" site_id="NHW" xmltv_id="NHK World Japan">NHK World Japan</channel>
    <channel update="i" site="tvplus.com.br.E" site_id="TLF" xmltv_id="Telefe Internacional">Telefe Internacional</channel>
    <channel update="i" site="tvplus.com.br.E" site_id="960" xmltv_id="Premiere Clubes">Premiere Clubes</channel>
    <channel update="i" site="tvplus.com.br.E" site_id="959" xmltv_id="Premiere 2">Premiere 2</channel>
  </channels>
</site>