﻿<?xml version="1.0" encoding="UTF-8"?>
<site generator-info-name="WebGrab+Plus/w MDB &amp; REX Postprocess -- version V2.1.11.2 -- Jan van Straaten" site="jio.com">
  <channels>
    <channel update="i" site="jio.com" site_id="430##6" xmltv_id="Jio Cricket English HD">Jio Cricket English HD</channel>
    <channel update="i" site="jio.com" site_id="144##1" xmltv_id="Colors HD">Colors HD</channel>
    <channel update="i" site="jio.com" site_id="291##1" xmltv_id="Sony HD">Sony HD</channel>
    <channel update="i" site="jio.com" site_id="167##1" xmltv_id="Zee TV HD">Zee TV HD</channel>
    <channel update="i" site="jio.com" site_id="476##1" xmltv_id="Sony Max HD">Sony Max HD</channel>
    <channel update="i" site="jio.com" site_id="833##6" xmltv_id="HBO HD">HBO HD</channel>
    <channel update="i" site="jio.com" site_id="165##1" xmltv_id="Zee Cinema HD">Zee Cinema HD</channel>
    <channel update="i" site="jio.com" site_id="155##6" xmltv_id="Sony Six HD">Sony Six HD</channel>
    <channel update="i" site="jio.com" site_id="383##6" xmltv_id="Times NOW">Times NOW</channel>
    <channel update="i" site="jio.com" site_id="162##6" xmltv_id="Ten 1HD">Ten 1HD</channel>
    <channel update="i" site="jio.com" site_id="173##1" xmltv_id="Aaj Tak">Aaj Tak</channel>
    <channel update="i" site="jio.com" site_id="1155##2" xmltv_id="BBC Marathi">BBC Marathi</channel>
    <channel update="i" site="jio.com" site_id="177##1" xmltv_id="ABP News India">ABP News India</channel>
    <channel update="i" site="jio.com" site_id="891##6" xmltv_id="Ten2 HD">Ten2 HD</channel>
    <channel update="i" site="jio.com" site_id="492##6" xmltv_id="CNN NEWS 18">CNN NEWS 18</channel>
    <channel update="i" site="jio.com" site_id="1145##1" xmltv_id="MTV HD Plus">MTV HD Plus</channel>
    <channel update="i" site="jio.com" site_id="753##1" xmltv_id="MTV Beats HD">MTV Beats HD</channel>
    <channel update="i" site="jio.com" site_id="858##6" xmltv_id="Republic TV">Republic TV</channel>
    <channel update="i" site="jio.com" site_id="584##1" xmltv_id="Mastiii">Mastiii</channel>
    <channel update="i" site="jio.com" site_id="612##2" xmltv_id="ABP Majha">ABP Majha</channel>
    <channel update="i" site="jio.com" site_id="545##1" xmltv_id="Nick Hindi">Nick Hindi</channel>
    <channel update="i" site="jio.com" site_id="619##13" xmltv_id="TV9 Karnataka">TV9 Karnataka</channel>
    <channel update="i" site="jio.com" site_id="559##1" xmltv_id="Pogo Hindi">Pogo Hindi</channel>
    <channel update="i" site="jio.com" site_id="636##8" xmltv_id="Polimer News">Polimer News</channel>
    <channel update="i" site="jio.com" site_id="618##11" xmltv_id="TV9 Telugu News">TV9 Telugu News</channel>
    <channel update="i" site="jio.com" site_id="816##1" xmltv_id="Cartoon Network Hindi">Cartoon Network Hindi</channel>
    <channel update="i" site="jio.com" site_id="463##6" xmltv_id="Discovery HD World">Discovery HD World</channel>
    <channel update="i" site="jio.com" site_id="672##5" xmltv_id="ABP Ananda">ABP Ananda</channel>
    <channel update="i" site="jio.com" site_id="821##1" xmltv_id="Sony BBC Earth HD">Sony BBC Earth HD</channel>
    <channel update="i" site="jio.com" site_id="146##6" xmltv_id="History TV18 HD">History TV18 HD</channel>
    <channel update="i" site="jio.com" site_id="479##6" xmltv_id="TLC HD">TLC HD</channel>
    <channel update="i" site="jio.com" site_id="561##1" xmltv_id="Food Food">Food Food</channel>
    <channel update="i" site="jio.com" site_id="560##6" xmltv_id="GOOD TiMES">GOOD TiMES</channel>
    <channel update="i" site="jio.com" site_id="798##13" xmltv_id="Saral Jeevan">Saral Jeevan</channel>
    <channel update="i" site="jio.com" site_id="657##1" xmltv_id="Zee Business">Zee Business</channel>
    <channel update="i" site="jio.com" site_id="143##6" xmltv_id="CNBC Tv18 Prime HD">CNBC Tv18 Prime HD</channel>
    <channel update="i" site="jio.com" site_id="259##6" xmltv_id="NDTV Profit">NDTV Profit</channel>
    <channel update="i" site="jio.com" site_id="190##1" xmltv_id="CNBC Awaaz">CNBC Awaaz</channel>
    <channel update="i" site="jio.com" site_id="595##10" xmltv_id="Prathana TV">Prathana TV</channel>
    <channel update="i" site="jio.com" site_id="175##1" xmltv_id="Aastha">Aastha</channel>
    <channel update="i" site="jio.com" site_id="594##1" xmltv_id="Aastha Bhajan">Aastha Bhajan</channel>
    <channel update="i" site="jio.com" site_id="288##1" xmltv_id="Sanskar">Sanskar</channel>
    <channel update="i" site="jio.com" site_id="968##6" xmltv_id="Millionlights">Millionlights</channel>
    <channel update="i" site="jio.com" site_id="980##6" xmltv_id="Swayam Prabha 01">Swayam Prabha 01</channel>
    <channel update="i" site="jio.com" site_id="981##6" xmltv_id="Swayam Prabha 02">Swayam Prabha 02</channel>
    <channel update="i" site="jio.com" site_id="982##6" xmltv_id="Swayam Prabha 03">Swayam Prabha 03</channel>
    <channel update="i" site="jio.com" site_id="154##1" xmltv_id="Sony SAB">Sony SAB</channel>
    <channel update="i" site="jio.com" site_id="472##1" xmltv_id="And TV HD">And TV HD</channel>
    <channel update="i" site="jio.com" site_id="866##6" xmltv_id="Jio Exclusive HD">Jio Exclusive HD</channel>
    <channel update="i" site="jio.com" site_id="279##1" xmltv_id="Rishtey">Rishtey</channel>
    <channel update="i" site="jio.com" site_id="473##1" xmltv_id="Zee Anmol">Zee Anmol</channel>
    <channel update="i" site="jio.com" site_id="474##1" xmltv_id="Sony Pal">Sony Pal</channel>
    <channel update="i" site="jio.com" site_id="471##1" xmltv_id="Sony SAB HD">Sony SAB HD</channel>
    <channel update="i" site="jio.com" site_id="445##2" xmltv_id="Zee Marathi">Zee Marathi</channel>
    <channel update="i" site="jio.com" site_id="755##2" xmltv_id="Colors Marathi HD">Colors Marathi HD</channel>
    <channel update="i" site="jio.com" site_id="757##13" xmltv_id="Colors Kannada HD">Colors Kannada HD</channel>
    <channel update="i" site="jio.com" site_id="689##13" xmltv_id="Zee Kannada">Zee Kannada</channel>
    <channel update="i" site="jio.com" site_id="1157##6" xmltv_id="Comedy Central HD">Comedy Central HD</channel>
    <channel update="i" site="jio.com" site_id="638##11" xmltv_id="Zee Telugu">Zee Telugu</channel>
    <channel update="i" site="jio.com" site_id="628##8" xmltv_id="Zee Tamil">Zee Tamil</channel>
    <channel update="i" site="jio.com" site_id="196##9" xmltv_id="Colors Gujarati">Colors Gujarati</channel>
    <channel update="i" site="jio.com" site_id="625##5" xmltv_id="Zee Bangla">Zee Bangla</channel>
    <channel update="i" site="jio.com" site_id="756##5" xmltv_id="Colors Bengali HD">Colors Bengali HD</channel>
    <channel update="i" site="jio.com" site_id="224##7" xmltv_id="Surya TV">Surya TV</channel>
    <channel update="i" site="jio.com" site_id="481##1" xmltv_id="Epic">Epic</channel>
    <channel update="i" site="jio.com" site_id="1158##6" xmltv_id="Colors Infinity HD">Colors Infinity HD</channel>
    <channel update="i" site="jio.com" site_id="822##6" xmltv_id="AXN HD">AXN HD</channel>
    <channel update="i" site="jio.com" site_id="414##2" xmltv_id="Zee Yuva">Zee Yuva</channel>
    <channel update="i" site="jio.com" site_id="1171##3" xmltv_id="PTC Punjabi">PTC Punjabi</channel>
    <channel update="i" site="jio.com" site_id="527##1" xmltv_id="Jeet Prime">Jeet Prime</channel>
    <channel update="i" site="jio.com" site_id="528##1" xmltv_id="DD India">DD India</channel>
    <channel update="i" site="jio.com" site_id="202##1" xmltv_id="DD National">DD National</channel>
    <channel update="i" site="jio.com" site_id="532##1" xmltv_id="Dabangg">Dabangg</channel>
    <channel update="i" site="jio.com" site_id="429##8" xmltv_id="Colors Tamil HD">Colors Tamil HD</channel>
    <channel update="i" site="jio.com" site_id="896##8" xmltv_id="Sun TV HD">Sun TV HD</channel>
    <channel update="i" site="jio.com" site_id="536##1" xmltv_id="DD Madhya Pradesh">DD Madhya Pradesh</channel>
    <channel update="i" site="jio.com" site_id="538##1" xmltv_id="DD Rajasthan (Jaipur)">DD Rajasthan (Jaipur)</channel>
    <channel update="i" site="jio.com" site_id="482##1" xmltv_id="Colors Cineplex">Colors Cineplex</channel>
    <channel update="i" site="jio.com" site_id="762##6" xmltv_id="Sony Pix HD">Sony Pix HD</channel>
    <channel update="i" site="jio.com" site_id="834##6" xmltv_id="WB">WB</channel>
    <channel update="i" site="jio.com" site_id="483##1" xmltv_id="Sony MAX2">Sony MAX2</channel>
    <channel update="i" site="jio.com" site_id="185##1" xmltv_id="And Pictures HD">And Pictures HD</channel>
    <channel update="i" site="jio.com" site_id="484##1" xmltv_id="Zee Cinema">Zee Cinema</channel>
    <channel update="i" site="jio.com" site_id="182##1" xmltv_id="B4U Movies">B4U Movies</channel>
    <channel update="i" site="jio.com" site_id="1074##1" xmltv_id="JioCinema">JioCinema</channel>
    <channel update="i" site="jio.com" site_id="487##1" xmltv_id="Zee Bollywood">Zee Bollywood</channel>
    <channel update="i" site="jio.com" site_id="486##12" xmltv_id="Bhojpuri Cinema">Bhojpuri Cinema</channel>
    <channel update="i" site="jio.com" site_id="894##8" xmltv_id="KTV HD">KTV HD</channel>
    <channel update="i" site="jio.com" site_id="485##1" xmltv_id="Enterr 10">Enterr 10</channel>
    <channel update="i" site="jio.com" site_id="488##1" xmltv_id="Zee Action">Zee Action</channel>
    <channel update="i" site="jio.com" site_id="678##13" xmltv_id="Udaya Movies">Udaya Movies</channel>
    <channel update="i" site="jio.com" site_id="413##11" xmltv_id="Zee Cinemalu">Zee Cinemalu</channel>
    <channel update="i" site="jio.com" site_id="680##8" xmltv_id="K TV">K TV</channel>
    <channel update="i" site="jio.com" site_id="899##11" xmltv_id="Gemini Movies HD">Gemini Movies HD</channel>
    <channel update="i" site="jio.com" site_id="415##1" xmltv_id="Zee Anmol Cinema">Zee Anmol Cinema</channel>
    <channel update="i" site="jio.com" site_id="681##11" xmltv_id="Gemini Movies">Gemini Movies</channel>
    <channel update="i" site="jio.com" site_id="151##6" xmltv_id="Movies Now HD">Movies Now HD</channel>
    <channel update="i" site="jio.com" site_id="231##1" xmltv_id="News 18 India">News 18 India</channel>
    <channel update="i" site="jio.com" site_id="235##1" xmltv_id="India TV">India TV</channel>
    <channel update="i" site="jio.com" site_id="258##1" xmltv_id="NDTV India">NDTV India</channel>
    <channel update="i" site="jio.com" site_id="504##1" xmltv_id="Zee News">Zee News</channel>
    <channel update="i" site="jio.com" site_id="876##6" xmltv_id="Times Now World">Times Now World</channel>
    <channel update="i" site="jio.com" site_id="255##6" xmltv_id="NDTV 24x7">NDTV 24x7</channel>
    <channel update="i" site="jio.com" site_id="629##11" xmltv_id="ETV Telugu">ETV Telugu</channel>
    <channel update="i" site="jio.com" site_id="778##13" xmltv_id="Public TV">Public TV</channel>
    <channel update="i" site="jio.com" site_id="464##5" xmltv_id="24 Ghanta TV">24 Ghanta TV</channel>
    <channel update="i" site="jio.com" site_id="632##11" xmltv_id="Sakshi tv">Sakshi tv</channel>
    <channel update="i" site="jio.com" site_id="626##13" xmltv_id="Suvarna News">Suvarna News</channel>
    <channel update="i" site="jio.com" site_id="646##11" xmltv_id="NTV">NTV</channel>
    <channel update="i" site="jio.com" site_id="830##8" xmltv_id="Thanthi TV">Thanthi TV</channel>
    <channel update="i" site="jio.com" site_id="501##1" xmltv_id="News 24">News 24</channel>
    <channel update="i" site="jio.com" site_id="617##2" xmltv_id="TV9 Maharashtra">TV9 Maharashtra</channel>
    <channel update="i" site="jio.com" site_id="938##13" xmltv_id="BTV">BTV</channel>
    <channel update="i" site="jio.com" site_id="442##2" xmltv_id="Zee 24 Taas">Zee 24 Taas</channel>
    <channel update="i" site="jio.com" site_id="613##14" xmltv_id="Newslive">Newslive</channel>
    <channel update="i" site="jio.com" site_id="892##1" xmltv_id="Ten3 HD">Ten3 HD</channel>
    <channel update="i" site="jio.com" site_id="889##6" xmltv_id="Jio Sports HD">Jio Sports HD</channel>
    <channel update="i" site="jio.com" site_id="475##6" xmltv_id="Sony ESPN HD">Sony ESPN HD</channel>
    <channel update="i" site="jio.com" site_id="875##6" xmltv_id="Dsports HD">Dsports HD</channel>
    <channel update="i" site="jio.com" site_id="1156##6" xmltv_id="Jio Football HD">Jio Football HD</channel>
    <channel update="i" site="jio.com" site_id="1160##6" xmltv_id="Jio Cricket 1 HD">Jio Cricket 1 HD</channel>
    <channel update="i" site="jio.com" site_id="1165##6" xmltv_id="Jio Football 1 HD">Jio Football 1 HD</channel>
    <channel update="i" site="jio.com" site_id="1167##6" xmltv_id="Jio Football 2 HD">Jio Football 2 HD</channel>
    <channel update="i" site="jio.com" site_id="1168##6" xmltv_id="Jio Football 3 HD">Jio Football 3 HD</channel>
    <channel update="i" site="jio.com" site_id="514##6" xmltv_id="Ten 1">Ten 1</channel>
    <channel update="i" site="jio.com" site_id="523##6" xmltv_id="Ten 2">Ten 2</channel>
    <channel update="i" site="jio.com" site_id="524##6" xmltv_id="Ten 3">Ten 3</channel>
    <channel update="i" site="jio.com" site_id="525##6" xmltv_id="Sony Six SD">Sony Six SD</channel>
    <channel update="i" site="jio.com" site_id="895##8" xmltv_id="Sun Music HD">Sun Music HD</channel>
    <channel update="i" site="jio.com" site_id="585##1" xmltv_id="Zing">Zing</channel>
    <channel update="i" site="jio.com" site_id="587##1" xmltv_id="9XM">9XM</channel>
    <channel update="i" site="jio.com" site_id="591##1" xmltv_id="E 24">E 24</channel>
    <channel update="i" site="jio.com" site_id="183##1" xmltv_id="B4U Music">B4U Music</channel>
    <channel update="i" site="jio.com" site_id="592##1" xmltv_id="ZOOM">ZOOM</channel>
    <channel update="i" site="jio.com" site_id="751##10" xmltv_id="Tarang Music">Tarang Music</channel>
    <channel update="i" site="jio.com" site_id="588##1" xmltv_id="Sony Mix">Sony Mix</channel>
    <channel update="i" site="jio.com" site_id="898##11" xmltv_id="Gemini Music HD">Gemini Music HD</channel>
    <channel update="i" site="jio.com" site_id="248##1" xmltv_id="MTV">MTV</channel>
    <channel update="i" site="jio.com" site_id="744##13" xmltv_id="Udaya Music">Udaya Music</channel>
    <channel update="i" site="jio.com" site_id="440##1" xmltv_id="9X Jalwa">9X Jalwa</channel>
    <channel update="i" site="jio.com" site_id="773##13" xmltv_id="Public Music">Public Music</channel>
    <channel update="i" site="jio.com" site_id="420##8" xmltv_id="Jaya Max">Jaya Max</channel>
    <channel update="i" site="jio.com" site_id="741##12" xmltv_id="Sangeet Bhojpuri">Sangeet Bhojpuri</channel>
    <channel update="i" site="jio.com" site_id="746##11" xmltv_id="Gemini Music">Gemini Music</channel>
    <channel update="i" site="jio.com" site_id="1189##3" xmltv_id="PTC Music">PTC Music</channel>
    <channel update="i" site="jio.com" site_id="740##5" xmltv_id="Sangeet Bangla">Sangeet Bangla</channel>
    <channel update="i" site="jio.com" site_id="589##1" xmltv_id="Zee etc">Zee etc</channel>
    <channel update="i" site="jio.com" site_id="815##1" xmltv_id="Sonic Hindi">Sonic Hindi</channel>
    <channel update="i" site="jio.com" site_id="872##1" xmltv_id="Sony Yay Hindi">Sony Yay Hindi</channel>
    <channel update="i" site="jio.com" site_id="547##6" xmltv_id="Nickelodeon">Nickelodeon</channel>
    <channel update="i" site="jio.com" site_id="546##8" xmltv_id="Nick Tamil">Nick Tamil</channel>
    <channel update="i" site="jio.com" site_id="542##8" xmltv_id="Pogo Tamil">Pogo Tamil</channel>
    <channel update="i" site="jio.com" site_id="1079##6" xmltv_id="CN HD+ English">CN HD+ English</channel>
    <channel update="i" site="jio.com" site_id="817##8" xmltv_id="Cartoon Network Tamil">Cartoon Network Tamil</channel>
    <channel update="i" site="jio.com" site_id="543##11" xmltv_id="Nick Telugu">Nick Telugu</channel>
    <channel update="i" site="jio.com" site_id="554##1" xmltv_id="Discovery Kids 2">Discovery Kids 2</channel>
    <channel update="i" site="jio.com" site_id="544##1" xmltv_id="Nick Junior">Nick Junior</channel>
    <channel update="i" site="jio.com" site_id="254##6" xmltv_id="FYI TV18 HD">FYI TV18 HD</channel>
    <channel update="i" site="jio.com" site_id="286##6" xmltv_id="Animal Planet HD World">Animal Planet HD World</channel>
    <channel update="i" site="jio.com" site_id="164##6" xmltv_id="Travel XP HD">Travel XP HD</channel>
    <channel update="i" site="jio.com" site_id="566##1" xmltv_id="Animal Planet Hindi">Animal Planet Hindi</channel>
    <channel update="i" site="jio.com" site_id="575##1" xmltv_id="Discovery Channel Hindi">Discovery Channel Hindi</channel>
    <channel update="i" site="jio.com" site_id="578##1" xmltv_id="History TV18 HD Hindi">History TV18 HD Hindi</channel>
    <channel update="i" site="jio.com" site_id="568##6" xmltv_id="Discovery Science">Discovery Science</channel>
    <channel update="i" site="jio.com" site_id="871##1" xmltv_id="Jio Events HD">Jio Events HD</channel>
    <channel update="i" site="jio.com" site_id="576##11" xmltv_id="Discovery Channel Telugu">Discovery Channel Telugu</channel>
    <channel update="i" site="jio.com" site_id="569##8" xmltv_id="D Tamil">D Tamil</channel>
    <channel update="i" site="jio.com" site_id="579##8" xmltv_id="History TV18 HD Tamil">History TV18 HD Tamil</channel>
    <channel update="i" site="jio.com" site_id="577##11" xmltv_id="History TV18 HD Telugu">History TV18 HD Telugu</channel>
    <channel update="i" site="jio.com" site_id="567##6" xmltv_id="Animal Planet English">Animal Planet English</channel>
    <channel update="i" site="jio.com" site_id="1073##13" xmltv_id="Samara News">Samara News</channel>
    <channel update="i" site="jio.com" site_id="573##5" xmltv_id="Discovery Channel Bengali">Discovery Channel Bengali</channel>
    <channel update="i" site="jio.com" site_id="814##8" xmltv_id="Travel XP Tamil">Travel XP Tamil</channel>
    <channel update="i" site="jio.com" site_id="854##11" xmltv_id="Sony BBC Earth HD Telugu">Sony BBC Earth HD Telugu</channel>
    <channel update="i" site="jio.com" site_id="242##6" xmltv_id="Discovery">Discovery</channel>
    <channel update="i" site="jio.com" site_id="853##8" xmltv_id="Sony BBC Earth HD Tamil">Sony BBC Earth HD Tamil</channel>
    <channel update="i" site="jio.com" site_id="1075##13" xmltv_id="Ayush TV">Ayush TV</channel>
    <channel update="i" site="jio.com" site_id="906##3" xmltv_id="Desi Channel">Desi Channel</channel>
    <channel update="i" site="jio.com" site_id="562##1" xmltv_id="Travel XP HD Hindi">Travel XP HD Hindi</channel>
    <channel update="i" site="jio.com" site_id="574##6" xmltv_id="TLC English">TLC English</channel>
    <channel update="i" site="jio.com" site_id="565##11" xmltv_id="ETV Abhiruchi">ETV Abhiruchi</channel>
    <channel update="i" site="jio.com" site_id="571##1" xmltv_id="TLC Hindi">TLC Hindi</channel>
    <channel update="i" site="jio.com" site_id="1201##6" xmltv_id="Sadhguru Television HD">Sadhguru Television HD</channel>
    <channel update="i" site="jio.com" site_id="563##7" xmltv_id="Kaumudy TV">Kaumudy TV</channel>
    <channel update="i" site="jio.com" site_id="489##6" xmltv_id="CNBC Tv 18">CNBC Tv 18</channel>
    <channel update="i" site="jio.com" site_id="212##6" xmltv_id="ET Now">ET Now</channel>
    <channel update="i" site="jio.com" site_id="776##11" xmltv_id="Bhakti TV">Bhakti TV</channel>
    <channel update="i" site="jio.com" site_id="829##13" xmltv_id="Sri Sankara">Sri Sankara</channel>
    <channel update="i" site="jio.com" site_id="937##8" xmltv_id="Sai TV">Sai TV</channel>
    <channel update="i" site="jio.com" site_id="794##1" xmltv_id="Peace of Mind">Peace of Mind</channel>
    <channel update="i" site="jio.com" site_id="609##3" xmltv_id="mh1 Shraddha">mh1 Shraddha</channel>
    <channel update="i" site="jio.com" site_id="886##9" xmltv_id="Lakshya TV">Lakshya TV</channel>
    <channel update="i" site="jio.com" site_id="598##11" xmltv_id="Sri Venkateshwar Bhakti">Sri Venkateshwar Bhakti</channel>
    <channel update="i" site="jio.com" site_id="801##1" xmltv_id="Divya TV">Divya TV</channel>
    <channel update="i" site="jio.com" site_id="602##1" xmltv_id="Paras tv">Paras tv</channel>
    <channel update="i" site="jio.com" site_id="593##1" xmltv_id="Sadhna">Sadhna</channel>
    <channel update="i" site="jio.com" site_id="597##1" xmltv_id="Satsang TV">Satsang TV</channel>
    <channel update="i" site="jio.com" site_id="835##8" xmltv_id="Angel TV HD">Angel TV HD</channel>
    <channel update="i" site="jio.com" site_id="772##11" xmltv_id="CVR OM Spiritual">CVR OM Spiritual</channel>
    <channel update="i" site="jio.com" site_id="777##11" xmltv_id="Aradhana TV">Aradhana TV</channel>
    <channel update="i" site="jio.com" site_id="596##1" xmltv_id="Jinvani TV">Jinvani TV</channel>
    <channel update="i" site="jio.com" site_id="1191##3" xmltv_id="PTC Simran">PTC Simran</channel>
    <channel update="i" site="jio.com" site_id="828##1" xmltv_id="Shubh TV">Shubh TV</channel>
    <channel update="i" site="jio.com" site_id="955##11" xmltv_id="Hindu Dharmam">Hindu Dharmam</channel>
    <channel update="i" site="jio.com" site_id="607##11" xmltv_id="Subhavartha TV">Subhavartha TV</channel>
    <channel update="i" site="jio.com" site_id="934##11" xmltv_id="Divya Vani">Divya Vani</channel>
    <channel update="i" site="jio.com" site_id="466##1" xmltv_id="Arihant TV">Arihant TV</channel>
    <channel update="i" site="jio.com" site_id="924##11" xmltv_id="Rujumargam TV">Rujumargam TV</channel>
    <channel update="i" site="jio.com" site_id="977##11" xmltv_id="Calvary">Calvary</channel>
    <channel update="i" site="jio.com" site_id="984##6" xmltv_id="Swayam Prabha 04">Swayam Prabha 04</channel>
    <channel update="i" site="jio.com" site_id="986##6" xmltv_id="Swayam Prabha 05">Swayam Prabha 05</channel>
    <channel update="i" site="jio.com" site_id="987##6" xmltv_id="Swayam Prabha 06">Swayam Prabha 06</channel>
    <channel update="i" site="jio.com" site_id="985##6" xmltv_id="Swayam Prabha 07">Swayam Prabha 07</channel>
    <channel update="i" site="jio.com" site_id="983##6" xmltv_id="Swayam Prabha 08">Swayam Prabha 08</channel>
    <channel update="i" site="jio.com" site_id="988##6" xmltv_id="Swayam Prabha 09">Swayam Prabha 09</channel>
    <channel update="i" site="jio.com" site_id="989##6" xmltv_id="Swayam Prabha 10">Swayam Prabha 10</channel>
    <channel update="i" site="jio.com" site_id="990##6" xmltv_id="Swayam Prabha 11">Swayam Prabha 11</channel>
    <channel update="i" site="jio.com" site_id="991##6" xmltv_id="Swayam Prabha 12">Swayam Prabha 12</channel>
    <channel update="i" site="jio.com" site_id="992##6" xmltv_id="Swayam Prabha 13">Swayam Prabha 13</channel>
    <channel update="i" site="jio.com" site_id="993##6" xmltv_id="Swayam Prabha 14">Swayam Prabha 14</channel>
    <channel update="i" site="jio.com" site_id="995##6" xmltv_id="Swayam Prabha 15">Swayam Prabha 15</channel>
    <channel update="i" site="jio.com" site_id="994##6" xmltv_id="Swayam Prabha 16">Swayam Prabha 16</channel>
    <channel update="i" site="jio.com" site_id="996##6" xmltv_id="Swayam Prabha 17">Swayam Prabha 17</channel>
    <channel update="i" site="jio.com" site_id="999##6" xmltv_id="Swayam Prabha 18">Swayam Prabha 18</channel>
    <channel update="i" site="jio.com" site_id="401##6" xmltv_id="Swayam Prabha 19">Swayam Prabha 19</channel>
    <channel update="i" site="jio.com" site_id="403##6" xmltv_id="Swayam Prabha 20">Swayam Prabha 20</channel>
    <channel update="i" site="jio.com" site_id="997##6" xmltv_id="Swayam Prabha 21">Swayam Prabha 21</channel>
    <channel update="i" site="jio.com" site_id="998##6" xmltv_id="Swayam Prabha 22">Swayam Prabha 22</channel>
    <channel update="i" site="jio.com" site_id="400##6" xmltv_id="Swayam Prabha 23">Swayam Prabha 23</channel>
    <channel update="i" site="jio.com" site_id="402##6" xmltv_id="Swayam Prabha 24">Swayam Prabha 24</channel>
    <channel update="i" site="jio.com" site_id="405##6" xmltv_id="Swayam Prabha 25">Swayam Prabha 25</channel>
    <channel update="i" site="jio.com" site_id="406##6" xmltv_id="Swayam Prabha 26">Swayam Prabha 26</channel>
    <channel update="i" site="jio.com" site_id="407##6" xmltv_id="Swayam Prabha 27">Swayam Prabha 27</channel>
    <channel update="i" site="jio.com" site_id="408##6" xmltv_id="Swayam Prabha 28">Swayam Prabha 28</channel>
    <channel update="i" site="jio.com" site_id="404##6" xmltv_id="Swayam Prabha 29">Swayam Prabha 29</channel>
    <channel update="i" site="jio.com" site_id="533##1" xmltv_id="Raj Pariwar">Raj Pariwar</channel>
    <channel update="i" site="jio.com" site_id="539##1" xmltv_id="DD Bihar">DD Bihar</channel>
    <channel update="i" site="jio.com" site_id="540##1" xmltv_id="DD Uttar Pradesh">DD Uttar Pradesh</channel>
    <channel update="i" site="jio.com" site_id="419##8" xmltv_id="Jaya TV HD">Jaya TV HD</channel>
    <channel update="i" site="jio.com" site_id="844##7" xmltv_id="Mazavali Manorama HD">Mazavali Manorama HD</channel>
    <channel update="i" site="jio.com" site_id="847##8" xmltv_id="MK TV">MK TV</channel>
    <channel update="i" site="jio.com" site_id="785##13" xmltv_id="Colors Super">Colors Super</channel>
    <channel update="i" site="jio.com" site_id="857##8" xmltv_id="Vendhar TV">Vendhar TV</channel>
    <channel update="i" site="jio.com" site_id="897##11" xmltv_id="Gemini TV HD">Gemini TV HD</channel>
    <channel update="i" site="jio.com" site_id="900##7" xmltv_id="Surya HD">Surya HD</channel>
    <channel update="i" site="jio.com" site_id="901##13" xmltv_id="Udaya HD">Udaya HD</channel>
    <channel update="i" site="jio.com" site_id="904##3" xmltv_id="Sanjha TV">Sanjha TV</channel>
    <channel update="i" site="jio.com" site_id="919##12" xmltv_id="Anjan TV">Anjan TV</channel>
    <channel update="i" site="jio.com" site_id="922##12" xmltv_id="Mahua Plus">Mahua Plus</channel>
    <channel update="i" site="jio.com" site_id="932##1" xmltv_id="PlayMyPlay">PlayMyPlay</channel>
    <channel update="i" site="jio.com" site_id="951##3" xmltv_id="Garv Punjabi">Garv Punjabi</channel>
    <channel update="i" site="jio.com" site_id="959##3" xmltv_id="JUSPunjabi">JUSPunjabi</channel>
    <channel update="i" site="jio.com" site_id="189##8" xmltv_id="Sun TV">Sun TV</channel>
    <channel update="i" site="jio.com" site_id="963##1" xmltv_id="Arre HD">Arre HD</channel>
    <channel update="i" site="jio.com" site_id="967##7" xmltv_id="Channel D">Channel D</channel>
    <channel update="i" site="jio.com" site_id="796##8" xmltv_id="Peppers TV">Peppers TV</channel>
    <channel update="i" site="jio.com" site_id="722##10" xmltv_id="Sarthak TV">Sarthak TV</channel>
    <channel update="i" site="jio.com" site_id="634##7" xmltv_id="Flower TV">Flower TV</channel>
    <channel update="i" site="jio.com" site_id="648##7" xmltv_id="Mazhavil Manorama">Mazhavil Manorama</channel>
    <channel update="i" site="jio.com" site_id="688##13" xmltv_id="Udaya TV">Udaya TV</channel>
    <channel update="i" site="jio.com" site_id="690##5" xmltv_id="DD Bangla">DD Bangla</channel>
    <channel update="i" site="jio.com" site_id="824##8" xmltv_id="Puthu Yugam">Puthu Yugam</channel>
    <channel update="i" site="jio.com" site_id="691##2" xmltv_id="Saam Tv">Saam Tv</channel>
    <channel update="i" site="jio.com" site_id="198##10" xmltv_id="Colors Oriya">Colors Oriya</channel>
    <channel update="i" site="jio.com" site_id="765##14" xmltv_id="Jonack">Jonack</channel>
    <channel update="i" site="jio.com" site_id="623##14" xmltv_id="Rang">Rang</channel>
    <channel update="i" site="jio.com" site_id="635##14" xmltv_id="Rengoni">Rengoni</channel>
    <channel update="i" site="jio.com" site_id="692##11" xmltv_id="ETV Plus">ETV Plus</channel>
    <channel update="i" site="jio.com" site_id="1146##2" xmltv_id="Sony Marathi SD">Sony Marathi SD</channel>
    <channel update="i" site="jio.com" site_id="695##2" xmltv_id="DD Sahayadri">DD Sahayadri</channel>
    <channel update="i" site="jio.com" site_id="697##5" xmltv_id="Sony aath">Sony aath</channel>
    <channel update="i" site="jio.com" site_id="698##5" xmltv_id="Aakash Aath">Aakash Aath</channel>
    <channel update="i" site="jio.com" site_id="699##7" xmltv_id="DD Malayalam">DD Malayalam</channel>
    <channel update="i" site="jio.com" site_id="701##12" xmltv_id="Dangal">Dangal</channel>
    <channel update="i" site="jio.com" site_id="702##10" xmltv_id="DD Oriya">DD Oriya</channel>
    <channel update="i" site="jio.com" site_id="703##10" xmltv_id="Tarang TV">Tarang TV</channel>
    <channel update="i" site="jio.com" site_id="704##10" xmltv_id="OTV (Odisha TV)">OTV (Odisha TV)</channel>
    <channel update="i" site="jio.com" site_id="663##11" xmltv_id="Gemini TV">Gemini TV</channel>
    <channel update="i" site="jio.com" site_id="705##8" xmltv_id="Polimer TV">Polimer TV</channel>
    <channel update="i" site="jio.com" site_id="729##11" xmltv_id="Gemini Comedy">Gemini Comedy</channel>
    <channel update="i" site="jio.com" site_id="707##8" xmltv_id="Raj TV">Raj TV</channel>
    <channel update="i" site="jio.com" site_id="708##8" xmltv_id="Makkal TV">Makkal TV</channel>
    <channel update="i" site="jio.com" site_id="709##8" xmltv_id="Adithya TV">Adithya TV</channel>
    <channel update="i" site="jio.com" site_id="710##7" xmltv_id="Kairali TV">Kairali TV</channel>
    <channel update="i" site="jio.com" site_id="711##8" xmltv_id="Captain tv">Captain tv</channel>
    <channel update="i" site="jio.com" site_id="712##4" xmltv_id="DD urdu">DD urdu</channel>
    <channel update="i" site="jio.com" site_id="706##11" xmltv_id="DD Saptagiri">DD Saptagiri</channel>
    <channel update="i" site="jio.com" site_id="713##13" xmltv_id="DD9 chandana (kannada)">DD9 chandana (kannada)</channel>
    <channel update="i" site="jio.com" site_id="714##9" xmltv_id="DD Girnar">DD Girnar</channel>
    <channel update="i" site="jio.com" site_id="715##3" xmltv_id="DD Punjabi">DD Punjabi</channel>
    <channel update="i" site="jio.com" site_id="716##4" xmltv_id="DD Kashir">DD Kashir</channel>
    <channel update="i" site="jio.com" site_id="719##15" xmltv_id="Nepal one">Nepal one</channel>
    <channel update="i" site="jio.com" site_id="720##14" xmltv_id="DD13 Guwahati NE">DD13 Guwahati NE</channel>
    <channel update="i" site="jio.com" site_id="723##7" xmltv_id="Amrita TV">Amrita TV</channel>
    <channel update="i" site="jio.com" site_id="725##7" xmltv_id="Kairali News">Kairali News</channel>
    <channel update="i" site="jio.com" site_id="726##8" xmltv_id="DD5 Podhigai">DD5 Podhigai</channel>
    <channel update="i" site="jio.com" site_id="727##8" xmltv_id="Vasanth TV">Vasanth TV</channel>
    <channel update="i" site="jio.com" site_id="728##4" xmltv_id="Zee Salaam">Zee Salaam</channel>
    <channel update="i" site="jio.com" site_id="730##13" xmltv_id="Kasturi">Kasturi</channel>
    <channel update="i" site="jio.com" site_id="731##7" xmltv_id="Kairali WE TV">Kairali WE TV</channel>
    <channel update="i" site="jio.com" site_id="733##13" xmltv_id="Udaya Comedy">Udaya Comedy</channel>
    <channel update="i" site="jio.com" site_id="734##11" xmltv_id="Vissa TV">Vissa TV</channel>
    <channel update="i" site="jio.com" site_id="736##2" xmltv_id="Maiboli">Maiboli</channel>
    <channel update="i" site="jio.com" site_id="1066##6" xmltv_id="The Q India">The Q India</channel>
    <channel update="i" site="jio.com" site_id="1076##1" xmltv_id="Andy Haryana">Andy Haryana</channel>
    <channel update="i" site="jio.com" site_id="1100##12" xmltv_id="Dishum TV">Dishum TV</channel>
    <channel update="i" site="jio.com" site_id="1144##13" xmltv_id="Namma TV">Namma TV</channel>
    <channel update="i" site="jio.com" site_id="1151##2" xmltv_id="Rangamanch">Rangamanch</channel>
    <channel update="i" site="jio.com" site_id="534##1" xmltv_id="Dillagi TV">Dillagi TV</channel>
    <channel update="i" site="jio.com" site_id="535##1" xmltv_id="Dhamaal TV">Dhamaal TV</channel>
    <channel update="i" site="jio.com" site_id="877##6" xmltv_id="MNX HD">MNX HD</channel>
    <channel update="i" site="jio.com" site_id="153##2" xmltv_id="Zee Talkies">Zee Talkies</channel>
    <channel update="i" site="jio.com" site_id="417##8" xmltv_id="J Movies">J Movies</channel>
    <channel update="i" site="jio.com" site_id="686##10" xmltv_id="Alankar TV">Alankar TV</channel>
    <channel update="i" site="jio.com" site_id="685##5" xmltv_id="Zee Bangla Cinema">Zee Bangla Cinema</channel>
    <channel update="i" site="jio.com" site_id="477##6" xmltv_id="MN+ HD">MN+ HD</channel>
    <channel update="i" site="jio.com" site_id="252##11" xmltv_id="ETV Cinema">ETV Cinema</channel>
    <channel update="i" site="jio.com" site_id="684##11" xmltv_id="Gemini Life">Gemini Life</channel>
    <channel update="i" site="jio.com" site_id="462##6" xmltv_id="MNX">MNX</channel>
    <channel update="i" site="jio.com" site_id="682##8" xmltv_id="Sun Life">Sun Life</channel>
    <channel update="i" site="jio.com" site_id="478##6" xmltv_id="Romedy Now HD">Romedy Now HD</channel>
    <channel update="i" site="jio.com" site_id="738##2" xmltv_id="Fakt Marathi">Fakt Marathi</channel>
    <channel update="i" site="jio.com" site_id="946##3" xmltv_id="Pitaara">Pitaara</channel>
    <channel update="i" site="jio.com" site_id="809##1" xmltv_id="Maha Movies">Maha Movies</channel>
    <channel update="i" site="jio.com" site_id="841##1" xmltv_id="Housefull Movies">Housefull Movies</channel>
    <channel update="i" site="jio.com" site_id="683##8" xmltv_id="Raj Digital Plus">Raj Digital Plus</channel>
    <channel update="i" site="jio.com" site_id="679##7" xmltv_id="Kiran TV">Kiran TV</channel>
    <channel update="i" site="jio.com" site_id="1190##3" xmltv_id="PTC Punjabi Gold ">PTC Punjabi Gold </channel>
    <channel update="i" site="jio.com" site_id="1202##1" xmltv_id="Jio Bollywood Premium HD">Jio Bollywood Premium HD</channel>
    <channel update="i" site="jio.com" site_id="883##12" xmltv_id="Oscar Movies">Oscar Movies</channel>
    <channel update="i" site="jio.com" site_id="908##14" xmltv_id="Indradhanu">Indradhanu</channel>
    <channel update="i" site="jio.com" site_id="1101##5" xmltv_id="Amaar Cinema">Amaar Cinema</channel>
    <channel update="i" site="jio.com" site_id="666##11" xmltv_id="ABN Andhra Jyothi">ABN Andhra Jyothi</channel>
    <channel update="i" site="jio.com" site_id="499##1" xmltv_id="News Nation">News Nation</channel>
    <channel update="i" site="jio.com" site_id="718##10" xmltv_id="Kanak News">Kanak News</channel>
    <channel update="i" site="jio.com" site_id="498##1" xmltv_id="India news">India news</channel>
    <channel update="i" site="jio.com" site_id="677##8" xmltv_id="Puthiya Thalimurai">Puthiya Thalimurai</channel>
    <channel update="i" site="jio.com" site_id="693##12" xmltv_id="News18 BIHAR">News18 BIHAR</channel>
    <channel update="i" site="jio.com" site_id="923##13" xmltv_id="Dighvijay TV">Dighvijay TV</channel>
    <channel update="i" site="jio.com" site_id="724##10" xmltv_id="Zee Kalinga">Zee Kalinga</channel>
    <channel update="i" site="jio.com" site_id="620##9" xmltv_id="News18 Gujarati">News18 Gujarati</channel>
    <channel update="i" site="jio.com" site_id="502##1" xmltv_id="Tez">Tez</channel>
    <channel update="i" site="jio.com" site_id="180##7" xmltv_id="Asianet News">Asianet News</channel>
    <channel update="i" site="jio.com" site_id="653##13" xmltv_id="News18 Kannada News">News18 Kannada News</channel>
    <channel update="i" site="jio.com" site_id="673##8" xmltv_id="News7 Tamil">News7 Tamil</channel>
    <channel update="i" site="jio.com" site_id="633##14" xmltv_id="DY 365">DY 365</channel>
    <channel update="i" site="jio.com" site_id="232##2" xmltv_id="IBN Lokmat">IBN Lokmat</channel>
    <channel update="i" site="jio.com" site_id="647##14" xmltv_id="Prime Time News">Prime Time News</channel>
    <channel update="i" site="jio.com" site_id="616##9" xmltv_id="Tv 9 Gujarat">Tv 9 Gujarat</channel>
    <channel update="i" site="jio.com" site_id="531##1" xmltv_id="News18 RAJASTHAN">News18 RAJASTHAN</channel>
    <channel update="i" site="jio.com" site_id="717##5" xmltv_id="News18 Bangla News">News18 Bangla News</channel>
    <channel update="i" site="jio.com" site_id="676##8" xmltv_id="Sun News">Sun News</channel>
    <channel update="i" site="jio.com" site_id="792##1" xmltv_id="News State UK UP">News State UK UP</channel>
    <channel update="i" site="jio.com" site_id="627##14" xmltv_id="News 18 Assam">News 18 Assam</channel>
    <channel update="i" site="jio.com" site_id="641##9" xmltv_id="ABP Asmita">ABP Asmita</channel>
    <channel update="i" site="jio.com" site_id="624##14" xmltv_id="Prag News">Prag News</channel>
    <channel update="i" site="jio.com" site_id="497##1" xmltv_id="Delhi Aaj Tak">Delhi Aaj Tak</channel>
    <channel update="i" site="jio.com" site_id="529##1" xmltv_id="News18 MP">News18 MP</channel>
    <channel update="i" site="jio.com" site_id="770##1" xmltv_id="Kashish News">Kashish News</channel>
    <channel update="i" site="jio.com" site_id="769##11" xmltv_id="V6 News">V6 News</channel>
    <channel update="i" site="jio.com" site_id="614##11" xmltv_id="ETV Andhra pradesh">ETV Andhra pradesh</channel>
    <channel update="i" site="jio.com" site_id="615##8" xmltv_id="News 18 Tamilnadu">News 18 Tamilnadu</channel>
    <channel update="i" site="jio.com" site_id="662##7" xmltv_id="Manorama News">Manorama News</channel>
    <channel update="i" site="jio.com" site_id="780##7" xmltv_id="Mathrubhumi News">Mathrubhumi News</channel>
    <channel update="i" site="jio.com" site_id="493##6" xmltv_id="India Today">India Today</channel>
    <channel update="i" site="jio.com" site_id="956##13" xmltv_id="TV 5 Kannada">TV 5 Kannada</channel>
    <channel update="i" site="jio.com" site_id="526##6" xmltv_id="Sony ESPN SD">Sony ESPN SD</channel>
    <channel update="i" site="jio.com" site_id="204##1" xmltv_id="DD Sports">DD Sports</channel>
    <channel update="i" site="jio.com" site_id="845##8" xmltv_id="MK Music">MK Music</channel>
    <channel update="i" site="jio.com" site_id="250##1" xmltv_id="Music India">Music India</channel>
    <channel update="i" site="jio.com" site_id="803##8" xmltv_id="Tunes 6">Tunes 6</channel>
    <channel update="i" site="jio.com" site_id="743##13" xmltv_id="Raj Music Kannada">Raj Music Kannada</channel>
    <channel update="i" site="jio.com" site_id="639##14" xmltv_id="Ramdhenu">Ramdhenu</channel>
    <channel update="i" site="jio.com" site_id="748##8" xmltv_id="Raj Musix">Raj Musix</channel>
    <channel update="i" site="jio.com" site_id="1172##3" xmltv_id="PTC Chak De">PTC Chak De</channel>
    <channel update="i" site="jio.com" site_id="732##3" xmltv_id="9X Tashan">9X Tashan</channel>
    <channel update="i" site="jio.com" site_id="749##8" xmltv_id="Sahana Music">Sahana Music</channel>
    <channel update="i" site="jio.com" site_id="1188##3" xmltv_id="PTC DHOL TV">PTC DHOL TV</channel>
    <channel update="i" site="jio.com" site_id="742##3" xmltv_id="mh1 (Music)">mh1 (Music)</channel>
    <channel update="i" site="jio.com" site_id="735##2" xmltv_id="Sangeet Marathi">Sangeet Marathi</channel>
    <channel update="i" site="jio.com" site_id="441##2" xmltv_id="9x Jhakaas">9x Jhakaas</channel>
    <channel update="i" site="jio.com" site_id="903##3" xmltv_id="Only Music">Only Music</channel>
    <channel update="i" site="jio.com" site_id="747##7" xmltv_id="Surya Music">Surya Music</channel>
    <channel update="i" site="jio.com" site_id="905##3" xmltv_id="PBN Music">PBN Music</channel>
    <channel update="i" site="jio.com" site_id="737##11" xmltv_id="Raj Music Telugu">Raj Music Telugu</channel>
    <channel update="i" site="jio.com" site_id="1192##6" xmltv_id="Brit Asia">Brit Asia</channel>
    <channel update="i" site="jio.com" site_id="786##7" xmltv_id="Kappa TV">Kappa TV</channel>
    <channel update="i" site="jio.com" site_id="1103##1" xmltv_id="PEACE MUSIC">PEACE MUSIC</channel>
    <channel update="i" site="jio.com" site_id="739##7" xmltv_id="Raj Music Malayalam">Raj Music Malayalam</channel>
    <channel update="i" site="jio.com" site_id="1184##3" xmltv_id="Steelbird Music">Steelbird Music</channel>
    <channel update="i" site="jio.com" site_id="832##11" xmltv_id="10 TV">10 TV</channel>
    <channel update="i" site="jio.com" site_id="658##1" xmltv_id="Zee News MP Chattisgarh">Zee News MP Chattisgarh</channel>
    <channel update="i" site="jio.com" site_id="503##1" xmltv_id="IBC-24">IBC-24</channel>
    <channel update="i" site="jio.com" site_id="642##9" xmltv_id="VTV Gujarati">VTV Gujarati</channel>
    <channel update="i" site="jio.com" site_id="668##11" xmltv_id="TV 5 News">TV 5 News</channel>
    <channel update="i" site="jio.com" site_id="1232##6" xmltv_id="Hi Dost!">Hi Dost!</channel>
    <channel update="i" site="jio.com" site_id="675##14" xmltv_id="Assam Talks">Assam Talks</channel>
    <channel update="i" site="jio.com" site_id="687##5" xmltv_id="News Time TV">News Time TV</channel>
    <channel update="i" site="jio.com" site_id="661##12" xmltv_id="Zee Purvaiya">Zee Purvaiya</channel>
    <channel update="i" site="jio.com" site_id="779##10" xmltv_id="Prameya News 7">Prameya News 7</channel>
    <channel update="i" site="jio.com" site_id="784##11" xmltv_id="CVR News">CVR News</channel>
    <channel update="i" site="jio.com" site_id="659##1" xmltv_id="Zee Rajasthan">Zee Rajasthan</channel>
    <channel update="i" site="jio.com" site_id="530##1" xmltv_id="News18 UP">News18 UP</channel>
    <channel update="i" site="jio.com" site_id="696##10" xmltv_id="News18 Oriya">News18 Oriya</channel>
    <channel update="i" site="jio.com" site_id="667##11" xmltv_id="T News">T News</channel>
    <channel update="i" site="jio.com" site_id="782##9" xmltv_id="Sandesh News">Sandesh News</channel>
    <channel update="i" site="jio.com" site_id="203##1" xmltv_id="DD News">DD News</channel>
    <channel update="i" site="jio.com" site_id="954##13" xmltv_id="Prajaa TV">Prajaa TV</channel>
    <channel update="i" site="jio.com" site_id="418##8" xmltv_id="Jaya Plus">Jaya Plus</channel>
    <channel update="i" site="jio.com" site_id="826##8" xmltv_id="Malai Murasu">Malai Murasu</channel>
    <channel update="i" site="jio.com" site_id="976##5" xmltv_id="Bangla Time">Bangla Time</channel>
    <channel update="i" site="jio.com" site_id="910##7" xmltv_id="Media One TV">Media One TV</channel>
    <channel update="i" site="jio.com" site_id="929##9" xmltv_id="Zee 24 Kalak">Zee 24 Kalak</channel>
    <channel update="i" site="jio.com" site_id="142##6" xmltv_id="BBC World News">BBC World News</channel>
    <channel update="i" site="jio.com" site_id="630##11" xmltv_id="ETV Telangana">ETV Telangana</channel>
    <channel update="i" site="jio.com" site_id="781##10" xmltv_id="Kalinga TV">Kalinga TV</channel>
    <channel update="i" site="jio.com" site_id="810##7" xmltv_id="Janam TV">Janam TV</channel>
    <channel update="i" site="jio.com" site_id="512##1" xmltv_id="India News UP">India News UP</channel>
    <channel update="i" site="jio.com" site_id="965##7" xmltv_id="News 18 Kerala">News 18 Kerala</channel>
    <channel update="i" site="jio.com" site_id="800##11" xmltv_id="Maha News">Maha News</channel>
    <channel update="i" site="jio.com" site_id="665##11" xmltv_id="HM TV">HM TV</channel>
    <channel update="i" site="jio.com" site_id="557##8" xmltv_id="Chutti TV">Chutti TV</channel>
    <channel update="i" site="jio.com" site_id="555##13" xmltv_id="Chintu TV">Chintu TV</channel>
    <channel update="i" site="jio.com" site_id="290##8" xmltv_id="sonic Tamil">sonic Tamil</channel>
    <channel update="i" site="jio.com" site_id="553##6" xmltv_id="Discovery Kids 1">Discovery Kids 1</channel>
    <channel update="i" site="jio.com" site_id="558##11" xmltv_id="Kushi TV">Kushi TV</channel>
    <channel update="i" site="jio.com" site_id="166##11" xmltv_id="Cartoon Network Telugu">Cartoon Network Telugu</channel>
    <channel update="i" site="jio.com" site_id="550##8" xmltv_id="Discovery Kids Tamil">Discovery Kids Tamil</channel>
    <channel update="i" site="jio.com" site_id="583##1" xmltv_id="DD Kisan">DD Kisan</channel>
    <channel update="i" site="jio.com" site_id="570##11" xmltv_id="ETV Life">ETV Life</channel>
    <channel update="i" site="jio.com" site_id="422##2" xmltv_id="In Goa 24x7">In Goa 24x7</channel>
    <channel update="i" site="jio.com" site_id="775##11" xmltv_id="Vanitha">Vanitha</channel>
    <channel update="i" site="jio.com" site_id="774##11" xmltv_id="CVR Health">CVR Health</channel>
    <channel update="i" site="jio.com" site_id="541##6" xmltv_id="Discovery Turbo">Discovery Turbo</channel>
    <channel update="i" site="jio.com" site_id="852##6" xmltv_id="Sony BBC Earth HD English">Sony BBC Earth HD English</channel>
    <channel update="i" site="jio.com" site_id="795##1" xmltv_id="testa">testa</channel>
    <channel update="i" site="jio.com" site_id="953##7" xmltv_id="Propex TV">Propex TV</channel>
    <channel update="i" site="jio.com" site_id="1182##1" xmltv_id="AstroFlix">AstroFlix</channel>
    <channel update="i" site="jio.com" site_id="797##7" xmltv_id="testii">testii</channel>
    <channel update="i" site="jio.com" site_id="1181##1" xmltv_id="Jyotish TV">Jyotish TV</channel>
    <channel update="i" site="jio.com" site_id="490##9" xmltv_id="CNBC Bazaar (MNO)">CNBC Bazaar (MNO)</channel>
    <channel update="i" site="jio.com" site_id="599##1" xmltv_id="Disha tv">Disha tv</channel>
    <channel update="i" site="jio.com" site_id="856##1" xmltv_id="Vedic TV">Vedic TV</channel>
    <channel update="i" site="jio.com" site_id="611##1" xmltv_id="Darshan 24">Darshan 24</channel>
    <channel update="i" site="jio.com" site_id="939##1" xmltv_id="Bhaktisagar 2">Bhaktisagar 2</channel>
    <channel update="i" site="jio.com" site_id="601##1" xmltv_id="Ishwar TV">Ishwar TV</channel>
    <channel update="i" site="jio.com" site_id="605##4" xmltv_id="Channel Win">Channel Win</channel>
    <channel update="i" site="jio.com" site_id="603##8" xmltv_id="Nambikkai">Nambikkai</channel>
    <channel update="i" site="jio.com" site_id="879##1" xmltv_id="Hare krsna">Hare krsna</channel>
    <channel update="i" site="jio.com" site_id="887##9" xmltv_id="Garv Shree Swaminarayan">Garv Shree Swaminarayan</channel>
    <channel update="i" site="jio.com" site_id="608##1" xmltv_id="Shubhsandesh TV">Shubhsandesh TV</channel>
    <channel update="i" site="jio.com" site_id="1173##2" xmltv_id="Shree Siddhivinayak">Shree Siddhivinayak</channel>
    <channel update="i" site="jio.com" site_id="912##1" xmltv_id="Katyayani">Katyayani</channel>
    <channel update="i" site="jio.com" site_id="606##7" xmltv_id="Shalom">Shalom</channel>
    <channel update="i" site="jio.com" site_id="1159##2" xmltv_id="Tulja Bhavani">Tulja Bhavani</channel>
    <channel update="i" site="jio.com" site_id="972##1" xmltv_id="Sarv Dharam Sangam">Sarv Dharam Sangam</channel>
    <channel update="i" site="jio.com" site_id="1077##1" xmltv_id="Lord Buddha">Lord Buddha</channel>
    <channel update="i" site="jio.com" site_id="952##3" xmltv_id="Garv Punjabi Gurbani">Garv Punjabi Gurbani</channel>
    <channel update="i" site="jio.com" site_id="1174##3" xmltv_id="Fateh TV">Fateh TV</channel>
    <channel update="i" site="jio.com" site_id="1187##9" xmltv_id="Valambhakti TV">Valambhakti TV</channel>
    <channel update="i" site="jio.com" site_id="964##1" xmltv_id="Om Shanti">Om Shanti</channel>
    <channel update="i" site="jio.com" site_id="1186##9" xmltv_id="Kartavya TV">Kartavya TV</channel>
    <channel update="i" site="jio.com" site_id="1099##9" xmltv_id="Hamari Sanskruti">Hamari Sanskruti</channel>
    <channel update="i" site="jio.com" site_id="961##3" xmltv_id="JUSOne">JUSOne</channel>
    <channel update="i" site="jio.com" site_id="1078##1" xmltv_id="Soham TV">Soham TV</channel>
    <channel update="i" site="jio.com" site_id="802##1" xmltv_id="testi">testi</channel>
    <channel update="i" site="jio.com" site_id="1175##1" xmltv_id="Awakening">Awakening</channel>
    <channel update="i" site="jio.com" site_id="1176##1" xmltv_id="SRMD HD">SRMD HD</channel>
    <channel update="i" site="jio.com" site_id="1193##1" xmltv_id="Hare Krsna Music">Hare Krsna Music</channel>
    <channel update="i" site="jio.com" site_id="409##6" xmltv_id="Swayam Prabha 30">Swayam Prabha 30</channel>
    <channel update="i" site="jio.com" site_id="410##6" xmltv_id="Swayam Prabha 31">Swayam Prabha 31</channel>
    <channel update="i" site="jio.com" site_id="411##6" xmltv_id="Swayam Prabha 32">Swayam Prabha 32</channel>
    <channel update="i" site="jio.com" site_id="1069##9" xmltv_id="Vande Gujarat 1">Vande Gujarat 1</channel>
    <channel update="i" site="jio.com" site_id="1088##9" xmltv_id="Vande Gujarat 10">Vande Gujarat 10</channel>
    <channel update="i" site="jio.com" site_id="1089##9" xmltv_id="Vande Gujarat 11">Vande Gujarat 11</channel>
    <channel update="i" site="jio.com" site_id="1090##9" xmltv_id="Vande Gujarat 12">Vande Gujarat 12</channel>
    <channel update="i" site="jio.com" site_id="1091##9" xmltv_id="Vande Gujarat 13">Vande Gujarat 13</channel>
    <channel update="i" site="jio.com" site_id="1092##9" xmltv_id="Vande Gujarat 14">Vande Gujarat 14</channel>
    <channel update="i" site="jio.com" site_id="1093##9" xmltv_id="Vande Gujarat 15">Vande Gujarat 15</channel>
    <channel update="i" site="jio.com" site_id="1094##9" xmltv_id="Vande Gujarat 16">Vande Gujarat 16</channel>
    <channel update="i" site="jio.com" site_id="1070##9" xmltv_id="Vande Gujarat 2">Vande Gujarat 2</channel>
    <channel update="i" site="jio.com" site_id="1082##9" xmltv_id="Vande Gujarat 3">Vande Gujarat 3</channel>
    <channel update="i" site="jio.com" site_id="1071##9" xmltv_id="Vande Gujarat 4">Vande Gujarat 4</channel>
    <channel update="i" site="jio.com" site_id="1083##9" xmltv_id="Vande Gujarat 5">Vande Gujarat 5</channel>
    <channel update="i" site="jio.com" site_id="1084##9" xmltv_id="Vande Gujarat 6">Vande Gujarat 6</channel>
    <channel update="i" site="jio.com" site_id="1085##9" xmltv_id="Vande Gujarat 7">Vande Gujarat 7</channel>
    <channel update="i" site="jio.com" site_id="1086##9" xmltv_id="Vande Gujarat 8">Vande Gujarat 8</channel>
    <channel update="i" site="jio.com" site_id="1087##9" xmltv_id="Vande Gujarat 9">Vande Gujarat 9</channel>
    <channel update="i" site="jio.com" site_id="807##4" xmltv_id="Gulistan News">Gulistan News</channel>
    <channel update="i" site="jio.com" site_id="768##1" xmltv_id="Jan TV">Jan TV</channel>
    <channel update="i" site="jio.com" site_id="651##13" xmltv_id="Raj News Kannada">Raj News Kannada</channel>
    <channel update="i" site="jio.com" site_id="694##4" xmltv_id="News18 Urdu">News18 Urdu</channel>
    <channel update="i" site="jio.com" site_id="516##1" xmltv_id="India News Haryana">India News Haryana</channel>
    <channel update="i" site="jio.com" site_id="513##1" xmltv_id="India News Rajasthan">India News Rajasthan</channel>
    <channel update="i" site="jio.com" site_id="643##9" xmltv_id="GS TV">GS TV</channel>
    <channel update="i" site="jio.com" site_id="631##10" xmltv_id="MBC">MBC</channel>
    <channel update="i" site="jio.com" site_id="509##1" xmltv_id="Sahara Samay Bihar">Sahara Samay Bihar</channel>
    <channel update="i" site="jio.com" site_id="652##1" xmltv_id="Zee Hindustan">Zee Hindustan</channel>
    <channel update="i" site="jio.com" site_id="551##6" xmltv_id="Toonami">Toonami</channel>
    <channel update="i" site="jio.com" site_id="808##1" xmltv_id="Hindi Khabar">Hindi Khabar</channel>
    <channel update="i" site="jio.com" site_id="654##3" xmltv_id="Zee Punjabi HP Haryana">Zee Punjabi HP Haryana</channel>
    <channel update="i" site="jio.com" site_id="927##1" xmltv_id="First India News">First India News</channel>
    <channel update="i" site="jio.com" site_id="581##11" xmltv_id="TV1">TV1</channel>
    <channel update="i" site="jio.com" site_id="882##1" xmltv_id="News11">News11</channel>
    <channel update="i" site="jio.com" site_id="950##5" xmltv_id="R Plus">R Plus</channel>
    <channel update="i" site="jio.com" site_id="507##1" xmltv_id="SAHARA SAMAY MP">SAHARA SAMAY MP</channel>
    <channel update="i" site="jio.com" site_id="645##8" xmltv_id="Captain News">Captain News</channel>
    <channel update="i" site="jio.com" site_id="790##11" xmltv_id="I News">I News</channel>
    <channel update="i" site="jio.com" site_id="495##6" xmltv_id="News X">News X</channel>
    <channel update="i" site="jio.com" site_id="491##6" xmltv_id="Mirror Now">Mirror Now</channel>
    <channel update="i" site="jio.com" site_id="515##1" xmltv_id="India News MP">India News MP</channel>
    <channel update="i" site="jio.com" site_id="671##8" xmltv_id="Sathiyam TV">Sathiyam TV</channel>
    <channel update="i" site="jio.com" site_id="799##10" xmltv_id="Naxatra News">Naxatra News</channel>
    <channel update="i" site="jio.com" site_id="572##1" xmltv_id="Zee UP UK">Zee UP UK</channel>
    <channel update="i" site="jio.com" site_id="193##6" xmltv_id="CNN">CNN</channel>
    <channel update="i" site="jio.com" site_id="517##3" xmltv_id="Chardikla Time TV">Chardikla Time TV</channel>
    <channel update="i" site="jio.com" site_id="518##1" xmltv_id="Sudarshan">Sudarshan</channel>
    <channel update="i" site="jio.com" site_id="789##1" xmltv_id="JK 24x7 News">JK 24x7 News</channel>
    <channel update="i" site="jio.com" site_id="494##6" xmltv_id="AL Jazeera">AL Jazeera</channel>
    <channel update="i" site="jio.com" site_id="1170##3" xmltv_id="PTC News">PTC News</channel>
    <channel update="i" site="jio.com" site_id="791##1" xmltv_id="Taaza TV">Taaza TV</channel>
    <channel update="i" site="jio.com" site_id="973##5" xmltv_id="Onkar Only Truth">Onkar Only Truth</channel>
    <channel update="i" site="jio.com" site_id="771##1" xmltv_id="Live Today">Live Today</channel>
    <channel update="i" site="jio.com" site_id="506##1" xmltv_id="Sahara Samay Rastriya">Sahara Samay Rastriya</channel>
    <channel update="i" site="jio.com" site_id="1147##11" xmltv_id="Mojo TV">Mojo TV</channel>
    <channel update="i" site="jio.com" site_id="511##1" xmltv_id="Mh One News">Mh One News</channel>
    <channel update="i" site="jio.com" site_id="913##8" xmltv_id="Lotus News">Lotus News</channel>
    <channel update="i" site="jio.com" site_id="880##1" xmltv_id="Janta TV">Janta TV</channel>
    <channel update="i" site="jio.com" site_id="655##1" xmltv_id="News18 Haryana and HP News">News18 Haryana and HP News</channel>
    <channel update="i" site="jio.com" site_id="855##1" xmltv_id="Total TV">Total TV</channel>
    <channel update="i" site="jio.com" site_id="979##1" xmltv_id="test2">test2</channel>
    <channel update="i" site="jio.com" site_id="508##1" xmltv_id="SAHARA SAMAY UP">SAHARA SAMAY UP</channel>
    <channel update="i" site="jio.com" site_id="412##6" xmltv_id="Wion">Wion</channel>
    <channel update="i" site="jio.com" site_id="918##1" xmltv_id="Bharat Samachar">Bharat Samachar</channel>
    <channel update="i" site="jio.com" site_id="935##5" xmltv_id="Artage News">Artage News</channel>
    <channel update="i" site="jio.com" site_id="783##1" xmltv_id="K News India">K News India</channel>
    <channel update="i" site="jio.com" site_id="637##14" xmltv_id="North East Live">North East Live</channel>
    <channel update="i" site="jio.com" site_id="793##1" xmltv_id="Samay Rajasthan">Samay Rajasthan</channel>
    <channel update="i" site="jio.com" site_id="664##11" xmltv_id="Raj News Telugu">Raj News Telugu</channel>
    <channel update="i" site="jio.com" site_id="496##6" xmltv_id="dw">dw</channel>
    <channel update="i" site="jio.com" site_id="1149##5" xmltv_id="Sadhna Aryan News">Sadhna Aryan News</channel>
    <channel update="i" site="jio.com" site_id="522##1" xmltv_id="Loksabha TV">Loksabha TV</channel>
    <channel update="i" site="jio.com" site_id="843##8" xmltv_id="Madhimugam TV">Madhimugam TV</channel>
    <channel update="i" site="jio.com" site_id="520##1" xmltv_id="DD Rajyasabha">DD Rajyasabha</channel>
    <channel update="i" site="jio.com" site_id="885##6" xmltv_id="TV5 Monde">TV5 Monde</channel>
    <channel update="i" site="jio.com" site_id="970##8" xmltv_id="Win TV">Win TV</channel>
    <channel update="i" site="jio.com" site_id="944##9" xmltv_id="Mantavya News">Mantavya News</channel>
    <channel update="i" site="jio.com" site_id="933##4" xmltv_id="4 TV">4 TV</channel>
    <channel update="i" site="jio.com" site_id="936##1" xmltv_id="News 1 India">News 1 India</channel>
    <channel update="i" site="jio.com" site_id="846##2" xmltv_id="MKN">MKN</channel>
    <channel update="i" site="jio.com" site_id="917##1" xmltv_id="APN News">APN News</channel>
    <channel update="i" site="jio.com" site_id="656##6" xmltv_id="News 9">News 9</channel>
    <channel update="i" site="jio.com" site_id="465##7" xmltv_id="Jaihind tv">Jaihind tv</channel>
    <channel update="i" site="jio.com" site_id="842##7" xmltv_id="Jeevan TV">Jeevan TV</channel>
    <channel update="i" site="jio.com" site_id="911##4" xmltv_id="I Plus News">I Plus News</channel>
    <channel update="i" site="jio.com" site_id="916##1" xmltv_id="TV 100">TV 100</channel>
    <channel update="i" site="jio.com" site_id="1179##1" xmltv_id="Bansal News">Bansal News</channel>
    <channel update="i" site="jio.com" site_id="788##1" xmltv_id="India Voice">India Voice</channel>
    <channel update="i" site="jio.com" site_id="926##1" xmltv_id="A1 TV Rajasthan">A1 TV Rajasthan</channel>
    <channel update="i" site="jio.com" site_id="957##1" xmltv_id="INH 24x7">INH 24x7</channel>
    <channel update="i" site="jio.com" site_id="907##6" xmltv_id="GoodNews Channel">GoodNews Channel</channel>
    <channel update="i" site="jio.com" site_id="850##1" xmltv_id="News India 24x7">News India 24x7</channel>
    <channel update="i" site="jio.com" site_id="831##1" xmltv_id="Living India News">Living India News</channel>
    <channel update="i" site="jio.com" site_id="851##1" xmltv_id="SMBC TV">SMBC TV</channel>
    <channel update="i" site="jio.com" site_id="519##1" xmltv_id="Sadhna News Plus">Sadhna News Plus</channel>
    <channel update="i" site="jio.com" site_id="764##6" xmltv_id="Channel News Asia International">Channel News Asia International</channel>
    <channel update="i" site="jio.com" site_id="421##6" xmltv_id="GOA 365">GOA 365</channel>
    <channel update="i" site="jio.com" site_id="621##1" xmltv_id="News World India">News World India</channel>
    <channel update="i" site="jio.com" site_id="838##16" xmltv_id="France 24">France 24</channel>
    <channel update="i" site="jio.com" site_id="650##7" xmltv_id="Raj News Malayalam">Raj News Malayalam</channel>
    <channel update="i" site="jio.com" site_id="921##1" xmltv_id="Prime News">Prime News</channel>
    <channel update="i" site="jio.com" site_id="837##6" xmltv_id="Euro News">Euro News</channel>
    <channel update="i" site="jio.com" site_id="966##1" xmltv_id="Prudent">Prudent</channel>
    <channel update="i" site="jio.com" site_id="915##1" xmltv_id="Khabar Fast">Khabar Fast</channel>
    <channel update="i" site="jio.com" site_id="1185##1" xmltv_id="Swadesh News">Swadesh News</channel>
    <channel update="i" site="jio.com" site_id="960##3" xmltv_id="JUS 24x7">JUS 24x7</channel>
    <channel update="i" site="jio.com" site_id="1102##6" xmltv_id="RDX Goa">RDX Goa</channel>
    <channel update="i" site="jio.com" site_id="920##1" xmltv_id="Channel One News">Channel One News</channel>
    <channel update="i" site="jio.com" site_id="787##6" xmltv_id="CVR English">CVR English</channel>
    <channel update="i" site="jio.com" site_id="974##1" xmltv_id="HNN 24x7">HNN 24x7</channel>
    <channel update="i" site="jio.com" site_id="958##1" xmltv_id="DNN">DNN</channel>
    <channel update="i" site="jio.com" site_id="975##1" xmltv_id="Jantantra">Jantantra</channel>
    <channel update="i" site="jio.com" site_id="1072##1" xmltv_id="The News India">The News India</channel>
    <channel update="i" site="jio.com" site_id="767##8" xmltv_id="Raj News 24x7">Raj News 24x7</channel>
    <channel update="i" site="jio.com" site_id="874##11" xmltv_id="Sony Yay Telugu">Sony Yay Telugu</channel>
    <channel update="i" site="jio.com" site_id="873##8" xmltv_id="Sony Yay Tamil">Sony Yay Tamil</channel>
    <channel update="i" site="jio.com" site_id="548##6" xmltv_id="Nickelodeon Jr.">Nickelodeon Jr.</channel>
    <channel update="i" site="jio.com" site_id="1081##8" xmltv_id="CN HD+ Tamil">CN HD+ Tamil</channel>
    <channel update="i" site="jio.com" site_id="556##7" xmltv_id="Kochu TV">Kochu TV</channel>
    <channel update="i" site="jio.com" site_id="1080##11" xmltv_id="CN HD+ Telugu">CN HD+ Telugu</channel>
    <channel update="i" site="jio.com" site_id="580##1" xmltv_id="DD bharati">DD bharati</channel>
    <channel update="i" site="jio.com" site_id="582##1" xmltv_id="Care World">Care World</channel>
    <channel update="i" site="jio.com" site_id="888##6" xmltv_id="Insight">Insight</channel>
    <channel update="i" site="jio.com" site_id="1162##3" xmltv_id="Prime Asia HD">Prime Asia HD</channel>
    <channel update="i" site="jio.com" site_id="158##1" xmltv_id="Star Plus HD IP">Star Plus HD IP</channel>
    <channel update="i" site="jio.com" site_id="367##1" xmltv_id="Star Utsav HD">Star Utsav HD</channel>
    <channel update="i" site="jio.com" site_id="443##7" xmltv_id="Asianet HD">Asianet HD</channel>
    <channel update="i" site="jio.com" site_id="368##8" xmltv_id="Star Vijay HD">Star Vijay HD</channel>
    <channel update="i" site="jio.com" site_id="317##5" xmltv_id="Star Jalsha HD">Star Jalsha HD</channel>
    <channel update="i" site="jio.com" site_id="758##11" xmltv_id="Maa TV HD">Maa TV HD</channel>
    <channel update="i" site="jio.com" site_id="759##11" xmltv_id="Maa Gold HD">Maa Gold HD</channel>
    <channel update="i" site="jio.com" site_id="931##1" xmltv_id="Star Bharat HD">Star Bharat HD</channel>
    <channel update="i" site="jio.com" site_id="181##7" xmltv_id="Asianet Plus HD">Asianet Plus HD</channel>
    <channel update="i" site="jio.com" site_id="336##2" xmltv_id="Star Pravah HD">Star Pravah HD</channel>
    <channel update="i" site="jio.com" site_id="370##13" xmltv_id="Suvarna HD">Suvarna HD</channel>
    <channel update="i" site="jio.com" site_id="458##13" xmltv_id="Suvarna Plus HD">Suvarna Plus HD</channel>
    <channel update="i" site="jio.com" site_id="156##1" xmltv_id="Star Gold HD">Star Gold HD</channel>
    <channel update="i" site="jio.com" site_id="457##5" xmltv_id="Jalsha Movies HD">Jalsha Movies HD</channel>
    <channel update="i" site="jio.com" site_id="760##11" xmltv_id="Maa Movies HD">Maa Movies HD</channel>
    <channel update="i" site="jio.com" site_id="247##1" xmltv_id="Movies OK HD">Movies OK HD</channel>
    <channel update="i" site="jio.com" site_id="459##7" xmltv_id="Asianet Movies HD">Asianet Movies HD</channel>
    <channel update="i" site="jio.com" site_id="460##6" xmltv_id="Star Sports Select HD1">Star Sports Select HD1</channel>
    <channel update="i" site="jio.com" site_id="159##6" xmltv_id="Star Sports 1">Star Sports 1</channel>
    <channel update="i" site="jio.com" site_id="160##6" xmltv_id="Star Sports 2">Star Sports 2</channel>
    <channel update="i" site="jio.com" site_id="362##1" xmltv_id="Star Sports Hindi 1">Star Sports Hindi 1</channel>
    <channel update="i" site="jio.com" site_id="461##6" xmltv_id="Star Sports Select HD2">Star Sports Select HD2</channel>
    <channel update="i" site="jio.com" site_id="439##1" xmltv_id="Home Shop 18">Home Shop 18</channel>
    <channel update="i" site="jio.com" site_id="805##2" xmltv_id="Maharashtra1">Maharashtra1</channel>
    <channel update="i" site="jio.com" site_id="1161##6" xmltv_id="Jio Cricket 2 HD">Jio Cricket 2 HD</channel>
    <channel update="i" site="jio.com" site_id="1166##6" xmltv_id="Jio Cricket 3 HD">Jio Cricket 3 HD</channel>
    <channel update="i" site="jio.com" site_id="1205##1" xmltv_id="ABP Ganga">ABP Ganga</channel>
    <channel update="i" site="jio.com" site_id="1209##8" xmltv_id="Kalaignar TV">Kalaignar TV</channel>
    <channel update="i" site="jio.com" site_id="1210##8" xmltv_id="Kalaignar Seithigal ">Kalaignar Seithigal </channel>
    <channel update="i" site="jio.com" site_id="1212##1" xmltv_id="Hare Krsna Pravachan">Hare Krsna Pravachan</channel>
    <channel update="i" site="jio.com" site_id="1213##1" xmltv_id="JioCinema Shows">JioCinema Shows</channel>
    <channel update="i" site="jio.com" site_id="1214##1" xmltv_id="JioCinema Action">JioCinema Action</channel>
    <channel update="i" site="jio.com" site_id="1215##1" xmltv_id="JioCinema Comedy">JioCinema Comedy</channel>
    <channel update="i" site="jio.com" site_id="1216##6" xmltv_id="Highbrow">Highbrow</channel>
    <channel update="i" site="jio.com" site_id="1217##2" xmltv_id="Lord Shri Vitthal Rukmini">Lord Shri Vitthal Rukmini</channel>
    <channel update="i" site="jio.com" site_id="1219##8" xmltv_id="Animal Planet HD Tamil">Animal Planet HD Tamil</channel>
    <channel update="i" site="jio.com" site_id="1220##1" xmltv_id="Rajyoga TV">Rajyoga TV</channel>
    <channel update="i" site="jio.com" site_id="1221##7" xmltv_id="Rajyoga Malayalam">Rajyoga Malayalam</channel>
    <channel update="i" site="jio.com" site_id="1222##1" xmltv_id="Mandir Shri Govinddevji-Jaipur">Mandir Shri Govinddevji-Jaipur</channel>
    <channel update="i" site="jio.com" site_id="1223##2" xmltv_id="Dagdusheth Ganpati - Pune">Dagdusheth Ganpati - Pune</channel>
    <channel update="i" site="jio.com" site_id="1224##1" xmltv_id="Nimbark TV">Nimbark TV</channel>
    <channel update="i" site="jio.com" site_id="1225##1" xmltv_id="Click Life">Click Life</channel>
    <channel update="i" site="jio.com" site_id="1226##6" xmltv_id="Nick HD+">Nick HD+</channel>
    <channel update="i" site="jio.com" site_id="1227##9" xmltv_id="Digishala">Digishala</channel>
    <channel update="i" site="jio.com" site_id="1228##2" xmltv_id="Ambabai Temple-Kolhapur">Ambabai Temple-Kolhapur</channel>
    <channel update="i" site="jio.com" site_id="1233##10" xmltv_id="JIA NEWS">JIA NEWS</channel>
    <channel update="i" site="jio.com" site_id="1234##1" xmltv_id="Jio Football Hindi HD">Jio Football Hindi HD</channel>
    <channel update="i" site="jio.com" site_id="1235##8" xmltv_id="Jio Football Tamil HD">Jio Football Tamil HD</channel>
    <channel update="i" site="jio.com" site_id="1236##7" xmltv_id="Jio Football Malayalam HD">Jio Football Malayalam HD</channel>
    <channel update="i" site="jio.com" site_id="1237##13" xmltv_id="Jio Football Kannada HD">Jio Football Kannada HD</channel>
    <channel update="i" site="jio.com" site_id="1238##11" xmltv_id="Jio Football Telugu HD">Jio Football Telugu HD</channel>
    <channel update="i" site="jio.com" site_id="1239##5" xmltv_id="Jio Football Bengali HD">Jio Football Bengali HD</channel>
    <channel update="i" site="jio.com" site_id="1241##6" xmltv_id="God TV">God TV</channel>
    <channel update="i" site="jio.com" site_id="1242##11" xmltv_id="Sonic Telugu">Sonic Telugu</channel>
    <channel update="i" site="jio.com" site_id="1243##13" xmltv_id="Sonic Kannada">Sonic Kannada</channel>
    <channel update="i" site="jio.com" site_id="1244##13" xmltv_id="Nick Kannada">Nick Kannada</channel>
    <channel update="i" site="jio.com" site_id="1246##5" xmltv_id="Headlines Tripura">Headlines Tripura</channel>
    <channel update="i" site="jio.com" site_id="1250##7" xmltv_id="Twenty Four News">Twenty Four News</channel>
    <channel update="i" site="jio.com" site_id="1251##1" xmltv_id="TV9 Bharatvarsh">TV9 Bharatvarsh</channel>
    <channel update="i" site="jio.com" site_id="1252##4" xmltv_id="Tehzeeb TV">Tehzeeb TV</channel>
    <channel update="i" site="jio.com" site_id="1253##5" xmltv_id="Kolkata Live">Kolkata Live</channel>
    <channel update="i" site="jio.com" site_id="1254##11" xmltv_id="Aastha Telugu">Aastha Telugu</channel>
    <channel update="i" site="jio.com" site_id="1255##8" xmltv_id="Aastha Tamil">Aastha Tamil</channel>
    <channel update="i" site="jio.com" site_id="1256##13" xmltv_id="Aastha Kannada">Aastha Kannada</channel>
    <channel update="i" site="jio.com" site_id="1257##1" xmltv_id="Surya Samachar">Surya Samachar</channel>
    <channel update="i" site="jio.com" site_id="1258##1" xmltv_id="Surya Cinema">Surya Cinema</channel>
    <channel update="i" site="jio.com" site_id="1259##1" xmltv_id="Surya Bhakti">Surya Bhakti</channel>
    <channel update="i" site="jio.com" site_id="1260##5" xmltv_id="Ctvn Akd Plus">Ctvn Akd Plus</channel>
    <channel update="i" site="jio.com" site_id="1261##5" xmltv_id="Calcutta News">Calcutta News</channel>
    <channel update="i" site="jio.com" site_id="1262##1" xmltv_id="FM News">FM News</channel>
    <channel update="i" site="jio.com" site_id="1263##1" xmltv_id="Total Tv Haryana">Total Tv Haryana</channel>
    <channel update="i" site="jio.com" site_id="1264##5" xmltv_id="Kolkata TV">Kolkata TV</channel>
    <channel update="i" site="jio.com" site_id="1265##3" xmltv_id="Global Sanjh">Global Sanjh</channel>
    <channel update="i" site="jio.com" site_id="438##1" xmltv_id="Jio Cricket Hindi HD">Jio Cricket Hindi HD</channel>
  </channels>
</site>