﻿<?xml version="1.0" encoding="UTF-8"?>
<site generator-info-name="WebGrab+Plus/w MDB &amp; REX Postprocess -- version V3.0.2.1 -- Jan van Straaten" site="albepg.com">
  <channels>
    <channel update="i" site="albepg" site_id="TeleSport" xmltv_id="TeleSport">TeleSport</channel>
    <channel update="i" site="albepg" site_id="MFM" xmltv_id="MFM">MFM</channel>
    <channel update="i" site="albepg" site_id="TV Tetova" xmltv_id="TV Tetova">TV Tetova</channel>
    <channel update="i" site="albepg" site_id="Elrodi TV" xmltv_id="Elrodi TV">Elrodi TV</channel>
    <channel update="i" site="albepg" site_id="7 News" xmltv_id="7 News">7 News</channel>
    <channel update="i" site="albepg" site_id="RTSH Sport" xmltv_id="RTSH Sport">RTSH Sport</channel>
    <channel update="i" site="albepg" site_id="RTSH2 HD" xmltv_id="RTSH2 HD">RTSH2 HD</channel>
    <channel update="i" site="albepg" site_id="Ora News" xmltv_id="Ora News">Ora News</channel>
    <channel update="i" site="albepg" site_id="Top Channel" xmltv_id="Top Channel">Top Channel</channel>
    <channel update="i" site="albepg" site_id="Top Channel HD" xmltv_id="Top Channel HD">Top Channel HD</channel>
    <channel update="i" site="albepg" site_id="UTV News" xmltv_id="UTV News">UTV News</channel>
    <channel update="i" site="albepg" site_id="Rrokum TV" xmltv_id="Rrokum TV">Rrokum TV</channel>
    <channel update="i" site="albepg" site_id="Neser TV" xmltv_id="Neser TV">Neser TV</channel>
    <channel update="i" site="albepg" site_id="ALBUK TV" xmltv_id="ALBUK TV">ALBUK TV</channel>
    <channel update="i" site="albepg" site_id="Alsat-M" xmltv_id="Alsat-M">Alsat-M</channel>
    <channel update="i" site="albepg" site_id="Report TV" xmltv_id="Report TV">Report TV</channel>
    <channel update="i" site="albepg" site_id="INTV" xmltv_id="INTV">INTV</channel>
    <channel update="i" site="albepg" site_id="RTM2" xmltv_id="RTM2">RTM2</channel>
    <channel update="i" site="albepg" site_id="Klan Macedonia" xmltv_id="Klan Macedonia">Klan Macedonia</channel>
    <channel update="i" site="albepg" site_id="Arena Sport 1" xmltv_id="Arena Sport 1">Arena Sport 1</channel>
    <channel update="i" site="albepg" site_id="Arena Sport 2" xmltv_id="Arena Sport 2">Arena Sport 2</channel>
    <channel update="i" site="albepg" site_id="Arena Sport 3" xmltv_id="Arena Sport 3">Arena Sport 3</channel>
    <channel update="i" site="albepg" site_id="Arena Sport 4" xmltv_id="Arena Sport 4">Arena Sport 4</channel>
    <channel update="i" site="albepg" site_id="Balkanika" xmltv_id="Balkanika">Balkanika</channel>
    <channel update="i" site="albepg" site_id="Shenja TV" xmltv_id="Shenja TV">Shenja TV</channel>
    <channel update="i" site="albepg" site_id="RTV 21 MK" xmltv_id="RTV 21 MK">RTV 21 MK</channel>
    <channel update="i" site="albepg" site_id="Koha TV" xmltv_id="Koha TV">Koha TV</channel>
    <channel update="i" site="albepg" site_id="Vizion Plus" xmltv_id="Vizion Plus">Vizion Plus</channel>
    <channel update="i" site="albepg" site_id="Vizion Plus HD" xmltv_id="Vizion Plus HD">Vizion Plus HD</channel>
    <channel update="i" site="albepg" site_id="Jolly HD" xmltv_id="Jolly HD">Jolly HD</channel>
    <channel update="i" site="albepg" site_id="Living HD" xmltv_id="Living HD">Living HD</channel>
    <channel update="i" site="albepg" site_id="Tring International" xmltv_id="Tring International">Tring International</channel>
    <channel update="i" site="albepg" site_id="Smile" xmltv_id="Smile">Smile</channel>
    <channel update="i" site="albepg" site_id="Muse" xmltv_id="Muse">Muse</channel>
    <channel update="i" site="albepg" site_id="3 Plus" xmltv_id="3 Plus">3 Plus</channel>
    <channel update="i" site="albepg" site_id="KanalD Drama" xmltv_id="KanalD Drama">KanalD Drama</channel>
    <channel update="i" site="albepg" site_id="Tring Shqip" xmltv_id="Tring Shqip">Tring Shqip</channel>
    <channel update="i" site="albepg" site_id="Tring Tring" xmltv_id="Tring Tring">Tring Tring</channel>
    <channel update="i" site="albepg" site_id="Tring Kids" xmltv_id="Tring Kids">Tring Kids</channel>
    <channel update="i" site="albepg" site_id="Tip TV" xmltv_id="Tip TV">Tip TV</channel>
    <channel update="i" site="albepg" site_id="Tring Super" xmltv_id="Tring Super">Tring Super</channel>
    <channel update="i" site="albepg" site_id="Tring Action" xmltv_id="Tring Action">Tring Action</channel>
    <channel update="i" site="albepg" site_id="Tring Life" xmltv_id="Tring Life">Tring Life</channel>
    <channel update="i" site="albepg" site_id="Tring Comedy" xmltv_id="Tring Comedy">Tring Comedy</channel>
    <channel update="i" site="albepg" site_id="Tring Fantasy" xmltv_id="Tring Fantasy">Tring Fantasy</channel>
    <channel update="i" site="albepg" site_id="FOX Life" xmltv_id="FOX Life">FOX Life</channel>
    <channel update="i" site="albepg" site_id="FOX Crime" xmltv_id="FOX Crime">FOX Crime</channel>
    <channel update="i" site="albepg" site_id="FOX" xmltv_id="FOX">FOX</channel>
    <channel update="i" site="albepg" site_id="Tring History" xmltv_id="Tring History">Tring History</channel>
    <channel update="i" site="albepg" site_id="Tring World" xmltv_id="Tring World">Tring World</channel>
    <channel update="i" site="albepg" site_id="Tring Planet" xmltv_id="Tring Planet">Tring Planet</channel>
    <channel update="i" site="albepg" site_id="National Geographic" xmltv_id="National Geographic">National Geographic</channel>
    <channel update="i" site="albepg" site_id="Nat Geo HD" xmltv_id="Nat Geo HD">Nat Geo HD</channel>
    <channel update="i" site="albepg" site_id="Click TV" xmltv_id="Click TV">Click TV</channel>
    <channel update="i" site="albepg" site_id="Klan TV" xmltv_id="Klan TV">Klan TV</channel>
    <channel update="i" site="albepg" site_id="Klan TV HD" xmltv_id="Klan TV HD">Klan TV HD</channel>
    <channel update="i" site="albepg" site_id="Klan Plus" xmltv_id="Klan Plus">Klan Plus</channel>
    <channel update="i" site="albepg" site_id="Fax News" xmltv_id="Fax News">Fax News</channel>
    <channel update="i" site="albepg" site_id="Tring Sport News HD" xmltv_id="Tring Sport News HD">Tring Sport News HD</channel>
    <channel update="i" site="albepg" site_id="Tring Sport 1 HD" xmltv_id="Tring Sport 1 HD">Tring Sport 1 HD</channel>
    <channel update="i" site="albepg" site_id="Tring Sport 2 HD" xmltv_id="Tring Sport 2 HD">Tring Sport 2 HD</channel>
    <channel update="i" site="albepg" site_id="Tring Sport 3 HD" xmltv_id="Tring Sport 3 HD">Tring Sport 3 HD</channel>
    <channel update="i" site="albepg" site_id="Tring Sport 4 HD" xmltv_id="Tring Sport 4 HD">Tring Sport 4 HD</channel>
    <channel update="i" site="albepg" site_id="My Music" xmltv_id="My Music">My Music</channel>
    <channel update="i" site="albepg" site_id="ABC News" xmltv_id="ABC News">ABC News</channel>
    <channel update="i" site="albepg" site_id="Animal Planet" xmltv_id="Animal Planet">Animal Planet</channel>
    <channel update="i" site="albepg" site_id="ID Xtra HD" xmltv_id="ID Xtra HD">ID Xtra HD</channel>
    <channel update="i" site="albepg" site_id="24 Kitchen" xmltv_id="24 Kitchen">24 Kitchen</channel>
    <channel update="i" site="albepg" site_id="Fine Living" xmltv_id="Fine Living">Fine Living</channel>
    <channel update="i" site="albepg" site_id="Discovery Channel" xmltv_id="Discovery Channel">Discovery Channel</channel>
    <channel update="i" site="albepg" site_id="MTV Live HD" xmltv_id="MTV Live HD">MTV Live HD</channel>
    <channel update="i" site="albepg" site_id="SuperSonic TV" xmltv_id="SuperSonic TV">SuperSonic TV</channel>
    <channel update="i" site="albepg" site_id="STV Folk" xmltv_id="STV Folk">STV Folk</channel>
    <channel update="i" site="albepg" site_id="Top News" xmltv_id="Top News">Top News</channel>
    <channel update="i" site="albepg" site_id="Baby TV" xmltv_id="Baby TV">Baby TV</channel>
    <channel update="i" site="albepg" site_id="RTV 21" xmltv_id="RTV 21">RTV 21</channel>
    <channel update="i" site="albepg" site_id="21 Popullore" xmltv_id="21 Popullore">21 Popullore</channel>
    <channel update="i" site="albepg" site_id="21 Junior" xmltv_id="21 Junior">21 Junior</channel>
    <channel update="i" site="albepg" site_id="KTV" xmltv_id="KTV">KTV</channel>
    <channel update="i" site="albepg" site_id="Arta HD" xmltv_id="Arta HD">Arta HD</channel>
    <channel update="i" site="albepg" site_id="Tribuna Channel" xmltv_id="Tribuna Channel">Tribuna Channel</channel>
    <channel update="i" site="albepg" site_id="first CHANNEL" xmltv_id="first CHANNEL">first CHANNEL</channel>
    <channel update="i" site="albepg" site_id="Bang Bang" xmltv_id="Bang Bang">Bang Bang</channel>
    <channel update="i" site="albepg" site_id="Cufo TV" xmltv_id="Cufo TV">Cufo TV</channel>
    <channel update="i" site="albepg" site_id="Junior" xmltv_id="Junior">Junior</channel>
    <channel update="i" site="albepg" site_id="Boomerang" xmltv_id="Boomerang">Boomerang</channel>
    <channel update="i" site="albepg" site_id="Film Nje HD" xmltv_id="Film Nje HD">Film Nje HD</channel>
    <channel update="i" site="albepg" site_id="Film Dy HD" xmltv_id="Film Dy HD">Film Dy HD</channel>
    <channel update="i" site="albepg" site_id="Film Komedi" xmltv_id="Film Komedi">Film Komedi</channel>
    <channel update="i" site="albepg" site_id="Film Hits+1" xmltv_id="Film Hits+1">Film Hits+1</channel>
    <channel update="i" site="albepg" site_id="Film Hits" xmltv_id="Film Hits">Film Hits</channel>
    <channel update="i" site="albepg" site_id="Film Thriller" xmltv_id="Film Thriller">Film Thriller</channel>
    <channel update="i" site="albepg" site_id="Film Drame" xmltv_id="Film Drame">Film Drame</channel>
    <channel update="i" site="albepg" site_id="Film Aksion" xmltv_id="Film Aksion">Film Aksion</channel>
    <channel update="i" site="albepg" site_id="Stinet" xmltv_id="Stinet">Stinet</channel>
    <channel update="i" site="albepg" site_id="EXPLORER Shkence" xmltv_id="EXPLORER Shkence">EXPLORER Shkence</channel>
    <channel update="i" site="albepg" site_id="EXPLORER Histori" xmltv_id="EXPLORER Histori">EXPLORER Histori</channel>
    <channel update="i" site="albepg" site_id="EXPLORER Natyra" xmltv_id="EXPLORER Natyra">EXPLORER Natyra</channel>
    <channel update="i" site="albepg" site_id="Fashion TV" xmltv_id="Fashion TV">Fashion TV</channel>
    <channel update="i" site="albepg" site_id="News 24" xmltv_id="News 24">News 24</channel>
    <channel update="i" site="albepg" site_id="On-TV" xmltv_id="On-TV">On-TV</channel>
    <channel update="i" site="albepg" site_id="EuroSport" xmltv_id="EuroSport">EuroSport</channel>
    <channel update="i" site="albepg" site_id="Peace TV" xmltv_id="Peace TV">Peace TV</channel>
    <channel update="i" site="albepg" site_id="RTSH1 HD" xmltv_id="RTSH1 HD">RTSH1 HD</channel>
    <channel update="i" site="albepg" site_id="RTSH 1" xmltv_id="RTSH 1">RTSH 1</channel>
    <channel update="i" site="albepg" site_id="RTV 21 HD" xmltv_id="RTV 21 HD">RTV 21 HD</channel>
    <channel update="i" site="albepg" site_id="Klan Kosova" xmltv_id="Klan Kosova">Klan Kosova</channel>
    <channel update="i" site="albepg" site_id="RTK 1" xmltv_id="RTK 1">RTK 1</channel>
    <channel update="i" site="albepg" site_id="T HD" xmltv_id="T HD">T HD</channel>
    <channel update="i" site="albepg" site_id="Family HD" xmltv_id="Family HD">Family HD</channel>
    <channel update="i" site="albepg" site_id="T 7" xmltv_id="T 7">T 7</channel>
    <channel update="i" site="albepg" site_id="SuperSport 1" xmltv_id="SuperSport 1">SuperSport 1</channel>
    <channel update="i" site="albepg" site_id="SuperSport 2" xmltv_id="SuperSport 2">SuperSport 2</channel>
    <channel update="i" site="albepg" site_id="SuperSport 3" xmltv_id="SuperSport 3">SuperSport 3</channel>
    <channel update="i" site="albepg" site_id="SuperSport 4" xmltv_id="SuperSport 4">SuperSport 4</channel>
    <channel update="i" site="albepg" site_id="SuperSport 5" xmltv_id="SuperSport 5">SuperSport 5</channel>
    <channel update="i" site="albepg" site_id="SuperSport 6" xmltv_id="SuperSport 6">SuperSport 6</channel>
    <channel update="i" site="albepg" site_id="SS Kosova 1" xmltv_id="SS Kosova 1">SS Kosova 1</channel>
    <channel update="i" site="albepg" site_id="SS Kosova 2" xmltv_id="SS Kosova 2">SS Kosova 2</channel>
    <channel update="i" site="albepg" site_id="SS Kosova 3" xmltv_id="SS Kosova 3">SS Kosova 3</channel>
  </channels>
</site>