﻿<?xml version="1.0" encoding="UTF-8"?>
<site generator-info-name="WebGrab+Plus/w MDB &amp; REX Postprocess -- version V3.0.2.0 -- Jan van Straaten" site="tring.al">
  <channels>
    <channel update="i" site="tring.al" site_id="includes/picker/images/vizion.png##0" xmltv_id="Vizion Plus">Vizion Plus</channel>
    <channel update="i" site="tring.al" site_id="includes/picker/images/jollyhd.png##1" xmltv_id="JOLLY HD">JOLLY HD</channel>
    <channel update="i" site="tring.al" site_id="includes/picker/images/1234.png##2" xmltv_id="LIVING">LIVING</channel>
    <channel update="i" site="tring.al" site_id="includes/picker/images/tring-international.png##3" xmltv_id="INTERNATIONAL">INTERNATIONAL</channel>
    <channel update="i" site="tring.al" site_id="includes/picker/images/te-brendshme/smile-web-fixed.png##4" xmltv_id="SMILE">SMILE</channel>
    <channel update="i" site="tring.al" site_id="includes/picker/images/te-brendshme/muse-fixed-web.png##5" xmltv_id="MUSE">MUSE</channel>
    <channel update="i" site="tring.al" site_id="includes/picker/images/3plus.png##6" xmltv_id="3 Plus">3 Plus</channel>
    <channel update="i" site="tring.al" site_id="##7" xmltv_id="KanalD Drama">KanalD Drama</channel>
    <channel update="i" site="tring.al" site_id="##8" xmltv_id="TRING SHQIPI">TRING SHQIPI</channel>
    <channel update="i" site="tring.al" site_id="includes/picker/images/te-brendshme/tring-tring-fixed.png##9" xmltv_id="Tring Tring">Tring Tring</channel>
    <channel update="i" site="tring.al" site_id="includes/picker/images/tring-kids.png##10" xmltv_id="KIDS">KIDS</channel>
    <channel update="i" site="tring.al" site_id="includes/picker/images/te-brendshme/tiptv-web-fix.png##11" xmltv_id="Tip Tv">Tip Tv</channel>
    <channel update="i" site="tring.al" site_id="includes/picker/images/super.png##12" xmltv_id="Tring Super">Tring Super</channel>
    <channel update="i" site="tring.al" site_id="includes/picker/images/action.png##13" xmltv_id="Tring Max">Tring Max</channel>
    <channel update="i" site="tring.al" site_id="includes/picker/images/life.png##14" xmltv_id="Tring Life">Tring Life</channel>
    <channel update="i" site="tring.al" site_id="includes/picker/images/comedy.png##15" xmltv_id="Tring Comedy">Tring Comedy</channel>
    <channel update="i" site="tring.al" site_id="includes/picker/images/tring-fantasy.png##16" xmltv_id="TRING FANTAZI">TRING FANTAZI</channel>
    <channel update="i" site="tring.al" site_id="includes/picker/images/fox-life.png##17" xmltv_id="Fox Life">Fox Life</channel>
    <channel update="i" site="tring.al" site_id="includes/picker/images/fox-crime.png##18" xmltv_id="Fox Crime">Fox Crime</channel>
    <channel update="i" site="tring.al" site_id="includes/picker/images/fox_200x60px.png##19" xmltv_id="FOX">FOX</channel>
    <channel update="i" site="tring.al" site_id="includes/picker/images/history.png##20" xmltv_id="T-HIST">T-HIST</channel>
    <channel update="i" site="tring.al" site_id="includes/picker/images/world.png##21" xmltv_id="Tring World">Tring World</channel>
    <channel update="i" site="tring.al" site_id="includes/picker/images/planet.png##22" xmltv_id="Tring Planet">Tring Planet</channel>
    <channel update="i" site="tring.al" site_id="includes/picker/images/national-geographic.png##23" xmltv_id="National Geographic">National Geographic</channel>
    <channel update="i" site="tring.al" site_id="includes/picker/images/click-tv.png##24" xmltv_id="CLICK TV">CLICK TV</channel>
    <channel update="i" site="tring.al" site_id="includes/picker/images/seven.png##25" xmltv_id="Kanali 7">Kanali 7</channel>
    <channel update="i" site="tring.al" site_id="##26" xmltv_id="RTSH">RTSH</channel>
    <channel update="i" site="tring.al" site_id="includes/picker/images/klan-hd.png##27" xmltv_id="Klan HD">Klan HD</channel>
    <channel update="i" site="tring.al" site_id="includes/picker/images/klan-plus.png##28" xmltv_id="Klan Plus HD">Klan Plus HD</channel>
    <channel update="i" site="tring.al" site_id="##29" xmltv_id="Klan Kosova">Klan Kosova</channel>
    <channel update="i" site="tring.al" site_id="##30" xmltv_id="RTK">RTK</channel>
    <channel update="i" site="tring.al" site_id="includes/picker/images/21.png##31" xmltv_id="RTV21">RTV21</channel>
    <channel update="i" site="tring.al" site_id="##32" xmltv_id="RTV 21 M">RTV 21 M</channel>
    <channel update="i" site="tring.al" site_id="##33" xmltv_id="Club TV">Club TV</channel>
    <channel update="i" site="tring.al" site_id="##34" xmltv_id="Fax News">Fax News</channel>
    <channel update="i" site="tring.al" site_id="##35" xmltv_id="ABC NEWS">ABC NEWS</channel>
    <channel update="i" site="tring.al" site_id="includes/picker/images/folk.png##36" xmltv_id="Folk +">Folk +</channel>
    <channel update="i" site="tring.al" site_id="includes/picker/images/bbf.png##37" xmltv_id="BBF">BBF</channel>
    <channel update="i" site="tring.al" site_id="##38" xmltv_id="Elrodi">Elrodi</channel>
    <channel update="i" site="tring.al" site_id="includes/picker/images/antenna-europe.png##39" xmltv_id="Antenna Europe">Antenna Europe</channel>
    <channel update="i" site="tring.al" site_id="##40" xmltv_id="RAI UNO">RAI UNO</channel>
    <channel update="i" site="tring.al" site_id="includes/picker/images/canale-5.png##41" xmltv_id="Canale 5">Canale 5</channel>
    <channel update="i" site="tring.al" site_id="includes/picker/images/italia-1.png##42" xmltv_id="Italia 1">Italia 1</channel>
    <channel update="i" site="tring.al" site_id="##43" xmltv_id="Mediaset Italia">Mediaset Italia</channel>
    <channel update="i" site="tring.al" site_id="includes/picker/images/sport-news-hd.png##44" xmltv_id="Tring Sport News HD">Tring Sport News HD</channel>
    <channel update="i" site="tring.al" site_id="includes/picker/images/sport1-hd.png##45" xmltv_id="TS1 HD">TS1 HD</channel>
    <channel update="i" site="tring.al" site_id="includes/picker/images/sport2-hd.png##46" xmltv_id="TS2 HD">TS2 HD</channel>
    <channel update="i" site="tring.al" site_id="includes/picker/images/sport3-hd.png##47" xmltv_id="TS3 HD">TS3 HD</channel>
    <channel update="i" site="tring.al" site_id="includes/picker/images/sport4-hd.png##48" xmltv_id="TS4 HD">TS4 HD</channel>
    <channel update="i" site="tring.al" site_id="includes/picker/images/desire.png##49" xmltv_id="DESIRE">DESIRE</channel>
    <channel update="i" site="tring.al" site_id="includes/picker/images/bizarre.png##50" xmltv_id="BIZARRE">BIZARRE</channel>
    <channel update="i" site="tring.al" site_id="includes/picker/images/bungabunga.png##51" xmltv_id="BUNGA BUNGA">BUNGA BUNGA</channel>
  </channels>
</site>