﻿<?xml version="1.0" encoding="UTF-8"?>
<site generator-info-name="WebGrab+Plus/w MDB &amp; REX Postprocess -- version V1.56.25 -- Jan van Straaten" site="sho.com">
  <channels>
    <channel update="i" site="sho.com" site_id="24" xmltv_id="SHOWTIME">SHOWTIME</channel>
    <channel update="i" site="sho.com" site_id="25" xmltv_id="SHO 2">SHO 2</channel>
    <channel update="i" site="sho.com" site_id="26" xmltv_id="SHOWTIME SHOWCASE">SHOWTIME SHOWCASE</channel>
    <channel update="i" site="sho.com" site_id="27" xmltv_id="SHO BEYOND">SHO BEYOND</channel>
    <channel update="i" site="sho.com" site_id="28" xmltv_id="SHO EXTREME">SHO EXTREME</channel>
    <channel update="i" site="sho.com" site_id="29" xmltv_id="SHO NEXT">SHO NEXT</channel>
    <channel update="i" site="sho.com" site_id="30" xmltv_id="SHO WOMEN">SHO WOMEN</channel>
    <channel update="i" site="sho.com" site_id="32" xmltv_id="SHOWTIME FAMILY ZONE">SHOWTIME FAMILY ZONE</channel>
    <channel update="i" site="sho.com" site_id="33" xmltv_id="FLIX">FLIX</channel>
    <channel update="i" site="sho.com" site_id="35" xmltv_id="THE MOVIE CHANNEL">THE MOVIE CHANNEL</channel>
    <channel update="i" site="sho.com" site_id="36" xmltv_id="THE MOVIE CHANNEL XTRA">THE MOVIE CHANNEL XTRA</channel>
  </channels>
</site>