﻿<?xml version="1.0" encoding="UTF-8"?>
<site generator-info-name="WebGrab+Plus/w MDB &amp; REX Postprocess -- version V3.0.3.5 -- Jan van Straaten" site="magticom.ge">
  <channels>
    <channel update="i" site="magticom.ge.E" site_id="18" xmltv_id="TV XXI">TV XXI</channel>
    <channel update="i" site="magticom.ge.E" site_id="23" xmltv_id="Viasat History">Viasat History</channel>
    <channel update="i" site="magticom.ge.E" site_id="30" xmltv_id="RTVI">RTVI</channel>
    <channel update="i" site="magticom.ge.E" site_id="41" xmltv_id="Cartoon Network">Cartoon Network</channel>
    <channel update="i" site="magticom.ge.E" site_id="54" xmltv_id="Nickelodeon">Nickelodeon</channel>
    <channel update="i" site="magticom.ge.E" site_id="85" xmltv_id="ობიექტივი">ობიექტივი</channel>
    <channel update="i" site="magticom.ge.E" site_id="99" xmltv_id="MTV">MTV</channel>
    <channel update="i" site="magticom.ge.E" site_id="124" xmltv_id="Пятница">Пятница</channel>
    <channel update="i" site="magticom.ge.E" site_id="137" xmltv_id="მარაო">მარაო</channel>
    <channel update="i" site="magticom.ge.E" site_id="142" xmltv_id="Hollywood HD">Hollywood HD</channel>
    <channel update="i" site="magticom.ge.E" site_id="156" xmltv_id="Amedia 2">Amedia 2</channel>
    <channel update="i" site="magticom.ge.E" site_id="167" xmltv_id="პირველი არხი/განათლება">პირველი არხი/განათლება</channel>
    <channel update="i" site="magticom.ge.E" site_id="199" xmltv_id="დარდიმანდი">დარდიმანდი</channel>
    <channel update="i" site="magticom.ge.E" site_id="215" xmltv_id="M-1 Global">M-1 Global</channel>
    <channel update="i" site="magticom.ge.E" site_id="225" xmltv_id="Da Vinchi Learning">Da Vinchi Learning</channel>
    <channel update="i" site="magticom.ge.E" site_id="249" xmltv_id="მაგთი ჰიტი">მაგთი ჰიტი</channel>
    <channel update="i" site="magticom.ge.E" site_id="258" xmltv_id="Наука 2.0">Наука 2.0</channel>
    <channel update="i" site="magticom.ge.E" site_id="284" xmltv_id="BBC World News">BBC World News</channel>
    <channel update="i" site="magticom.ge.E" site_id="286" xmltv_id="გურჯაანი">გურჯაანი</channel>
    <channel update="i" site="magticom.ge.E" site_id="287" xmltv_id="Silk უნივერსალი">Silk უნივერსალი</channel>
    <channel update="i" site="magticom.ge.E" site_id="288" xmltv_id="რაგბი ტვ">რაგბი ტვ</channel>
    <channel update="i" site="magticom.ge.E" site_id="294" xmltv_id="Авто 24">Авто 24</channel>
    <channel update="i" site="magticom.ge.E" site_id="295" xmltv_id="Иллюзион+">Иллюзион+</channel>
    <channel update="i" site="magticom.ge.E" site_id="302" xmltv_id="O!">O!</channel>
    <channel update="i" site="magticom.ge.E" site_id="335" xmltv_id="Spike">Spike</channel>
    <channel update="i" site="magticom.ge.E" site_id="1340" xmltv_id="Загородный">Загородный</channel>
    <channel update="i" site="magticom.ge.E" site_id="1342" xmltv_id="Eurosport 2">Eurosport 2</channel>
    <channel update="i" site="magticom.ge.E" site_id="58000" xmltv_id="კომედი არხი">კომედი არხი</channel>
    <channel update="i" site="magticom.ge.E" site_id="1345" xmltv_id="THT Music">THT Music</channel>
    <channel update="i" site="magticom.ge.E" site_id="33" xmltv_id="Nat Geo Wild">Nat Geo Wild</channel>
    <channel update="i" site="magticom.ge.E" site_id="49" xmltv_id="VH1 Classic">VH1 Classic</channel>
    <channel update="i" site="magticom.ge.E" site_id="68" xmltv_id="ТНТ Comedy">ТНТ Comedy</channel>
    <channel update="i" site="magticom.ge.E" site_id="72" xmltv_id="ერთსულოვნება">ერთსულოვნება</channel>
    <channel update="i" site="magticom.ge.E" site_id="79" xmltv_id="CNBC">CNBC</channel>
    <channel update="i" site="magticom.ge.E" site_id="159" xmltv_id="ID Investigation Discovery">ID Investigation Discovery</channel>
    <channel update="i" site="magticom.ge.E" site_id="173" xmltv_id="Paramount Comedy">Paramount Comedy</channel>
    <channel update="i" site="magticom.ge.E" site_id="195" xmltv_id="ქართული არხი">ქართული არხი</channel>
    <channel update="i" site="magticom.ge.E" site_id="206" xmltv_id="Brazzers TV">Brazzers TV</channel>
    <channel update="i" site="magticom.ge.E" site_id="260" xmltv_id="Bollywood HD">Bollywood HD</channel>
    <channel update="i" site="magticom.ge.E" site_id="265" xmltv_id="Мульт">Мульт</channel>
    <channel update="i" site="magticom.ge.E" site_id="280" xmltv_id="Настоящее время">Настоящее время</channel>
    <channel update="i" site="magticom.ge.E" site_id="285" xmltv_id="TV 25">TV 25</channel>
    <channel update="i" site="magticom.ge.E" site_id="310" xmltv_id="ТНТ 4">ТНТ 4</channel>
    <channel update="i" site="magticom.ge.E" site_id="63000" xmltv_id="ფორმულა">ფორმულა</channel>
    <channel update="i" site="magticom.ge.E" site_id="1" xmltv_id="რუსთავი 2">რუსთავი 2</channel>
    <channel update="i" site="magticom.ge.E" site_id="2" xmltv_id="Erox">Erox</channel>
    <channel update="i" site="magticom.ge.E" site_id="4" xmltv_id="იმედი">იმედი</channel>
    <channel update="i" site="magticom.ge.E" site_id="5" xmltv_id="1 канал">1 канал</channel>
    <channel update="i" site="magticom.ge.E" site_id="7" xmltv_id="Redlight">Redlight</channel>
    <channel update="i" site="magticom.ge.E" site_id="15" xmltv_id="TiJi">TiJi</channel>
    <channel update="i" site="magticom.ge.E" site_id="19" xmltv_id="Еврокино">Еврокино</channel>
    <channel update="i" site="magticom.ge.E" site_id="20" xmltv_id="TV1000 Action">TV1000 Action</channel>
    <channel update="i" site="magticom.ge.E" site_id="21" xmltv_id="TV1000">TV1000</channel>
    <channel update="i" site="magticom.ge.E" site_id="22" xmltv_id="Viasat Explorer">Viasat Explorer</channel>
    <channel update="i" site="magticom.ge.E" site_id="24" xmltv_id="Viasat Sport">Viasat Sport</channel>
    <channel update="i" site="magticom.ge.E" site_id="25" xmltv_id="TV1000 Русское Кино">TV1000 Русское Кино</channel>
    <channel update="i" site="magticom.ge.E" site_id="27" xmltv_id="აჭარა">აჭარა</channel>
    <channel update="i" site="magticom.ge.E" site_id="39" xmltv_id="Fox">Fox</channel>
    <channel update="i" site="magticom.ge.E" site_id="45" xmltv_id="DTX">DTX</channel>
    <channel update="i" site="magticom.ge.E" site_id="46" xmltv_id="Discovery Science">Discovery Science</channel>
    <channel update="i" site="magticom.ge.E" site_id="50" xmltv_id="Mezzo">Mezzo</channel>
    <channel update="i" site="magticom.ge.E" site_id="52" xmltv_id="EuroNews">EuroNews</channel>
    <channel update="i" site="magticom.ge.E" site_id="55" xmltv_id="Nat Geo">Nat Geo</channel>
    <channel update="i" site="magticom.ge.E" site_id="63" xmltv_id="Planeta RTR">Planeta RTR</channel>
    <channel update="i" site="magticom.ge.E" site_id="65" xmltv_id="CTC">CTC</channel>
    <channel update="i" site="magticom.ge.E" site_id="69" xmltv_id="Культура">Культура</channel>
    <channel update="i" site="magticom.ge.E" site_id="73" xmltv_id="აფხაზეთის ხმა">აფხაზეთის ხმა</channel>
    <channel update="i" site="magticom.ge.E" site_id="65000" xmltv_id="პოსTV">პოსTV</channel>
    <channel update="i" site="magticom.ge.E" site_id="76" xmltv_id="Amedia Hit HD">Amedia Hit HD</channel>
    <channel update="i" site="magticom.ge.E" site_id="77" xmltv_id="Viasat Nature">Viasat Nature</channel>
    <channel update="i" site="magticom.ge.E" site_id="83" xmltv_id="ენკი-ბენკი">ენკი-ბენკი</channel>
    <channel update="i" site="magticom.ge.E" site_id="84" xmltv_id="Armenia TV">Armenia TV</channel>
    <channel update="i" site="magticom.ge.E" site_id="87" xmltv_id="Palitra News">Palitra News</channel>
    <channel update="i" site="magticom.ge.E" site_id="90" xmltv_id="РБК">РБК</channel>
    <channel update="i" site="magticom.ge.E" site_id="66003" xmltv_id="Adjarasport2">Adjarasport2</channel>
    <channel update="i" site="magticom.ge.E" site_id="96" xmltv_id="სამეფო არხი">სამეფო არხი</channel>
    <channel update="i" site="magticom.ge.E" site_id="101" xmltv_id="AzTV">AzTV</channel>
    <channel update="i" site="magticom.ge.E" site_id="61000" xmltv_id="მთავარი არხი">მთავარი არხი</channel>
    <channel update="i" site="magticom.ge.E" site_id="120" xmltv_id="SET">SET</channel>
    <channel update="i" site="magticom.ge.E" site_id="121" xmltv_id="Adjarasport1">Adjarasport1</channel>
    <channel update="i" site="magticom.ge.E" site_id="122" xmltv_id="Amedia Premium HD">Amedia Premium HD</channel>
    <channel update="i" site="magticom.ge.E" site_id="135" xmltv_id="კავკასია">კავკასია</channel>
    <channel update="i" site="magticom.ge.E" site_id="140" xmltv_id="CNN">CNN</channel>
    <channel update="i" site="magticom.ge.E" site_id="141" xmltv_id="მაესტრო">მაესტრო</channel>
    <channel update="i" site="magticom.ge.E" site_id="144" xmltv_id="GDS HD">GDS HD</channel>
    <channel update="i" site="magticom.ge.E" site_id="153" xmltv_id="Россия 24">Россия 24</channel>
    <channel update="i" site="magticom.ge.E" site_id="154" xmltv_id="Russia Today">Russia Today</channel>
    <channel update="i" site="magticom.ge.E" site_id="161" xmltv_id="France 24">France 24</channel>
    <channel update="i" site="magticom.ge.E" site_id="171" xmltv_id="Nick Jr.">Nick Jr.</channel>
    <channel update="i" site="magticom.ge.E" site_id="172" xmltv_id="Paramount Channel">Paramount Channel</channel>
    <channel update="i" site="magticom.ge.E" site_id="174" xmltv_id="ნადირობა და თევზაობა HD">ნადირობა და თევზაობა HD</channel>
    <channel update="i" site="magticom.ge.E" site_id="184" xmltv_id="Карусель">Карусель</channel>
    <channel update="i" site="magticom.ge.E" site_id="185" xmltv_id="Дом Кино">Дом Кино</channel>
    <channel update="i" site="magticom.ge.E" site_id="188" xmltv_id="Sony Turbo">Sony Turbo</channel>
    <channel update="i" site="magticom.ge.E" site_id="196" xmltv_id="Eurosport">Eurosport</channel>
    <channel update="i" site="magticom.ge.E" site_id="197" xmltv_id="რიონი">რიონი</channel>
    <channel update="i" site="magticom.ge.E" site_id="207" xmltv_id="TV პირველი">TV პირველი</channel>
    <channel update="i" site="magticom.ge.E" site_id="213" xmltv_id="Русский Иллюзион">Русский Иллюзион</channel>
    <channel update="i" site="magticom.ge.E" site_id="214" xmltv_id="НСТ">НСТ</channel>
    <channel update="i" site="magticom.ge.E" site_id="219" xmltv_id="Amedia 1 HD">Amedia 1 HD</channel>
    <channel update="i" site="magticom.ge.E" site_id="220" xmltv_id="Перец">Перец</channel>
    <channel update="i" site="magticom.ge.E" site_id="230" xmltv_id="Синема">Синема</channel>
    <channel update="i" site="magticom.ge.E" site_id="240" xmltv_id="აგროTV">აგროTV</channel>
    <channel update="i" site="magticom.ge.E" site_id="247" xmltv_id="მაგთი კინო">მაგთი კინო</channel>
    <channel update="i" site="magticom.ge.E" site_id="248" xmltv_id="ჩვენი მაგთი">ჩვენი მაგთი</channel>
    <channel update="i" site="magticom.ge.E" site_id="251" xmltv_id="Duck TV">Duck TV</channel>
    <channel update="i" site="magticom.ge.E" site_id="253" xmltv_id="Filmbox">Filmbox</channel>
    <channel update="i" site="magticom.ge.E" site_id="254" xmltv_id="Filmbox Arthouse">Filmbox Arthouse</channel>
    <channel update="i" site="magticom.ge.E" site_id="256" xmltv_id="ПЛАНЕТА HD">ПЛАНЕТА HD</channel>
    <channel update="i" site="magticom.ge.E" site_id="261" xmltv_id="История">История</channel>
    <channel update="i" site="magticom.ge.E" site_id="262" xmltv_id="Docubox HD">Docubox HD</channel>
    <channel update="i" site="magticom.ge.E" site_id="263" xmltv_id="Живая планета">Живая планета</channel>
    <channel update="i" site="magticom.ge.E" site_id="264" xmltv_id="360TuneBox">360TuneBox</channel>
    <channel update="i" site="magticom.ge.E" site_id="267" xmltv_id="Fast Funbox HD">Fast Funbox HD</channel>
    <channel update="i" site="magticom.ge.E" site_id="268" xmltv_id="Сарафан+">Сарафан+</channel>
    <channel update="i" site="magticom.ge.E" site_id="269" xmltv_id="Дом Кино Premium">Дом Кино Premium</channel>
    <channel update="i" site="magticom.ge.E" site_id="1336" xmltv_id="Домашний">Домашний</channel>
    <channel update="i" site="magticom.ge.E" site_id="252" xmltv_id="FightBox HD">FightBox HD</channel>
    <channel update="i" site="magticom.ge.E" site_id="3" xmltv_id="პირველი არხი">პირველი არხი</channel>
  </channels>
</site>