﻿<?xml version="1.0" encoding="UTF-8"?>
<site generator-info-name="WebGrab+Plus/w MDB &amp; REX Postprocess -- version V3.0.3.2 -- Jan van Straaten" site="directv.com.co">
  <channels>
    <channel update="i" site="directv.com.co" site_id="101&amp;name=101&amp;l=S" xmltv_id="CO-Prepago North[101]">CO-Prepago North[101]</channel>
    <channel update="i" site="directv.com.co" site_id="103&amp;name=PPTP&amp;l=S" xmltv_id="CO-Información DIRECTV[PPTP]">CO-Información DIRECTV[PPTP]</channel>
    <channel update="i" site="directv.com.co" site_id="117&amp;name=FLIA&amp;l=S" xmltv_id="CO-TV Familia(VEN)[FLIA]">CO-TV Familia(VEN)[FLIA]</channel>
    <channel update="i" site="directv.com.co" site_id="128&amp;name=AINF&amp;l=S" xmltv_id="CO-Infomercials[AINF]">CO-Infomercials[AINF]</channel>
    <channel update="i" site="directv.com.co" site_id="130&amp;name=RCN&amp;l=S" xmltv_id="CO-RCN(COL)[RCN]">CO-RCN(COL)[RCN]</channel>
    <channel update="i" site="directv.com.co" site_id="130&amp;name=RCNHD&amp;l=S" xmltv_id="CO-RCN HD(COL)[RCNHD]">CO-RCN HD(COL)[RCNHD]</channel>
    <channel update="i" site="directv.com.co" site_id="132&amp;name=CARA&amp;l=S" xmltv_id="CO-Caracol TV(COL)[CARA]">CO-Caracol TV(COL)[CARA]</channel>
    <channel update="i" site="directv.com.co" site_id="132&amp;name=CARAHD&amp;l=S" xmltv_id="CO-Caracol TV HD(COL)[CARAHD]">CO-Caracol TV HD(COL)[CARAHD]</channel>
    <channel update="i" site="directv.com.co" site_id="133&amp;name=CITY&amp;l=S" xmltv_id="CO-City TV(COL)[CITY]">CO-City TV(COL)[CITY]</channel>
    <channel update="i" site="directv.com.co" site_id="134&amp;name=CRCL&amp;l=S" xmltv_id="CO-Caracol Internacional(COL)[CRCL]">CO-Caracol Internacional(COL)[CRCL]</channel>
    <channel update="i" site="directv.com.co" site_id="135&amp;name=NTEL&amp;l=S" xmltv_id="CO-RCN Nuestra Tele[NTEL]">CO-RCN Nuestra Tele[NTEL]</channel>
    <channel update="i" site="directv.com.co" site_id="136&amp;name=CAN1&amp;l=S" xmltv_id="CO-Canal Uno(COL)[CAN1]">CO-Canal Uno(COL)[CAN1]</channel>
    <channel update="i" site="directv.com.co" site_id="136&amp;name=CAN1HD&amp;l=S" xmltv_id="CO-Canal Uno HD(COL)[CAN1HD]">CO-Canal Uno HD(COL)[CAN1HD]</channel>
    <channel update="i" site="directv.com.co" site_id="137&amp;name=SCOL&amp;l=S" xmltv_id="CO-Señal Colombia(COL)[SCOL]">CO-Señal Colombia(COL)[SCOL]</channel>
    <channel update="i" site="directv.com.co" site_id="137&amp;name=SCOLHD&amp;l=S" xmltv_id="CO-Señal Colombia HD(COL)[SCOLHD]">CO-Señal Colombia HD(COL)[SCOLHD]</channel>
    <channel update="i" site="directv.com.co" site_id="138&amp;name=CINSHD&amp;l=S" xmltv_id="CO-Canal Institucional HD(COL)[CINSHD]">CO-Canal Institucional HD(COL)[CINSHD]</channel>
    <channel update="i" site="directv.com.co" site_id="138&amp;name=CITV&amp;l=S" xmltv_id="CO-Canal Institucional(COL)[CITV]">CO-Canal Institucional(COL)[CITV]</channel>
    <channel update="i" site="directv.com.co" site_id="139&amp;name=CONG&amp;l=S" xmltv_id="CO-Canal Congreso(COL)[CONG]">CO-Canal Congreso(COL)[CONG]</channel>
    <channel update="i" site="directv.com.co" site_id="140&amp;name=TANT&amp;l=S" xmltv_id="CO-Teleantioquia(COL)[TANT]">CO-Teleantioquia(COL)[TANT]</channel>
    <channel update="i" site="directv.com.co" site_id="140&amp;name=TANTHD&amp;l=S" xmltv_id="CO-Teleantioquia HD(COL)[TANTHD]">CO-Teleantioquia HD(COL)[TANTHD]</channel>
    <channel update="i" site="directv.com.co" site_id="141&amp;name=TPAC&amp;l=S" xmltv_id="CO-Telepacífico(COL)[TPAC]">CO-Telepacífico(COL)[TPAC]</channel>
    <channel update="i" site="directv.com.co" site_id="141&amp;name=TPACHD&amp;l=S" xmltv_id="CO-Telepacífico HD(COL)[TPACHD]">CO-Telepacífico HD(COL)[TPACHD]</channel>
    <channel update="i" site="directv.com.co" site_id="142&amp;name=TLCR&amp;l=S" xmltv_id="CO-Telecaribe(COL)[TLCR]">CO-Telecaribe(COL)[TLCR]</channel>
    <channel update="i" site="directv.com.co" site_id="142&amp;name=TLCRHD&amp;l=S" xmltv_id="CO-Telecaribe HD(COL)[TLCRHD]">CO-Telecaribe HD(COL)[TLCRHD]</channel>
    <channel update="i" site="directv.com.co" site_id="143&amp;name=CCAP&amp;l=S" xmltv_id="CO-Canal Capital(COL)[CCAP]">CO-Canal Capital(COL)[CCAP]</channel>
    <channel update="i" site="directv.com.co" site_id="144&amp;name=TCAFE&amp;l=S" xmltv_id="CO-Telecafé(COL)[TCAFE]">CO-Telecafé(COL)[TCAFE]</channel>
    <channel update="i" site="directv.com.co" site_id="145&amp;name=NT24&amp;l=S" xmltv_id="CO-NTN 24-Nuestra Tele noticias 24HS(COL)[NT24]">CO-NTN 24-Nuestra Tele noticias 24HS(COL)[NT24]</channel>
    <channel update="i" site="directv.com.co" site_id="146&amp;name=TMPO&amp;l=S" xmltv_id="CO-El Tiempo(COL)[TMPO]">CO-El Tiempo(COL)[TMPO]</channel>
    <channel update="i" site="directv.com.co" site_id="147&amp;name=CNOT&amp;l=S" xmltv_id="CO-Cable Noticias de Colombia(COL)[CNOT]">CO-Cable Noticias de Colombia(COL)[CNOT]</channel>
    <channel update="i" site="directv.com.co" site_id="148&amp;name=TRO&amp;l=S" xmltv_id="CO-Canal TRO(COL)[TRO]">CO-Canal TRO(COL)[TRO]</channel>
    <channel update="i" site="directv.com.co" site_id="149&amp;name=TRECE&amp;l=S" xmltv_id="CO-Canal Trece(COL)[TRECE]">CO-Canal Trece(COL)[TRECE]</channel>
    <channel update="i" site="directv.com.co" site_id="150&amp;name=TISLA&amp;l=S" xmltv_id="CO-Tele Isla[TISLA]">CO-Tele Isla[TISLA]</channel>
    <channel update="i" site="directv.com.co" site_id="200&amp;name=DTVSE&amp;l=S" xmltv_id="CO-DIRECTV SERIES HD[DTVSE]">CO-DIRECTV SERIES HD[DTVSE]</channel>
    <channel update="i" site="directv.com.co" site_id="201&amp;name=ODTV&amp;l=S" xmltv_id="CO-OnDIRECTV(Norte)[ODTV]">CO-OnDIRECTV(Norte)[ODTV]</channel>
    <channel update="i" site="directv.com.co" site_id="201&amp;name=ODTVHD&amp;l=S" xmltv_id="CO-OnDIRECTV HD(Norte)[ODTVHD]">CO-OnDIRECTV HD(Norte)[ODTVHD]</channel>
    <channel update="i" site="directv.com.co" site_id="202&amp;name=FOX&amp;l=S" xmltv_id="CO-FOX(COL)[FOX]">CO-FOX(COL)[FOX]</channel>
    <channel update="i" site="directv.com.co" site_id="204&amp;name=FOXHD&amp;l=S" xmltv_id="CO-FOX HD[FOXHD]">CO-FOX HD[FOXHD]</channel>
    <channel update="i" site="directv.com.co" site_id="205&amp;name=DTVGO&amp;l=S" xmltv_id="CO-DIRECTV Go[DTVGO]">CO-DIRECTV Go[DTVGO]</channel>
    <channel update="i" site="directv.com.co" site_id="206&amp;name=WTV&amp;l=S" xmltv_id="CO-Warner Channel[WTV]">CO-Warner Channel[WTV]</channel>
    <channel update="i" site="directv.com.co" site_id="207&amp;name=A&amp;E&amp;l=S" xmltv_id="CO-A&amp;E [A&amp;E]">CO-A&amp;E [A&amp;E]</channel>
    <channel update="i" site="directv.com.co" site_id="207&amp;name=A&amp;EHD&amp;l=S" xmltv_id="CO-A&amp;E [A&amp;EHD]">CO-A&amp;E [A&amp;EHD]</channel>
    <channel update="i" site="directv.com.co" site_id="208&amp;name=SONY&amp;l=S" xmltv_id="CO-Sony Entertainment[SONY]">CO-Sony Entertainment[SONY]</channel>
    <channel update="i" site="directv.com.co" site_id="208&amp;name=SONYHD&amp;l=S" xmltv_id="CO-Sony Entertainment HD[SONYHD]">CO-Sony Entertainment HD[SONYHD]</channel>
    <channel update="i" site="directv.com.co" site_id="209&amp;name=AXN&amp;l=S" xmltv_id="CO-AXN[AXN]">CO-AXN[AXN]</channel>
    <channel update="i" site="directv.com.co" site_id="209&amp;name=AXNHD&amp;l=S" xmltv_id="CO-AXN HD[AXNHD]">CO-AXN HD[AXNHD]</channel>
    <channel update="i" site="directv.com.co" site_id="210&amp;name=AMC&amp;l=S" xmltv_id="CO-AMC[AMC]">CO-AMC[AMC]</channel>
    <channel update="i" site="directv.com.co" site_id="210&amp;name=AMCHD&amp;l=S" xmltv_id="CO-AMC HD[AMCHD]">CO-AMC HD[AMCHD]</channel>
    <channel update="i" site="directv.com.co" site_id="212&amp;name=FOXL&amp;l=S" xmltv_id="CO-FOX Life[FOXL]">CO-FOX Life[FOXL]</channel>
    <channel update="i" site="directv.com.co" site_id="213&amp;name=TNTS&amp;l=S" xmltv_id="CO-TNT Series[TNTS]">CO-TNT Series[TNTS]</channel>
    <channel update="i" site="directv.com.co" site_id="213&amp;name=TNTSHD&amp;l=S" xmltv_id="CO-TNT Series HD[TNTSHD]">CO-TNT Series HD[TNTSHD]</channel>
    <channel update="i" site="directv.com.co" site_id="214&amp;name=A3SE&amp;l=S" xmltv_id="CO-Atres Series[A3SE]">CO-Atres Series[A3SE]</channel>
    <channel update="i" site="directv.com.co" site_id="214&amp;name=A3SEHD&amp;l=S" xmltv_id="CO-Atres Series HD[A3SEHD]">CO-Atres Series HD[A3SEHD]</channel>
    <channel update="i" site="directv.com.co" site_id="215&amp;name=CMDY&amp;l=S" xmltv_id="CO-Comedy Central[CMDY]">CO-Comedy Central[CMDY]</channel>
    <channel update="i" site="directv.com.co" site_id="216&amp;name=TBS&amp;l=S" xmltv_id="CO-TBS Very Funny[TBS]">CO-TBS Very Funny[TBS]</channel>
    <channel update="i" site="directv.com.co" site_id="217&amp;name=FX&amp;l=S" xmltv_id="CO-FX[FX]">CO-FX[FX]</channel>
    <channel update="i" site="directv.com.co" site_id="218&amp;name=UNI&amp;l=S" xmltv_id="CO-Universal Channel[UNI]">CO-Universal Channel[UNI]</channel>
    <channel update="i" site="directv.com.co" site_id="218&amp;name=UNIHD&amp;l=S" xmltv_id="CO-Universal TV HD(Norte)[UNIHD]">CO-Universal TV HD(Norte)[UNIHD]</channel>
    <channel update="i" site="directv.com.co" site_id="219&amp;name=SYFY&amp;l=S" xmltv_id="CO-SyFy[SYFY]">CO-SyFy[SYFY]</channel>
    <channel update="i" site="directv.com.co" site_id="219&amp;name=SYFYHD&amp;l=S" xmltv_id="CO-SyFy HD[SYFYHD]">CO-SyFy HD[SYFYHD]</channel>
    <channel update="i" site="directv.com.co" site_id="220&amp;name=TRU&amp;l=S" xmltv_id="CO-TRUTV[TRU]">CO-TRUTV[TRU]</channel>
    <channel update="i" site="directv.com.co" site_id="221&amp;name=HOLAHD&amp;l=S" xmltv_id="CO-Hola TV HD[HOLAHD]">CO-Hola TV HD[HOLAHD]</channel>
    <channel update="i" site="directv.com.co" site_id="221&amp;name=HOLATV&amp;l=S" xmltv_id="CO-Hola TV[HOLATV]">CO-Hola TV[HOLATV]</channel>
    <channel update="i" site="directv.com.co" site_id="222&amp;name=E!&amp;l=S" xmltv_id="CO-E! Entertainment[E!]">CO-E! Entertainment[E!]</channel>
    <channel update="i" site="directv.com.co" site_id="222&amp;name=E!HD&amp;l=S" xmltv_id="CO-E! Entertainment[E!HD]">CO-E! Entertainment[E!HD]</channel>
    <channel update="i" site="directv.com.co" site_id="223&amp;name=ID&amp;l=S" xmltv_id="CO-Investigation Discovery[ID]">CO-Investigation Discovery[ID]</channel>
    <channel update="i" site="directv.com.co" site_id="223&amp;name=IDHD&amp;l=S" xmltv_id="CO-Discovery ID HD[IDHD]">CO-Discovery ID HD[IDHD]</channel>
    <channel update="i" site="directv.com.co" site_id="224&amp;name=GLTZ&amp;l=S" xmltv_id="CO-Glitz[GLTZ]">CO-Glitz[GLTZ]</channel>
    <channel update="i" site="directv.com.co" site_id="225&amp;name=PASHD&amp;l=S" xmltv_id="CO-Pasiones HD[PASHD]">CO-Pasiones HD[PASHD]</channel>
    <channel update="i" site="directv.com.co" site_id="225&amp;name=PASN&amp;l=S" xmltv_id="CO-Pasiones[PASN]">CO-Pasiones[PASN]</channel>
    <channel update="i" site="directv.com.co" site_id="226&amp;name=CEST&amp;l=S" xmltv_id="CO-Canal de las Estrellas[CEST]">CO-Canal de las Estrellas[CEST]</channel>
    <channel update="i" site="directv.com.co" site_id="227&amp;name=NVLA&amp;l=S" xmltv_id="CO-TLNovelas[NVLA]">CO-TLNovelas[NVLA]</channel>
    <channel update="i" site="directv.com.co" site_id="228&amp;name=LIFE&amp;l=S" xmltv_id="CO-Lifetime[LIFE]">CO-Lifetime[LIFE]</channel>
    <channel update="i" site="directv.com.co" site_id="228&amp;name=LIFEHD&amp;l=S" xmltv_id="CO-Lifetime HD[LIFEHD]">CO-Lifetime HD[LIFEHD]</channel>
    <channel update="i" site="directv.com.co" site_id="229&amp;name=DH&amp;H&amp;l=S" xmltv_id="CO-Discovery Home &amp; Health Latino[DH&amp;H]">CO-Discovery Home &amp; Health Latino[DH&amp;H]</channel>
    <channel update="i" site="directv.com.co" site_id="230&amp;name=CHIC&amp;l=S" xmltv_id="CO-MÁS CHIC[CHIC]">CO-MÁS CHIC[CHIC]</channel>
    <channel update="i" site="directv.com.co" site_id="231&amp;name=TLMD&amp;l=S" xmltv_id="CO-Telemundo Internacional[TLMD]">CO-Telemundo Internacional[TLMD]</channel>
    <channel update="i" site="directv.com.co" site_id="232&amp;name=GOUR&amp;l=S" xmltv_id="CO-El Gourmet[GOUR]">CO-El Gourmet[GOUR]</channel>
    <channel update="i" site="directv.com.co" site_id="233&amp;name=FOOD&amp;l=S" xmltv_id="CO-Food Network[FOOD]">CO-Food Network[FOOD]</channel>
    <channel update="i" site="directv.com.co" site_id="233&amp;name=FOODHD&amp;l=S" xmltv_id="CO-Food Network HD[FOODHD]">CO-Food Network HD[FOODHD]</channel>
    <channel update="i" site="directv.com.co" site_id="235&amp;name=IVC&amp;l=S" xmltv_id="CO-IVC Internacional[IVC]">CO-IVC Internacional[IVC]</channel>
    <channel update="i" site="directv.com.co" site_id="235&amp;name=IVCHD&amp;l=S" xmltv_id="CO-IVC HD[IVCHD]">CO-IVC HD[IVCHD]</channel>
    <channel update="i" site="directv.com.co" site_id="264&amp;name=MTV&amp;l=S" xmltv_id="CO-MTV Latino[MTV]">CO-MTV Latino[MTV]</channel>
    <channel update="i" site="directv.com.co" site_id="264&amp;name=MTVHD&amp;l=S" xmltv_id="CO-MTV HD[MTVHD]">CO-MTV HD[MTVHD]</channel>
    <channel update="i" site="directv.com.co" site_id="269&amp;name=QMMI&amp;l=S" xmltv_id="CO-Quiero Música en mi Idioma[QMMI]">CO-Quiero Música en mi Idioma[QMMI]</channel>
    <channel update="i" site="directv.com.co" site_id="272&amp;name=HTV&amp;l=S" xmltv_id="CO-HTV[HTV]">CO-HTV[HTV]</channel>
    <channel update="i" site="directv.com.co" site_id="300&amp;name=DTV&amp;l=S" xmltv_id="CO-OnDIRECTV(Norte)[DTV]">CO-OnDIRECTV(Norte)[DTV]</channel>
    <channel update="i" site="directv.com.co" site_id="301&amp;name=FFAM&amp;l=S" xmltv_id="CO-FOX Family(Este)[FFAM]">CO-FOX Family(Este)[FFAM]</channel>
    <channel update="i" site="directv.com.co" site_id="302&amp;name=HBOF&amp;l=S" xmltv_id="CO-HBO Family(Este)[HBOF]">CO-HBO Family(Este)[HBOF]</channel>
    <channel update="i" site="directv.com.co" site_id="304&amp;name=TOON&amp;l=S" xmltv_id="CO-Cartoon Network[TOON]">CO-Cartoon Network[TOON]</channel>
    <channel update="i" site="directv.com.co" site_id="308&amp;name=NICK&amp;l=S" xmltv_id="CO-Nickelodeon[NICK]">CO-Nickelodeon[NICK]</channel>
    <channel update="i" site="directv.com.co" site_id="308&amp;name=NICKHD&amp;l=S" xmltv_id="CO-Nickelodeon HD[NICKHD]">CO-Nickelodeon HD[NICKHD]</channel>
    <channel update="i" site="directv.com.co" site_id="309&amp;name=NIKHD&amp;l=S" xmltv_id="CO-Nick JR. HD[NIKHD]">CO-Nick JR. HD[NIKHD]</channel>
    <channel update="i" site="directv.com.co" site_id="309&amp;name=NIKJR&amp;l=S" xmltv_id="CO-NICK JR[NIKJR]">CO-NICK JR[NIKJR]</channel>
    <channel update="i" site="directv.com.co" site_id="312&amp;name=DISNHD&amp;l=S" xmltv_id="CO-Disney HD[DISNHD]">CO-Disney HD[DISNHD]</channel>
    <channel update="i" site="directv.com.co" site_id="314&amp;name=DSNY&amp;l=S" xmltv_id="CO-Disney Channel(Multi)[DSNY]">CO-Disney Channel(Multi)[DSNY]</channel>
    <channel update="i" site="directv.com.co" site_id="315&amp;name=DSJR&amp;l=S" xmltv_id="CO-Disney Junior Sur[DSJR]">CO-Disney Junior Sur[DSJR]</channel>
    <channel update="i" site="directv.com.co" site_id="315&amp;name=DSNYJR&amp;l=S" xmltv_id="CO-Disney Jr. HD[DSNYJR]">CO-Disney Jr. HD[DSNYJR]</channel>
    <channel update="i" site="directv.com.co" site_id="316&amp;name=DSNYXD&amp;l=S" xmltv_id="CO-Disney XD HD[DSNYXD]">CO-Disney XD HD[DSNYXD]</channel>
    <channel update="i" site="directv.com.co" site_id="316&amp;name=DSXD&amp;l=S" xmltv_id="CO-Disney XD[DSXD]">CO-Disney XD[DSXD]</channel>
    <channel update="i" site="directv.com.co" site_id="318&amp;name=NGKD&amp;l=S" xmltv_id="CO-NatGeo Kids[NGKD]">CO-NatGeo Kids[NGKD]</channel>
    <channel update="i" site="directv.com.co" site_id="321&amp;name=ZMOO&amp;l=S" xmltv_id="CO-ZooMoo[ZMOO]">CO-ZooMoo[ZMOO]</channel>
    <channel update="i" site="directv.com.co" site_id="330&amp;name=KIDS&amp;l=S" xmltv_id="CO-Discovery Kids[KIDS]">CO-Discovery Kids[KIDS]</channel>
    <channel update="i" site="directv.com.co" site_id="334&amp;name=BOOM&amp;l=S" xmltv_id="CO-Boomerang[BOOM]">CO-Boomerang[BOOM]</channel>
    <channel update="i" site="directv.com.co" site_id="350&amp;name=EWTN&amp;l=S" xmltv_id="CO-Eternal Word TV Network[EWTN]">CO-Eternal Word TV Network[EWTN]</channel>
    <channel update="i" site="directv.com.co" site_id="351&amp;name=ORBE21&amp;l=S" xmltv_id="CO-Canal 21(ARG)[ORBE21]">CO-Canal 21(ARG)[ORBE21]</channel>
    <channel update="i" site="directv.com.co" site_id="352&amp;name=ENLC&amp;l=S" xmltv_id="CO-Enlace[ENLC]">CO-Enlace[ENLC]</channel>
    <channel update="i" site="directv.com.co" site_id="353&amp;name=CRVN&amp;l=S" xmltv_id="CO-Cristovisión[CRVN]">CO-Cristovisión[CRVN]</channel>
    <channel update="i" site="directv.com.co" site_id="400&amp;name=CINE&amp;l=S" xmltv_id="CO-DIRECTV Cinema[CINE]">CO-DIRECTV Cinema[CINE]</channel>
    <channel update="i" site="directv.com.co" site_id="401&amp;name=PPV&amp;l=S" xmltv_id="CO-¿Cómo comprar Pay-Per-View?[PPV]">CO-¿Cómo comprar Pay-Per-View?[PPV]</channel>
    <channel update="i" site="directv.com.co" site_id="402&amp;name=PPV&amp;l=S" xmltv_id="CO-PPV[PPV]">CO-PPV[PPV]</channel>
    <channel update="i" site="directv.com.co" site_id="404&amp;name=PPV&amp;l=S" xmltv_id="CO-PPV[PPV]">CO-PPV[PPV]</channel>
    <channel update="i" site="directv.com.co" site_id="406&amp;name=PPV&amp;l=S" xmltv_id="CO-PPV[PPV]">CO-PPV[PPV]</channel>
    <channel update="i" site="directv.com.co" site_id="408&amp;name=PPV&amp;l=S" xmltv_id="CO-PPV[PPV]">CO-PPV[PPV]</channel>
    <channel update="i" site="directv.com.co" site_id="410&amp;name=PPV&amp;l=S" xmltv_id="CO-PPV[PPV]">CO-PPV[PPV]</channel>
    <channel update="i" site="directv.com.co" site_id="412&amp;name=PPV&amp;l=S" xmltv_id="CO-PPV[PPV]">CO-PPV[PPV]</channel>
    <channel update="i" site="directv.com.co" site_id="414&amp;name=PPV&amp;l=S" xmltv_id="CO-PPV[PPV]">CO-PPV[PPV]</channel>
    <channel update="i" site="directv.com.co" site_id="416&amp;name=PPV&amp;l=S" xmltv_id="CO-PPV[PPV]">CO-PPV[PPV]</channel>
    <channel update="i" site="directv.com.co" site_id="418&amp;name=PPV&amp;l=S" xmltv_id="CO-PPV[PPV]">CO-PPV[PPV]</channel>
    <channel update="i" site="directv.com.co" site_id="460&amp;name=SMS&amp;l=S" xmltv_id="CO-DIRECTV SMS Adulto[SMS]">CO-DIRECTV SMS Adulto[SMS]</channel>
    <channel update="i" site="directv.com.co" site_id="464&amp;name=PBTV&amp;l=S" xmltv_id="CO-Playboy TV[PBTV]">CO-Playboy TV[PBTV]</channel>
    <channel update="i" site="directv.com.co" site_id="468&amp;name=VNUS&amp;l=S" xmltv_id="CO-Venus[VNUS]">CO-Venus[VNUS]</channel>
    <channel update="i" site="directv.com.co" site_id="469&amp;name=XTSY&amp;l=S" xmltv_id="CO-XTSY[XTSY]">CO-XTSY[XTSY]</channel>
    <channel update="i" site="directv.com.co" site_id="470&amp;name=HUST&amp;l=S" xmltv_id="CO-HustlerTV[HUST]">CO-HustlerTV[HUST]</channel>
    <channel update="i" site="directv.com.co" site_id="500&amp;name=DTV&amp;l=S" xmltv_id="CO-OnDIRECTV(Norte)[DTV]">CO-OnDIRECTV(Norte)[DTV]</channel>
    <channel update="i" site="directv.com.co" site_id="502&amp;name=TNT&amp;l=S" xmltv_id="CO-TNT(COL)[TNT]">CO-TNT(COL)[TNT]</channel>
    <channel update="i" site="directv.com.co" site_id="503&amp;name=GLDN&amp;l=S" xmltv_id="CO-Golden TV[GLDN]">CO-Golden TV[GLDN]</channel>
    <channel update="i" site="directv.com.co" site_id="504&amp;name=TCM&amp;l=S" xmltv_id="CO-Turner Classic Movies[TCM]">CO-Turner Classic Movies[TCM]</channel>
    <channel update="i" site="directv.com.co" site_id="505&amp;name=FXM&amp;l=S" xmltv_id="CO-FX Movies[FXM]">CO-FX Movies[FXM]</channel>
    <channel update="i" site="directv.com.co" site_id="505&amp;name=FXMHD&amp;l=S" xmltv_id="CO-FX Movies HD[FXMHD]">CO-FX Movies HD[FXMHD]</channel>
    <channel update="i" site="directv.com.co" site_id="507&amp;name=CC&amp;l=S" xmltv_id="CO-Cinecanal(COL)[CC]">CO-Cinecanal(COL)[CC]</channel>
    <channel update="i" site="directv.com.co" site_id="508&amp;name=STUN&amp;l=S" xmltv_id="CO-Studio Universal[STUN]">CO-Studio Universal[STUN]</channel>
    <channel update="i" site="directv.com.co" site_id="508&amp;name=STUNHD&amp;l=S" xmltv_id="CO-Studio Universal HD[STUNHD]">CO-Studio Universal HD[STUNHD]</channel>
    <channel update="i" site="directv.com.co" site_id="509&amp;name=CMAX&amp;l=S" xmltv_id="CO-Cinemax[CMAX]">CO-Cinemax[CMAX]</channel>
    <channel update="i" site="directv.com.co" site_id="509&amp;name=CMAXHD&amp;l=S" xmltv_id="CO-Cinemax HD[CMAXHD]">CO-Cinemax HD[CMAXHD]</channel>
    <channel update="i" site="directv.com.co" site_id="510&amp;name=PRMT&amp;l=S" xmltv_id="CO-Paramount Network[PRMT]">CO-Paramount Network[PRMT]</channel>
    <channel update="i" site="directv.com.co" site_id="510&amp;name=PRMTHD&amp;l=S" xmltv_id="CO-Paramount HD[PRMTHD]">CO-Paramount HD[PRMTHD]</channel>
    <channel update="i" site="directv.com.co" site_id="513&amp;name=DHE&amp;l=S" xmltv_id="CO-DHE[DHE]">CO-DHE[DHE]</channel>
    <channel update="i" site="directv.com.co" site_id="513&amp;name=DHEHD&amp;l=S" xmltv_id="CO-DHEHD[DHEHD]">CO-DHEHD[DHEHD]</channel>
    <channel update="i" site="directv.com.co" site_id="514&amp;name=CL&amp;l=S" xmltv_id="CO-Cinelatino[CL]">CO-Cinelatino[CL]</channel>
    <channel update="i" site="directv.com.co" site_id="516&amp;name=DPEL&amp;l=S" xmltv_id="CO-De Película[DPEL]">CO-De Película[DPEL]</channel>
    <channel update="i" site="directv.com.co" site_id="517&amp;name=EDGE&amp;l=S" xmltv_id="CO-Golden Edge[EDGE]">CO-Golden Edge[EDGE]</channel>
    <channel update="i" site="directv.com.co" site_id="518&amp;name=SPAC&amp;l=S" xmltv_id="CO-Space(Central)[SPAC]">CO-Space(Central)[SPAC]</channel>
    <channel update="i" site="directv.com.co" site_id="520&amp;name=ISAT&amp;l=S" xmltv_id="CO-I-SAT[ISAT]">CO-I-SAT[ISAT]</channel>
    <channel update="i" site="directv.com.co" site_id="522&amp;name=NEXT&amp;l=S" xmltv_id="CO-HBO NEXT[NEXT]">CO-HBO NEXT[NEXT]</channel>
    <channel update="i" site="directv.com.co" site_id="522&amp;name=NEXTHD&amp;l=S" xmltv_id="CO-HBO NEXT HD[NEXTHD]">CO-HBO NEXT HD[NEXTHD]</channel>
    <channel update="i" site="directv.com.co" site_id="524&amp;name=HBOE&amp;l=S" xmltv_id="CO-HBO(Este)[HBOE]">CO-HBO(Este)[HBOE]</channel>
    <channel update="i" site="directv.com.co" site_id="524&amp;name=HBOHD&amp;l=S" xmltv_id="CO-HBO HD[HBOHD]">CO-HBO HD[HBOHD]</channel>
    <channel update="i" site="directv.com.co" site_id="525&amp;name=HBO2&amp;l=S" xmltv_id="CO-HBO2[HBO2]">CO-HBO2[HBO2]</channel>
    <channel update="i" site="directv.com.co" site_id="525&amp;name=HBO2HD&amp;l=S" xmltv_id="CO-HBO2HD[HBO2HD]">CO-HBO2HD[HBO2HD]</channel>
    <channel update="i" site="directv.com.co" site_id="526&amp;name=HBOP&amp;l=S" xmltv_id="CO-HBO Plus(Este)[HBOP]">CO-HBO Plus(Este)[HBOP]</channel>
    <channel update="i" site="directv.com.co" site_id="528&amp;name=HBOS&amp;l=S" xmltv_id="CO-HBO Signature[HBOS]">CO-HBO Signature[HBOS]</channel>
    <channel update="i" site="directv.com.co" site_id="528&amp;name=HBOSHD&amp;l=S" xmltv_id="CO-HBO Signature HD[HBOSHD]">CO-HBO Signature HD[HBOSHD]</channel>
    <channel update="i" site="directv.com.co" site_id="534&amp;name=HBOF&amp;l=S" xmltv_id="CO-HBO Family(Este)[HBOF]">CO-HBO Family(Este)[HBOF]</channel>
    <channel update="i" site="directv.com.co" site_id="534&amp;name=HBOFHD&amp;l=S" xmltv_id="CO-HBO Family HD[HBOFHD]">CO-HBO Family HD[HBOFHD]</channel>
    <channel update="i" site="directv.com.co" site_id="540&amp;name=HBOMUN&amp;l=S" xmltv_id="CO-HBO Mundi[HBOMUN]">CO-HBO Mundi[HBOMUN]</channel>
    <channel update="i" site="directv.com.co" site_id="541&amp;name=HBOPOP&amp;l=S" xmltv_id="CO-HBO Pop[HBOPOP]">CO-HBO Pop[HBOPOP]</channel>
    <channel update="i" site="directv.com.co" site_id="542&amp;name=HBOXTM&amp;l=S" xmltv_id="CO-HBO Xtreme[HBOXTM]">CO-HBO Xtreme[HBOXTM]</channel>
    <channel update="i" site="directv.com.co" site_id="544&amp;name=NEXT&amp;l=S" xmltv_id="CO-HBO Next[NEXT]">CO-HBO Next[NEXT]</channel>
    <channel update="i" site="directv.com.co" site_id="544&amp;name=NEXTHD&amp;l=S" xmltv_id="CO-HBO NEXT HD[NEXTHD]">CO-HBO NEXT HD[NEXTHD]</channel>
    <channel update="i" site="directv.com.co" site_id="550&amp;name=DTV&amp;l=S" xmltv_id="CO-OnDIRECTV(Norte)[DTV]">CO-OnDIRECTV(Norte)[DTV]</channel>
    <channel update="i" site="directv.com.co" site_id="551&amp;name=INFO&amp;l=S" xmltv_id="CO-Cómo Contratar Premium[INFO]">CO-Cómo Contratar Premium[INFO]</channel>
    <channel update="i" site="directv.com.co" site_id="551&amp;name=INFOHD&amp;l=S" xmltv_id="CO-Cómo Contratar Premium HD[INFOHD]">CO-Cómo Contratar Premium HD[INFOHD]</channel>
    <channel update="i" site="directv.com.co" site_id="552&amp;name=FPSE&amp;l=S" xmltv_id="CO-FOX Premium Series(Este)[FPSE]">CO-FOX Premium Series(Este)[FPSE]</channel>
    <channel update="i" site="directv.com.co" site_id="554&amp;name=FPSO&amp;l=S" xmltv_id="CO-FOX Premium Series(Oeste)[FPSO]">CO-FOX Premium Series(Oeste)[FPSO]</channel>
    <channel update="i" site="directv.com.co" site_id="556&amp;name=FOXF&amp;l=S" xmltv_id="CO-FOX Premium Family[FOXF]">CO-FOX Premium Family[FOXF]</channel>
    <channel update="i" site="directv.com.co" site_id="556&amp;name=FOXFHD&amp;l=S" xmltv_id="CO-FOX Premium Family HD[FOXFHD]">CO-FOX Premium Family HD[FOXFHD]</channel>
    <channel update="i" site="directv.com.co" site_id="557&amp;name=FOXC&amp;l=S" xmltv_id="CO-FOX Premium Comedy[FOXC]">CO-FOX Premium Comedy[FOXC]</channel>
    <channel update="i" site="directv.com.co" site_id="557&amp;name=FOXCHD&amp;l=S" xmltv_id="CO-FOX Premium Comedy HD[FOXCHD]">CO-FOX Premium Comedy HD[FOXCHD]</channel>
    <channel update="i" site="directv.com.co" site_id="559&amp;name=FOXM&amp;l=S" xmltv_id="CO-FOX Premium Movies[FOXM]">CO-FOX Premium Movies[FOXM]</channel>
    <channel update="i" site="directv.com.co" site_id="559&amp;name=FOXMHD&amp;l=S" xmltv_id="CO-FOX Premium Movies HD[FOXMHD]">CO-FOX Premium Movies HD[FOXMHD]</channel>
    <channel update="i" site="directv.com.co" site_id="560&amp;name=FCLA&amp;l=S" xmltv_id="CO-FOX Premium Classics[FCLA]">CO-FOX Premium Classics[FCLA]</channel>
    <channel update="i" site="directv.com.co" site_id="561&amp;name=FOXA&amp;l=S" xmltv_id="CO-FOX Premium Action[FOXA]">CO-FOX Premium Action[FOXA]</channel>
    <channel update="i" site="directv.com.co" site_id="562&amp;name=FCIN&amp;l=S" xmltv_id="CO-FOX Premium Cinema[FCIN]">CO-FOX Premium Cinema[FCIN]</channel>
    <channel update="i" site="directv.com.co" site_id="562&amp;name=FCINHD&amp;l=S" xmltv_id="CO-Fox Premium Cinema HD[FCINHD]">CO-Fox Premium Cinema HD[FCINHD]</channel>
    <channel update="i" site="directv.com.co" site_id="599&amp;name=DTV&amp;l=S" xmltv_id="CO-Bienvenido a DIRECTV![DTV]">CO-Bienvenido a DIRECTV![DTV]</channel>
    <channel update="i" site="directv.com.co" site_id="600&amp;name=DTSC&amp;l=S" xmltv_id="CO-Portal DIRECTV Sports[DTSC]">CO-Portal DIRECTV Sports[DTSC]</channel>
    <channel update="i" site="directv.com.co" site_id="604&amp;name=FOXS&amp;l=S" xmltv_id="CO-FOX Sports(Sur)[FOXS]">CO-FOX Sports(Sur)[FOXS]</channel>
    <channel update="i" site="directv.com.co" site_id="608&amp;name=FXS2&amp;l=S" xmltv_id="CO-FOX Sports 2[FXS2]">CO-FOX Sports 2[FXS2]</channel>
    <channel update="i" site="directv.com.co" site_id="609&amp;name=FXS3&amp;l=S" xmltv_id="CO-FOX Sports 3[FXS3]">CO-FOX Sports 3[FXS3]</channel>
    <channel update="i" site="directv.com.co" site_id="610&amp;name=DTSC&amp;l=S" xmltv_id="CO-DIRECTV Sports(COL)[DTSC]">CO-DIRECTV Sports(COL)[DTSC]</channel>
    <channel update="i" site="directv.com.co" site_id="612&amp;name=DTS2&amp;l=S" xmltv_id="CO-DIRECTV Sports 2[DTS2]">CO-DIRECTV Sports 2[DTS2]</channel>
    <channel update="i" site="directv.com.co" site_id="613&amp;name=DTS%2b&amp;l=S" xmltv_id="CO-DIRECTV Sports +[DTS+]">CO-DIRECTV Sports +[DTS+]</channel>
    <channel update="i" site="directv.com.co" site_id="621&amp;name=ESPI&amp;l=S" xmltv_id="CO-ESPN Latin South Andina[ESPI]">CO-ESPN Latin South Andina[ESPI]</channel>
    <channel update="i" site="directv.com.co" site_id="625&amp;name=ESP2&amp;l=S" xmltv_id="CO-ESPN 2 Colombia[ESP2]">CO-ESPN 2 Colombia[ESP2]</channel>
    <channel update="i" site="directv.com.co" site_id="626&amp;name=ESP3&amp;l=S" xmltv_id="CO-ESPN 3 South[ESP3]">CO-ESPN 3 South[ESP3]</channel>
    <channel update="i" site="directv.com.co" site_id="628&amp;name=GOLF&amp;l=S" xmltv_id="CO-Golf Channel[GOLF]">CO-Golf Channel[GOLF]</channel>
    <channel update="i" site="directv.com.co" site_id="628&amp;name=GOLFHD&amp;l=S" xmltv_id="CO-Golf Channel HD[GOLFHD]">CO-Golf Channel HD[GOLFHD]</channel>
    <channel update="i" site="directv.com.co" site_id="629&amp;name=TYCS&amp;l=S" xmltv_id="CO-TYC International[TYCS]">CO-TYC International[TYCS]</channel>
    <channel update="i" site="directv.com.co" site_id="633&amp;name=WIN&amp;l=S" xmltv_id="CO-Win Sports [WIN]">CO-Win Sports [WIN]</channel>
    <channel update="i" site="directv.com.co" site_id="633&amp;name=WINHD&amp;l=S" xmltv_id="CO-Win Sports HD(COL)[WINHD]">CO-Win Sports HD(COL)[WINHD]</channel>
    <channel update="i" site="directv.com.co" site_id="634&amp;name=Win%2b&amp;l=S" xmltv_id="CO-Win Sports Premium[Win+]">CO-Win Sports Premium[Win+]</channel>
    <channel update="i" site="directv.com.co" site_id="634&amp;name=Win%2bHD&amp;l=S" xmltv_id="CO-Win Sports Premium[Win+HD]">CO-Win Sports Premium[Win+HD]</channel>
    <channel update="i" site="directv.com.co" site_id="675&amp;name=NBA&amp;l=S" xmltv_id="CO-NBA Pass[NBA]">CO-NBA Pass[NBA]</channel>
    <channel update="i" site="directv.com.co" site_id="676&amp;name=NBA&amp;l=S" xmltv_id="CO-NBA Pass[NBA]">CO-NBA Pass[NBA]</channel>
    <channel update="i" site="directv.com.co" site_id="683&amp;name=DTSV&amp;l=S" xmltv_id="CO-DIRECTV Sports(VEN)[DTSV]">CO-DIRECTV Sports(VEN)[DTSV]</channel>
    <channel update="i" site="directv.com.co" site_id="700&amp;name=DTV&amp;l=S" xmltv_id="CO-OnDIRECTV(Norte)[DTV]">CO-OnDIRECTV(Norte)[DTV]</channel>
    <channel update="i" site="directv.com.co" site_id="704&amp;name=CNNE&amp;l=S" xmltv_id="CO-CNN en español[CNNE]">CO-CNN en español[CNNE]</channel>
    <channel update="i" site="directv.com.co" site_id="706&amp;name=CNNI&amp;l=S" xmltv_id="CO-CNN International[CNNI]">CO-CNN International[CNNI]</channel>
    <channel update="i" site="directv.com.co" site_id="707&amp;name=CNNC&amp;l=S" xmltv_id="CO-CNN Chile[CNNC]">CO-CNN Chile[CNNC]</channel>
    <channel update="i" site="directv.com.co" site_id="708&amp;name=24HR&amp;l=S" xmltv_id="CO-TVN 24 Horas[24HR]">CO-TVN 24 Horas[24HR]</channel>
    <channel update="i" site="directv.com.co" site_id="710&amp;name=BTV&amp;l=S" xmltv_id="CO-Bloomberg Television[BTV]">CO-Bloomberg Television[BTV]</channel>
    <channel update="i" site="directv.com.co" site_id="716&amp;name=TNOT&amp;l=S" xmltv_id="CO-TN Todo Noticias[TNOT]">CO-TN Todo Noticias[TNOT]</channel>
    <channel update="i" site="directv.com.co" site_id="720&amp;name=CA26&amp;l=S" xmltv_id="CO-Canal 26(ARG).[CA26]">CO-Canal 26(ARG).[CA26]</channel>
    <channel update="i" site="directv.com.co" site_id="722&amp;name=TSUR&amp;l=S" xmltv_id="CO-TeleSUR(VEN)[TSUR]">CO-TeleSUR(VEN)[TSUR]</channel>
    <channel update="i" site="directv.com.co" site_id="724&amp;name=GLOB&amp;l=S" xmltv_id="CO-Globovisión[GLOB]">CO-Globovisión[GLOB]</channel>
    <channel update="i" site="directv.com.co" site_id="726&amp;name=CRUR&amp;l=S" xmltv_id="CO-Canal Rural[CRUR]">CO-Canal Rural[CRUR]</channel>
    <channel update="i" site="directv.com.co" site_id="730&amp;name=NGEO&amp;l=S" xmltv_id="CO-National Geographic[NGEO]">CO-National Geographic[NGEO]</channel>
    <channel update="i" site="directv.com.co" site_id="732&amp;name=DISC&amp;l=S" xmltv_id="CO-Discovery Channel Latino[DISC]">CO-Discovery Channel Latino[DISC]</channel>
    <channel update="i" site="directv.com.co" site_id="734&amp;name=ANML&amp;l=S" xmltv_id="CO-Animal Planet[ANML]">CO-Animal Planet[ANML]</channel>
    <channel update="i" site="directv.com.co" site_id="734&amp;name=ANMLHD&amp;l=S" xmltv_id="CO-Animal Planet HD[ANMLHD]">CO-Animal Planet HD[ANMLHD]</channel>
    <channel update="i" site="directv.com.co" site_id="735&amp;name=NGW&amp;l=S" xmltv_id="CO-National Geographic Wild[NGW]">CO-National Geographic Wild[NGW]</channel>
    <channel update="i" site="directv.com.co" site_id="735&amp;name=NGWHD&amp;l=S" xmltv_id="CO-National Geographic Wild HD[NGWHD]">CO-National Geographic Wild HD[NGWHD]</channel>
    <channel update="i" site="directv.com.co" site_id="736&amp;name=TRBO&amp;l=S" xmltv_id="CO-Discovery Turbo[TRBO]">CO-Discovery Turbo[TRBO]</channel>
    <channel update="i" site="directv.com.co" site_id="740&amp;name=TLC&amp;l=S" xmltv_id="CO-TLC - Travel &amp; Living Channel[TLC]">CO-TLC - Travel &amp; Living Channel[TLC]</channel>
    <channel update="i" site="directv.com.co" site_id="740&amp;name=TLCHD&amp;l=S" xmltv_id="CO-TLC HD[TLCHD]">CO-TLC HD[TLCHD]</channel>
    <channel update="i" site="directv.com.co" site_id="741&amp;name=SUNC&amp;l=S" xmltv_id="CO-Sun Channel[SUNC]">CO-Sun Channel[SUNC]</channel>
    <channel update="i" site="directv.com.co" site_id="742&amp;name=THC&amp;l=S" xmltv_id="CO-History(Norte)[THC]">CO-History(Norte)[THC]</channel>
    <channel update="i" site="directv.com.co" site_id="744&amp;name=H2&amp;l=S" xmltv_id="CO-History 2[H2]">CO-History 2[H2]</channel>
    <channel update="i" site="directv.com.co" site_id="744&amp;name=H2HD&amp;l=S" xmltv_id="CO-H2 HD[H2HD]">CO-H2 HD[H2HD]</channel>
    <channel update="i" site="directv.com.co" site_id="746&amp;name=F&amp;A&amp;l=S" xmltv_id="CO-Film &amp; Arts[F&amp;A]">CO-Film &amp; Arts[F&amp;A]</channel>
    <channel update="i" site="directv.com.co" site_id="760&amp;name=TVE&amp;l=S" xmltv_id="CO-TVE  TV Española Internacional[TVE]">CO-TVE  TV Española Internacional[TVE]</channel>
    <channel update="i" site="directv.com.co" site_id="762&amp;name=ANT3&amp;l=S" xmltv_id="CO-Antena 3 Internacional[ANT3]">CO-Antena 3 Internacional[ANT3]</channel>
    <channel update="i" site="directv.com.co" site_id="766&amp;name=RAI&amp;l=S" xmltv_id="CO-RAI International [RAI]">CO-RAI International [RAI]</channel>
    <channel update="i" site="directv.com.co" site_id="768&amp;name=BBC&amp;l=S" xmltv_id="CO-BBC World News[BBC]">CO-BBC World News[BBC]</channel>
    <channel update="i" site="directv.com.co" site_id="770&amp;name=DW&amp;l=S" xmltv_id="CO-Deutsche Welle[DW]">CO-Deutsche Welle[DW]</channel>
    <channel update="i" site="directv.com.co" site_id="772&amp;name=CRCL&amp;l=S" xmltv_id="CO-Caracol Internacional[CRCL]">CO-Caracol Internacional[CRCL]</channel>
    <channel update="i" site="directv.com.co" site_id="774&amp;name=TVCL&amp;l=S" xmltv_id="CO-TV Chile[TVCL]">CO-TV Chile[TVCL]</channel>
    <channel update="i" site="directv.com.co" site_id="776&amp;name=GLBO&amp;l=S" xmltv_id="CO-Globo Internacional[GLBO]">CO-Globo Internacional[GLBO]</channel>
    <channel update="i" site="directv.com.co" site_id="778&amp;name=RTPI&amp;l=S" xmltv_id="CO-RTP Internacional[RTPI]">CO-RTP Internacional[RTPI]</channel>
    <channel update="i" site="directv.com.co" site_id="780&amp;name=ZEE&amp;l=S" xmltv_id="CO-ZEE TV[ZEE]">CO-ZEE TV[ZEE]</channel>
    <channel update="i" site="directv.com.co" site_id="782&amp;name=NHK&amp;l=S" xmltv_id="CO-NHK World TV[NHK]">CO-NHK World TV[NHK]</channel>
    <channel update="i" site="directv.com.co" site_id="784&amp;name=C13I&amp;l=S" xmltv_id="CO-El Trece Internacional[C13I]">CO-El Trece Internacional[C13I]</channel>
    <channel update="i" site="directv.com.co" site_id="786&amp;name=TLFI&amp;l=S" xmltv_id="CO-Telefe Internacional[TLFI]">CO-Telefe Internacional[TLFI]</channel>
    <channel update="i" site="directv.com.co" site_id="788&amp;name=VTV&amp;l=S" xmltv_id="CO-VTV(URU)[VTV]">CO-VTV(URU)[VTV]</channel>
    <channel update="i" site="directv.com.co" site_id="900&amp;name=STNG&amp;l=S" xmltv_id="CO-Music Mix[STNG]">CO-Music Mix[STNG]</channel>
    <channel update="i" site="directv.com.co" site_id="900&amp;name=STNGHD&amp;l=S" xmltv_id="CO-Music Mix HD[STNGHD]">CO-Music Mix HD[STNGHD]</channel>
    <channel update="i" site="directv.com.co" site_id="901&amp;name=STNG&amp;l=S" xmltv_id="CO-Stingray Éxitos Recientes[STNG]">CO-Stingray Éxitos Recientes[STNG]</channel>
    <channel update="i" site="directv.com.co" site_id="902&amp;name=STNG&amp;l=S" xmltv_id="CO-Stingray Pop Adulto[STNG]">CO-Stingray Pop Adulto[STNG]</channel>
    <channel update="i" site="directv.com.co" site_id="904&amp;name=STNG&amp;l=S" xmltv_id="CO-Stingray Urban Beats[STNG]">CO-Stingray Urban Beats[STNG]</channel>
    <channel update="i" site="directv.com.co" site_id="906&amp;name=STNG&amp;l=S" xmltv_id="CO-Stingray Euro Hits[STNG]">CO-Stingray Euro Hits[STNG]</channel>
    <channel update="i" site="directv.com.co" site_id="908&amp;name=STNG&amp;l=S" xmltv_id="CO-Stingray Rompepistas[STNG]">CO-Stingray Rompepistas[STNG]</channel>
    <channel update="i" site="directv.com.co" site_id="910&amp;name=STNG&amp;l=S" xmltv_id="CO-Stingray Bass Breaks and Beats[STNG]">CO-Stingray Bass Breaks and Beats[STNG]</channel>
    <channel update="i" site="directv.com.co" site_id="912&amp;name=STNG&amp;l=S" xmltv_id="CO-Stingray Rock'n'Roll[STNG]">CO-Stingray Rock'n'Roll[STNG]</channel>
    <channel update="i" site="directv.com.co" site_id="914&amp;name=STNG&amp;l=S" xmltv_id="CO-Stingray Hard Rock[STNG]">CO-Stingray Hard Rock[STNG]</channel>
    <channel update="i" site="directv.com.co" site_id="916&amp;name=STNG&amp;l=S" xmltv_id="CO-Stingray Rock Anthems[STNG]">CO-Stingray Rock Anthems[STNG]</channel>
    <channel update="i" site="directv.com.co" site_id="918&amp;name=STNG&amp;l=S" xmltv_id="CO-Stingray Clásicos Soul, Rhythm and Blues[STNG]">CO-Stingray Clásicos Soul, Rhythm and Blues[STNG]</channel>
    <channel update="i" site="directv.com.co" site_id="922&amp;name=STNG&amp;l=S" xmltv_id="CO-Stingray Años 70[STNG]">CO-Stingray Años 70[STNG]</channel>
    <channel update="i" site="directv.com.co" site_id="924&amp;name=STNG&amp;l=S" xmltv_id="CO-Stingray Años 80[STNG]">CO-Stingray Años 80[STNG]</channel>
    <channel update="i" site="directv.com.co" site_id="926&amp;name=STNG&amp;l=S" xmltv_id="CO-Stingray Años 90[STNG]">CO-Stingray Años 90[STNG]</channel>
    <channel update="i" site="directv.com.co" site_id="928&amp;name=STNG&amp;l=S" xmltv_id="CO-Stingray Pop Latino Actual[STNG]">CO-Stingray Pop Latino Actual[STNG]</channel>
    <channel update="i" site="directv.com.co" site_id="930&amp;name=STNG&amp;l=S" xmltv_id="CO-Stingray Éxitos de las Américas[STNG]">CO-Stingray Éxitos de las Américas[STNG]</channel>
    <channel update="i" site="directv.com.co" site_id="932&amp;name=STNG&amp;l=S" xmltv_id="CO-Stingray Rock en Español[STNG]">CO-Stingray Rock en Español[STNG]</channel>
    <channel update="i" site="directv.com.co" site_id="934&amp;name=STNG&amp;l=S" xmltv_id="CO-Stingray Latino Tropical[STNG]">CO-Stingray Latino Tropical[STNG]</channel>
    <channel update="i" site="directv.com.co" site_id="936&amp;name=STNG&amp;l=S" xmltv_id="CO-Stingray Salsa y Merengue[STNG]">CO-Stingray Salsa y Merengue[STNG]</channel>
    <channel update="i" site="directv.com.co" site_id="938&amp;name=STNG&amp;l=S" xmltv_id="CO-Stingray Viva México[STNG]">CO-Stingray Viva México[STNG]</channel>
    <channel update="i" site="directv.com.co" site_id="940&amp;name=STNG&amp;l=S" xmltv_id="CO-Stingray Jammin' Reggae[STNG]">CO-Stingray Jammin' Reggae[STNG]</channel>
    <channel update="i" site="directv.com.co" site_id="942&amp;name=STNG&amp;l=S" xmltv_id="CO-Stingray Drive[STNG]">CO-Stingray Drive[STNG]</channel>
    <channel update="i" site="directv.com.co" site_id="944&amp;name=STNG&amp;l=S" xmltv_id="CO-Stingray Silk(Canciones de Amor)[STNG]">CO-Stingray Silk(Canciones de Amor)[STNG]</channel>
    <channel update="i" site="directv.com.co" site_id="946&amp;name=STNG&amp;l=S" xmltv_id="CO-Stingray Música Ligera[STNG]">CO-Stingray Música Ligera[STNG]</channel>
    <channel update="i" site="directv.com.co" site_id="948&amp;name=STNG&amp;l=S" xmltv_id="CO-Stingray New Age[STNG]">CO-Stingray New Age[STNG]</channel>
    <channel update="i" site="directv.com.co" site_id="950&amp;name=STNG&amp;l=S" xmltv_id="CO-Stingray Big Band [STNG]">CO-Stingray Big Band [STNG]</channel>
    <channel update="i" site="directv.com.co" site_id="952&amp;name=STNG&amp;l=S" xmltv_id="CO-Galaxie Swinging Standards[STNG]">CO-Galaxie Swinging Standards[STNG]</channel>
    <channel update="i" site="directv.com.co" site_id="954&amp;name=STNG&amp;l=S" xmltv_id="CO-Stingray Jazz Now[STNG]">CO-Stingray Jazz Now[STNG]</channel>
    <channel update="i" site="directv.com.co" site_id="956&amp;name=STNG&amp;l=S" xmltv_id="CO-Stingray maestros del Jazz[STNG]">CO-Stingray maestros del Jazz[STNG]</channel>
    <channel update="i" site="directv.com.co" site_id="958&amp;name=STNG&amp;l=S" xmltv_id="CO-Stingray Classic Masters[STNG]">CO-Stingray Classic Masters[STNG]</channel>
    <channel update="i" site="directv.com.co" site_id="960&amp;name=STNG&amp;l=S" xmltv_id="CO-Stingray Ópera Plus[STNG]">CO-Stingray Ópera Plus[STNG]</channel>
    <channel update="i" site="directv.com.co" site_id="978&amp;name=88.9&amp;l=S" xmltv_id="CO-88.9 FM[88.9]">CO-88.9 FM[88.9]</channel>
    <channel update="i" site="directv.com.co" site_id="979&amp;name=HOT94&amp;l=S" xmltv_id="CO-Hot 94.1[HOT94]">CO-Hot 94.1[HOT94]</channel>
    <channel update="i" site="directv.com.co" site_id="980&amp;name=CNUR&amp;l=S" xmltv_id="CO-Unión Radio Noticias[CNUR]">CO-Unión Radio Noticias[CNUR]</channel>
    <channel update="i" site="directv.com.co" site_id="982&amp;name=CARA&amp;l=S" xmltv_id="CO-Radio Caracol[CARA]">CO-Radio Caracol[CARA]</channel>
    <channel update="i" site="directv.com.co" site_id="984&amp;name=RFI&amp;l=S" xmltv_id="CO-Radio France Internationale[RFI]">CO-Radio France Internationale[RFI]</channel>
    <channel update="i" site="directv.com.co" site_id="985&amp;name=FSTA&amp;l=S" xmltv_id="CO-Fiesta 106.5[FSTA]">CO-Fiesta 106.5[FSTA]</channel>
    <channel update="i" site="directv.com.co" site_id="991&amp;name=RCNR&amp;l=S" xmltv_id="CO-RCN Radio[RCNR]">CO-RCN Radio[RCNR]</channel>
    <channel update="i" site="directv.com.co" site_id="992&amp;name=LAFM&amp;l=S" xmltv_id="CO-La FM[LAFM]">CO-La FM[LAFM]</channel>
    <channel update="i" site="directv.com.co" site_id="993&amp;name=LaW&amp;l=S" xmltv_id="CO-La W Radio[LaW]">CO-La W Radio[LaW]</channel>
    <channel update="i" site="directv.com.co" site_id="999&amp;name=ODTV&amp;l=S" xmltv_id="CO-OnDIRECTV(Norte)[ODTV]">CO-OnDIRECTV(Norte)[ODTV]</channel>
    <channel update="i" site="directv.com.co" site_id="1130&amp;name=RCNHD&amp;l=S" xmltv_id="CO-RCN HD(COL)[RCNHD]">CO-RCN HD(COL)[RCNHD]</channel>
    <channel update="i" site="directv.com.co" site_id="1132&amp;name=CARAHD&amp;l=S" xmltv_id="CO-Caracol TV HD(COL)[CARAHD]">CO-Caracol TV HD(COL)[CARAHD]</channel>
    <channel update="i" site="directv.com.co" site_id="1136&amp;name=CAN1HD&amp;l=S" xmltv_id="CO-Canal Uno HD(COL)[CAN1HD]">CO-Canal Uno HD(COL)[CAN1HD]</channel>
    <channel update="i" site="directv.com.co" site_id="1137&amp;name=SCOLHD&amp;l=S" xmltv_id="CO-Señal Colombia HD(COL)[SCOLHD]">CO-Señal Colombia HD(COL)[SCOLHD]</channel>
    <channel update="i" site="directv.com.co" site_id="1138&amp;name=CINSHD&amp;l=S" xmltv_id="CO-Canal Institucional HD(COL)[CINSHD]">CO-Canal Institucional HD(COL)[CINSHD]</channel>
    <channel update="i" site="directv.com.co" site_id="1140&amp;name=TANTHD&amp;l=S" xmltv_id="CO-Teleantioquia HD(COL)[TANTHD]">CO-Teleantioquia HD(COL)[TANTHD]</channel>
    <channel update="i" site="directv.com.co" site_id="1141&amp;name=TPACHD&amp;l=S" xmltv_id="CO-Telepacífico HD(COL)[TPACHD]">CO-Telepacífico HD(COL)[TPACHD]</channel>
    <channel update="i" site="directv.com.co" site_id="1142&amp;name=TLCRHD&amp;l=S" xmltv_id="CO-Telecaribe HD(COL)[TLCRHD]">CO-Telecaribe HD(COL)[TLCRHD]</channel>
    <channel update="i" site="directv.com.co" site_id="1200&amp;name=DTVSE&amp;l=S" xmltv_id="CO-DIRECTV SERIES HD[DTVSE]">CO-DIRECTV SERIES HD[DTVSE]</channel>
    <channel update="i" site="directv.com.co" site_id="1201&amp;name=ODTVHD&amp;l=S" xmltv_id="CO-OnDIRECTV HD(Norte)[ODTVHD]">CO-OnDIRECTV HD(Norte)[ODTVHD]</channel>
    <channel update="i" site="directv.com.co" site_id="1204&amp;name=FOXHD&amp;l=S" xmltv_id="CO-FOX HD[FOXHD]">CO-FOX HD[FOXHD]</channel>
    <channel update="i" site="directv.com.co" site_id="1206&amp;name=WTVHD&amp;l=S" xmltv_id="CO-Warner Channel HD[WTVHD]">CO-Warner Channel HD[WTVHD]</channel>
    <channel update="i" site="directv.com.co" site_id="1207&amp;name=A&amp;EHD&amp;l=S" xmltv_id="CO-A&amp;E HD[A&amp;EHD]">CO-A&amp;E HD[A&amp;EHD]</channel>
    <channel update="i" site="directv.com.co" site_id="1208&amp;name=SONYHD&amp;l=S" xmltv_id="CO-Sony Entertainment HD[SONYHD]">CO-Sony Entertainment HD[SONYHD]</channel>
    <channel update="i" site="directv.com.co" site_id="1209&amp;name=AXNHD&amp;l=S" xmltv_id="CO-AXN HD[AXNHD]">CO-AXN HD[AXNHD]</channel>
    <channel update="i" site="directv.com.co" site_id="1210&amp;name=AMCHD&amp;l=S" xmltv_id="CO-AMC HD[AMCHD]">CO-AMC HD[AMCHD]</channel>
    <channel update="i" site="directv.com.co" site_id="1212&amp;name=FOXLHD&amp;l=S" xmltv_id="CO-FOX Life HD[FOXLHD]">CO-FOX Life HD[FOXLHD]</channel>
    <channel update="i" site="directv.com.co" site_id="1213&amp;name=TNTSHD&amp;l=S" xmltv_id="CO-TNT Series HD[TNTSHD]">CO-TNT Series HD[TNTSHD]</channel>
    <channel update="i" site="directv.com.co" site_id="1214&amp;name=A3SEHD&amp;l=S" xmltv_id="CO-Atres Series HD[A3SEHD]">CO-Atres Series HD[A3SEHD]</channel>
    <channel update="i" site="directv.com.co" site_id="1215&amp;name=CMDYHD&amp;l=S" xmltv_id="CO-Comedy Central HD[CMDYHD]">CO-Comedy Central HD[CMDYHD]</channel>
    <channel update="i" site="directv.com.co" site_id="1217&amp;name=FXHD&amp;l=S" xmltv_id="CO-FX HD[FXHD]">CO-FX HD[FXHD]</channel>
    <channel update="i" site="directv.com.co" site_id="1218&amp;name=UNIHD&amp;l=S" xmltv_id="CO-Universal TV HD(Norte)[UNIHD]">CO-Universal TV HD(Norte)[UNIHD]</channel>
    <channel update="i" site="directv.com.co" site_id="1219&amp;name=SYFYHD&amp;l=S" xmltv_id="CO-SyFy HD[SYFYHD]">CO-SyFy HD[SYFYHD]</channel>
    <channel update="i" site="directv.com.co" site_id="1221&amp;name=HOLAHD&amp;l=S" xmltv_id="CO-Hola TV HD[HOLAHD]">CO-Hola TV HD[HOLAHD]</channel>
    <channel update="i" site="directv.com.co" site_id="1222&amp;name=E!HD&amp;l=S" xmltv_id="CO-E! Entertainment HD[E!HD]">CO-E! Entertainment HD[E!HD]</channel>
    <channel update="i" site="directv.com.co" site_id="1223&amp;name=IDHD&amp;l=S" xmltv_id="CO-Discovery ID HD[IDHD]">CO-Discovery ID HD[IDHD]</channel>
    <channel update="i" site="directv.com.co" site_id="1225&amp;name=PASHD&amp;l=S" xmltv_id="CO-Pasiones HD[PASHD]">CO-Pasiones HD[PASHD]</channel>
    <channel update="i" site="directv.com.co" site_id="1228&amp;name=LIFEHD&amp;l=S" xmltv_id="CO-Lifetime HD[LIFEHD]">CO-Lifetime HD[LIFEHD]</channel>
    <channel update="i" site="directv.com.co" site_id="1229&amp;name=DH&amp;HHD&amp;l=S" xmltv_id="CO-Discovery Home &amp; Health HD[DH&amp;HHD]">CO-Discovery Home &amp; Health HD[DH&amp;HHD]</channel>
    <channel update="i" site="directv.com.co" site_id="1233&amp;name=FOODHD&amp;l=S" xmltv_id="CO-Food Network HD[FOODHD]">CO-Food Network HD[FOODHD]</channel>
    <channel update="i" site="directv.com.co" site_id="1234&amp;name=HGTVHD&amp;l=S" xmltv_id="CO-Home &amp; Garden TV HD[HGTVHD]">CO-Home &amp; Garden TV HD[HGTVHD]</channel>
    <channel update="i" site="directv.com.co" site_id="1235&amp;name=IVCHD&amp;l=S" xmltv_id="CO-IVC HD[IVCHD]">CO-IVC HD[IVCHD]</channel>
    <channel update="i" site="directv.com.co" site_id="1236&amp;name=Ve%2bHD&amp;l=S" xmltv_id="CO-VePLUS HD[Ve+HD]">CO-VePLUS HD[Ve+HD]</channel>
    <channel update="i" site="directv.com.co" site_id="1264&amp;name=MTVHD&amp;l=S" xmltv_id="CO-MTV HD[MTVHD]">CO-MTV HD[MTVHD]</channel>
    <channel update="i" site="directv.com.co" site_id="1265&amp;name=MTOPHD&amp;l=S" xmltv_id="CO-Music Top HD[MTOPHD]">CO-Music Top HD[MTOPHD]</channel>
    <channel update="i" site="directv.com.co" site_id="1266&amp;name=TMIAHD&amp;l=S" xmltv_id="CO-Tierra Mia HD[TMIAHD]">CO-Tierra Mia HD[TMIAHD]</channel>
    <channel update="i" site="directv.com.co" site_id="1273&amp;name=INTIHD&amp;l=S" xmltv_id="CO-INTI HD(ECU)[INTIHD]">CO-INTI HD(ECU)[INTIHD]</channel>
    <channel update="i" site="directv.com.co" site_id="1304&amp;name=TOONHD&amp;l=S" xmltv_id="CO-Cartoon Network HD[TOONHD]">CO-Cartoon Network HD[TOONHD]</channel>
    <channel update="i" site="directv.com.co" site_id="1308&amp;name=NICKHD&amp;l=S" xmltv_id="CO-Nickelodeon HD[NICKHD]">CO-Nickelodeon HD[NICKHD]</channel>
    <channel update="i" site="directv.com.co" site_id="1309&amp;name=NIKHD&amp;l=S" xmltv_id="CO-Nick JR. HD[NIKHD]">CO-Nick JR. HD[NIKHD]</channel>
    <channel update="i" site="directv.com.co" site_id="1312&amp;name=DISNHD&amp;l=S" xmltv_id="CO-Disney HD[DISNHD]">CO-Disney HD[DISNHD]</channel>
    <channel update="i" site="directv.com.co" site_id="1315&amp;name=DSNYJR&amp;l=S" xmltv_id="CO-Disney Jr. HD[DSNYJR]">CO-Disney Jr. HD[DSNYJR]</channel>
    <channel update="i" site="directv.com.co" site_id="1316&amp;name=DSNYXD&amp;l=S" xmltv_id="CO-Disney XD HD[DSNYXD]">CO-Disney XD HD[DSNYXD]</channel>
    <channel update="i" site="directv.com.co" site_id="1317&amp;name=BABYTV&amp;l=S" xmltv_id="CO-Baby TV HD[BABYTV]">CO-Baby TV HD[BABYTV]</channel>
    <channel update="i" site="directv.com.co" site_id="1330&amp;name=KIDSHD&amp;l=S" xmltv_id="CO-Discovery Kids HD[KIDSHD]">CO-Discovery Kids HD[KIDSHD]</channel>
    <channel update="i" site="directv.com.co" site_id="1408&amp;name=PPVHD&amp;l=S" xmltv_id="CO-PPV HD[PPVHD]">CO-PPV HD[PPVHD]</channel>
    <channel update="i" site="directv.com.co" site_id="1410&amp;name=PPVHD&amp;l=S" xmltv_id="CO-PPV HD[PPVHD]">CO-PPV HD[PPVHD]</channel>
    <channel update="i" site="directv.com.co" site_id="1412&amp;name=PPVHD&amp;l=S" xmltv_id="CO-PPV HD[PPVHD]">CO-PPV HD[PPVHD]</channel>
    <channel update="i" site="directv.com.co" site_id="1414&amp;name=PPVHD&amp;l=S" xmltv_id="CO-PPV HD[PPVHD]">CO-PPV HD[PPVHD]</channel>
    <channel update="i" site="directv.com.co" site_id="1416&amp;name=PPVHD&amp;l=S" xmltv_id="CO-PPV HD[PPVHD]">CO-PPV HD[PPVHD]</channel>
    <channel update="i" site="directv.com.co" site_id="1502&amp;name=TNTHD&amp;l=S" xmltv_id="CO-TNT HD[TNTHD]">CO-TNT HD[TNTHD]</channel>
    <channel update="i" site="directv.com.co" site_id="1503&amp;name=GLDNHD&amp;l=S" xmltv_id="CO-Golden HD[GLDNHD]">CO-Golden HD[GLDNHD]</channel>
    <channel update="i" site="directv.com.co" site_id="1505&amp;name=FXMHD&amp;l=S" xmltv_id="CO-FX Movies HD[FXMHD]">CO-FX Movies HD[FXMHD]</channel>
    <channel update="i" site="directv.com.co" site_id="1507&amp;name=CCHD&amp;l=S" xmltv_id="CO-Cinecanal HD[CCHD]">CO-Cinecanal HD[CCHD]</channel>
    <channel update="i" site="directv.com.co" site_id="1508&amp;name=STUNHD&amp;l=S" xmltv_id="CO-Studio Universal HD[STUNHD]">CO-Studio Universal HD[STUNHD]</channel>
    <channel update="i" site="directv.com.co" site_id="1509&amp;name=CMAXHD&amp;l=S" xmltv_id="CO-Cinemax HD[CMAXHD]">CO-Cinemax HD[CMAXHD]</channel>
    <channel update="i" site="directv.com.co" site_id="1510&amp;name=PRMTHD&amp;l=S" xmltv_id="CO-Paramount Network HD[PRMTHD]">CO-Paramount Network HD[PRMTHD]</channel>
    <channel update="i" site="directv.com.co" site_id="1513&amp;name=DHEHD&amp;l=S" xmltv_id="CO-DHE HD[DHEHD]">CO-DHE HD[DHEHD]</channel>
    <channel update="i" site="directv.com.co" site_id="1515&amp;name=EUROHD&amp;l=S" xmltv_id="CO-Europa Europa HD[EUROHD]">CO-Europa Europa HD[EUROHD]</channel>
    <channel update="i" site="directv.com.co" site_id="1518&amp;name=SPCHD&amp;l=S" xmltv_id="CO-Space HD[SPCHD]">CO-Space HD[SPCHD]</channel>
    <channel update="i" site="directv.com.co" site_id="1519&amp;name=A3CHD&amp;l=S" xmltv_id="CO-A3Cine HD[A3CHD]">CO-A3Cine HD[A3CHD]</channel>
    <channel update="i" site="directv.com.co" site_id="1521&amp;name=TVCOHD&amp;l=S" xmltv_id="CO-TV Cortos HD[TVCOHD]">CO-TV Cortos HD[TVCOHD]</channel>
    <channel update="i" site="directv.com.co" site_id="1524&amp;name=HBOHD&amp;l=S" xmltv_id="CO-HBO HD[HBOHD]">CO-HBO HD[HBOHD]</channel>
    <channel update="i" site="directv.com.co" site_id="1525&amp;name=HBO2HD&amp;l=S" xmltv_id="CO-HBO2HD[HBO2HD]">CO-HBO2HD[HBO2HD]</channel>
    <channel update="i" site="directv.com.co" site_id="1528&amp;name=HBOSHD&amp;l=S" xmltv_id="CO-HBO Signature HD[HBOSHD]">CO-HBO Signature HD[HBOSHD]</channel>
    <channel update="i" site="directv.com.co" site_id="1532&amp;name=HBOPHD&amp;l=S" xmltv_id="CO-HBO Plus HD[HBOPHD]">CO-HBO Plus HD[HBOPHD]</channel>
    <channel update="i" site="directv.com.co" site_id="1534&amp;name=HBOFHD&amp;l=S" xmltv_id="CO-HBO Family HD[HBOFHD]">CO-HBO Family HD[HBOFHD]</channel>
    <channel update="i" site="directv.com.co" site_id="1542&amp;name=HBOXTM&amp;l=S" xmltv_id="CO-HBO Xtreme[HBOXTM]">CO-HBO Xtreme[HBOXTM]</channel>
    <channel update="i" site="directv.com.co" site_id="1551&amp;name=INFOHD&amp;l=S" xmltv_id="CO-Cómo Contratar Premium HD[INFOHD]">CO-Cómo Contratar Premium HD[INFOHD]</channel>
    <channel update="i" site="directv.com.co" site_id="1552&amp;name=FOXPSE&amp;l=S" xmltv_id="CO-FOX Premium Series HD[FOXPSE]">CO-FOX Premium Series HD[FOXPSE]</channel>
    <channel update="i" site="directv.com.co" site_id="1556&amp;name=FOXFHD&amp;l=S" xmltv_id="CO-FOX Premium Family HD[FOXFHD]">CO-FOX Premium Family HD[FOXFHD]</channel>
    <channel update="i" site="directv.com.co" site_id="1557&amp;name=FOXCHD&amp;l=S" xmltv_id="CO-FOX Premium Comedy HD[FOXCHD]">CO-FOX Premium Comedy HD[FOXCHD]</channel>
    <channel update="i" site="directv.com.co" site_id="1559&amp;name=FOXMHD&amp;l=S" xmltv_id="CO-FOX Premium Movies HD[FOXMHD]">CO-FOX Premium Movies HD[FOXMHD]</channel>
    <channel update="i" site="directv.com.co" site_id="1561&amp;name=FOXAHD&amp;l=S" xmltv_id="CO-FOX Premium Action HD[FOXAHD]">CO-FOX Premium Action HD[FOXAHD]</channel>
    <channel update="i" site="directv.com.co" site_id="1562&amp;name=FCINHD&amp;l=S" xmltv_id="CO-Fox Premium Cinema HD[FCINHD]">CO-Fox Premium Cinema HD[FCINHD]</channel>
    <channel update="i" site="directv.com.co" site_id="1604&amp;name=FOXSHD&amp;l=S" xmltv_id="CO-FOX Sports HD[FOXSHD]">CO-FOX Sports HD[FOXSHD]</channel>
    <channel update="i" site="directv.com.co" site_id="1608&amp;name=FSP2HD&amp;l=S" xmltv_id="CO-FOX Sports 2 HD[FSP2HD]">CO-FOX Sports 2 HD[FSP2HD]</channel>
    <channel update="i" site="directv.com.co" site_id="1609&amp;name=FXS3HD&amp;l=S" xmltv_id="CO-FOX Sports 3 HD[FXS3HD]">CO-FOX Sports 3 HD[FXS3HD]</channel>
    <channel update="i" site="directv.com.co" site_id="1610&amp;name=DTSCHD&amp;l=S" xmltv_id="CO-DIRECTV Sports HD(COL)[DTSCHD]">CO-DIRECTV Sports HD(COL)[DTSCHD]</channel>
    <channel update="i" site="directv.com.co" site_id="1612&amp;name=DTV2HD&amp;l=S" xmltv_id="CO-DIRECTV Sports 2 HD[DTV2HD]">CO-DIRECTV Sports 2 HD[DTV2HD]</channel>
    <channel update="i" site="directv.com.co" site_id="1613&amp;name=DTS%2bHD&amp;l=S" xmltv_id="CO-DIRECTV Sports+ HD[DTS+HD]">CO-DIRECTV Sports+ HD[DTS+HD]</channel>
    <channel update="i" site="directv.com.co" site_id="1620&amp;name=ESPNHD&amp;l=S" xmltv_id="CO-ESPN Latin South Andina HD [ESPNHD]">CO-ESPN Latin South Andina HD [ESPNHD]</channel>
    <channel update="i" site="directv.com.co" site_id="1621&amp;name=ESPXHD&amp;l=S" xmltv_id="CO-ESPN Extra HD[ESPXHD]">CO-ESPN Extra HD[ESPXHD]</channel>
    <channel update="i" site="directv.com.co" site_id="1623&amp;name=ESP2HD&amp;l=S" xmltv_id="CO-ESPN 2 Colombia HD[ESP2HD]">CO-ESPN 2 Colombia HD[ESP2HD]</channel>
    <channel update="i" site="directv.com.co" site_id="1626&amp;name=ESP3HD&amp;l=S" xmltv_id="CO-ESPN 3 South HD[ESP3HD]">CO-ESPN 3 South HD[ESP3HD]</channel>
    <channel update="i" site="directv.com.co" site_id="1628&amp;name=GOLFHD&amp;l=S" xmltv_id="CO-Golf Channel HD[GOLFHD]">CO-Golf Channel HD[GOLFHD]</channel>
    <channel update="i" site="directv.com.co" site_id="1633&amp;name=WINHD&amp;l=S" xmltv_id="CO-Win Sports HD(COL)[WINHD]">CO-Win Sports HD(COL)[WINHD]</channel>
    <channel update="i" site="directv.com.co" site_id="1634&amp;name=Win%2bHD&amp;l=S" xmltv_id="CO-Win Sports Premium HD[Win+HD]">CO-Win Sports Premium HD[Win+HD]</channel>
    <channel update="i" site="directv.com.co" site_id="1677&amp;name=NBATV&amp;l=S" xmltv_id="CO-NBATVHD[NBATV]">CO-NBATVHD[NBATV]</channel>
    <channel update="i" site="directv.com.co" site_id="1721&amp;name=GLOBAL&amp;l=S" xmltv_id="CO-Global HD[GLOBAL]">CO-Global HD[GLOBAL]</channel>
    <channel update="i" site="directv.com.co" site_id="1730&amp;name=NGEOHD&amp;l=S" xmltv_id="CO-National Geographic HD[NGEOHD]">CO-National Geographic HD[NGEOHD]</channel>
    <channel update="i" site="directv.com.co" site_id="1731&amp;name=DISTHD&amp;l=S" xmltv_id="CO-Discovery Theater HD[DISTHD]">CO-Discovery Theater HD[DISTHD]</channel>
    <channel update="i" site="directv.com.co" site_id="1732&amp;name=DSCHD&amp;l=S" xmltv_id="CO-Discovery Channel HD [DSCHD]">CO-Discovery Channel HD [DSCHD]</channel>
    <channel update="i" site="directv.com.co" site_id="1734&amp;name=ANMLHD&amp;l=S" xmltv_id="CO-Animal Planet HD[ANMLHD]">CO-Animal Planet HD[ANMLHD]</channel>
    <channel update="i" site="directv.com.co" site_id="1735&amp;name=NGWHD&amp;l=S" xmltv_id="CO-National Geographic Wild HD[NGWHD]">CO-National Geographic Wild HD[NGWHD]</channel>
    <channel update="i" site="directv.com.co" site_id="1738&amp;name=DISWHD&amp;l=S" xmltv_id="CO-Discovery World HD[DISWHD]">CO-Discovery World HD[DISWHD]</channel>
    <channel update="i" site="directv.com.co" site_id="1740&amp;name=TLCHD&amp;l=S" xmltv_id="CO-TLC HD[TLCHD]">CO-TLC HD[TLCHD]</channel>
    <channel update="i" site="directv.com.co" site_id="1742&amp;name=HISTHD&amp;l=S" xmltv_id="CO-History HD[HISTHD]">CO-History HD[HISTHD]</channel>
    <channel update="i" site="directv.com.co" site_id="1744&amp;name=H2HD&amp;l=S" xmltv_id="CO-H2 HD[H2HD]">CO-H2 HD[H2HD]</channel>
    <channel update="i" site="directv.com.co" site_id="1747&amp;name=SMTHHD&amp;l=S" xmltv_id="CO-Smithsonian Channel HD[SMTHHD]">CO-Smithsonian Channel HD[SMTHHD]</channel>
    <channel update="i" site="directv.com.co" site_id="1762&amp;name=ANT3HD&amp;l=S" xmltv_id="CO-Antena 3  HD[ANT3HD]">CO-Antena 3  HD[ANT3HD]</channel>
    <channel update="i" site="directv.com.co" site_id="4000&amp;name=DTV4K&amp;l=S" xmltv_id="CO-DIRECTV 4K: Ultra HD[DTV4K]">CO-DIRECTV 4K: Ultra HD[DTV4K]</channel>
    <channel update="i" site="directv.com.co" site_id="4002&amp;name=PPV&amp;l=S" xmltv_id="CO-¿Cómo comprar Pay-Per-View?[PPV]">CO-¿Cómo comprar Pay-Per-View?[PPV]</channel>
    <channel update="i" site="directv.com.co" site_id="4004&amp;name=PPV&amp;l=S" xmltv_id="CO-¿Cómo comprar Pay-Per-View?[PPV]">CO-¿Cómo comprar Pay-Per-View?[PPV]</channel>
    <channel update="i" site="directv.com.co" site_id="4006&amp;name=PPV&amp;l=S" xmltv_id="CO-¿Cómo comprar Pay-Per-View?[PPV]">CO-¿Cómo comprar Pay-Per-View?[PPV]</channel>
    <channel update="i" site="directv.com.co" site_id="4008&amp;name=PPV&amp;l=S" xmltv_id="CO-¿Cómo comprar Pay-Per-View?[PPV]">CO-¿Cómo comprar Pay-Per-View?[PPV]</channel>
    <channel update="i" site="directv.com.co" site_id="4010&amp;name=PPV&amp;l=S" xmltv_id="CO-¿Cómo comprar Pay-Per-View?[PPV]">CO-¿Cómo comprar Pay-Per-View?[PPV]</channel>
    <channel update="i" site="directv.com.co" site_id="4012&amp;name=PPV&amp;l=S" xmltv_id="CO-¿Cómo comprar Pay-Per-View?[PPV]">CO-¿Cómo comprar Pay-Per-View?[PPV]</channel>
    <channel update="i" site="directv.com.co" site_id="4014&amp;name=PPV&amp;l=S" xmltv_id="CO-¿Cómo comprar Pay-Per-View?[PPV]">CO-¿Cómo comprar Pay-Per-View?[PPV]</channel>
    <channel update="i" site="directv.com.co" site_id="4016&amp;name=PPV&amp;l=S" xmltv_id="CO-¿Cómo comprar Pay-Per-View?[PPV]">CO-¿Cómo comprar Pay-Per-View?[PPV]</channel>
    <channel update="i" site="directv.com.co" site_id="4018&amp;name=PPV&amp;l=S" xmltv_id="CO-¿Cómo comprar Pay-Per-View?[PPV]">CO-¿Cómo comprar Pay-Per-View?[PPV]</channel>
    <channel update="i" site="directv.com.co" site_id="4102&amp;name=PPV&amp;l=S" xmltv_id="CO-¿Cómo comprar Pay-Per-View?[PPV]">CO-¿Cómo comprar Pay-Per-View?[PPV]</channel>
    <channel update="i" site="directv.com.co" site_id="4104&amp;name=PPV&amp;l=S" xmltv_id="CO-¿Cómo comprar  Pay-Per-View?[PPV]">CO-¿Cómo comprar  Pay-Per-View?[PPV]</channel>
  </channels>
</site>