﻿<?xml version="1.0" encoding="UTF-8"?>
<site generator-info-name="WebGrab+Plus/w MDB &amp; REX Postprocess -- version  V1.57 -- Jan van Straaten" site="programatv.bg">
  <channels>
    <channel update="i" site="programatv.bg" site_id="0##BNT1" xmltv_id="BNT1">BNT1</channel>
    <channel update="i" site="programatv.bg" site_id="0##BNT2" xmltv_id="BNT2">BNT2</channel>
    <channel update="i" site="programatv.bg" site_id="0##BNTW" xmltv_id="BNT World">BNT World</channel>
    <channel update="i" site="programatv.bg" site_id="0##BBTV" xmltv_id="bTV">bTV</channel>
    <channel update="i" site="programatv.bg" site_id="4##BBTA" xmltv_id="bTV Action">bTV Action</channel>
    <channel update="i" site="programatv.bg" site_id="4##BBTC" xmltv_id="bTV Cinema">bTV Cinema</channel>
    <channel update="i" site="programatv.bg" site_id="4##BBTM" xmltv_id="bTV Comedy">bTV Comedy</channel>
    <channel update="i" site="programatv.bg" site_id="4##BBTL" xmltv_id="bTV Lady">bTV Lady</channel>
    <channel update="i" site="programatv.bg" site_id="8##BBTS" xmltv_id="Ring.bg (bTV Sport)">Ring.bg (bTV Sport)</channel>
    <channel update="i" site="programatv.bg" site_id="8##novatvbg" xmltv_id="Nova TV">Nova TV</channel>
    <channel update="i" site="programatv.bg" site_id="8##BNKN" xmltv_id="Kino Nova">Kino Nova</channel>
    <channel update="i" site="programatv.bg" site_id="8##BNDI" xmltv_id="Diema">Diema</channel>
    <channel update="i" site="programatv.bg" site_id="12##BNFA" xmltv_id="Diema Family">Diema Family</channel>
    <channel update="i" site="programatv.bg" site_id="12##BNSP" xmltv_id="Nova Sport">Nova Sport</channel>
    <channel update="i" site="programatv.bg" site_id="12##BBOA" xmltv_id="Bulgaria on Air">Bulgaria on Air</channel>
    <channel update="i" site="programatv.bg" site_id="12##BSKA" xmltv_id="SKAT TV">SKAT TV</channel>
    <channel update="i" site="programatv.bg" site_id="16##B7TV" xmltv_id="TV7">TV7</channel>
    <channel update="i" site="programatv.bg" site_id="16##B7SU" xmltv_id="Super 7">Super 7</channel>
    <channel update="i" site="programatv.bg" site_id="16##BFOX" xmltv_id="FOX">FOX</channel>
    <channel update="i" site="programatv.bg" site_id="16##BFCR" xmltv_id="FOX Crime">FOX Crime</channel>
    <channel update="i" site="programatv.bg" site_id="20##BFLI" xmltv_id="FOX Life">FOX Life</channel>
    <channel update="i" site="programatv.bg" site_id="20##BFEN" xmltv_id="Fen TV">Fen TV</channel>
    <channel update="i" site="programatv.bg" site_id="20##BPLA" xmltv_id="Planeta TV">Planeta TV</channel>
    <channel update="i" site="programatv.bg" site_id="20##BPHD" xmltv_id="Planeta HD">Planeta HD</channel>
    <channel update="i" site="programatv.bg" site_id="24##BPFO" xmltv_id="Planeta Folk">Planeta Folk</channel>
    <channel update="i" site="programatv.bg" site_id="24##BNGE" xmltv_id="National Geographic">National Geographic</channel>
    <channel update="i" site="programatv.bg" site_id="24##BBIT" xmltv_id="BIT">BIT</channel>
    <channel update="i" site="programatv.bg" site_id="24##BNTH" xmltv_id="BNT HD">BNT HD</channel>
    <channel update="i" site="programatv.bg" site_id="28##BNDS" xmltv_id="Diema Sport">Diema Sport</channel>
    <channel update="i" site="programatv.bg" site_id="28##BND2" xmltv_id="Diema Sport 2">Diema Sport 2</channel>
    <channel update="i" site="programatv.bg" site_id="28##BEUR" xmltv_id="Eurosport">Eurosport</channel>
    <channel update="i" site="programatv.bg" site_id="28##BEU2" xmltv_id="Eurosport 2">Eurosport 2</channel>
    <channel update="i" site="programatv.bg" site_id="32##BNGW" xmltv_id="National Geographic Wild">National Geographic Wild</channel>
  </channels>
</site>