﻿<?xml version="1.0" encoding="UTF-8"?>
<site generator-info-name="WebGrab+Plus/w MDB &amp; REX Postprocess -- version V1.56.23 -- Jan van Straaten" site="tvtid.tv2.dk">
  <channels>
    <channel update="i" site="tvtid.tv2.dk" site_id="3" xmltv_id="TV 2">TV 2</channel>
    <channel update="i" site="tvtid.tv2.dk" site_id="1" xmltv_id="DR1">DR1</channel>
    <channel update="i" site="tvtid.tv2.dk" site_id="31" xmltv_id="TV 2 Charlie">TV 2 Charlie</channel>
    <channel update="i" site="tvtid.tv2.dk" site_id="2" xmltv_id="DR2">DR2</channel>
    <channel update="i" site="tvtid.tv2.dk" site_id="5" xmltv_id="TV3">TV3</channel>
    <channel update="i" site="tvtid.tv2.dk" site_id="7" xmltv_id="Kanal 5">Kanal 5</channel>
    <channel update="i" site="tvtid.tv2.dk" site_id="133" xmltv_id="TV 2 News">TV 2 News</channel>
    <channel update="i" site="tvtid.tv2.dk" site_id="6" xmltv_id="TV3+">TV3+</channel>
    <channel update="i" site="tvtid.tv2.dk" site_id="4" xmltv_id="TV 2 Zulu">TV 2 Zulu</channel>
    <channel update="i" site="tvtid.tv2.dk" site_id="10153" xmltv_id="DR Ramasjang">DR Ramasjang</channel>
    <channel update="i" site="tvtid.tv2.dk" site_id="8" xmltv_id="Kanal 4">Kanal 4</channel>
    <channel update="i" site="tvtid.tv2.dk" site_id="10066" xmltv_id="6'eren">6'eren</channel>
    <channel update="i" site="tvtid.tv2.dk" site_id="156" xmltv_id="TV3 Sport 1">TV3 Sport 1</channel>
    <channel update="i" site="tvtid.tv2.dk" site_id="10154" xmltv_id="DR K">DR K</channel>
    <channel update="i" site="tvtid.tv2.dk" site_id="77" xmltv_id="TV 2 Sport">TV 2 Sport</channel>
    <channel update="i" site="tvtid.tv2.dk" site_id="11608" xmltv_id="TV 2 HD">TV 2 HD</channel>
    <channel update="i" site="tvtid.tv2.dk" site_id="11077" xmltv_id="C More Hits HD">C More Hits HD</channel>
    <channel update="i" site="tvtid.tv2.dk" site_id="11830" xmltv_id="Viasat Film Family HD">Viasat Film Family HD</channel>
    <channel update="i" site="tvtid.tv2.dk" site_id="10093" xmltv_id="TV3 Puls">TV3 Puls</channel>
    <channel update="i" site="tvtid.tv2.dk" site_id="10342" xmltv_id="TV3+ HD">TV3+ HD</channel>
    <channel update="i" site="tvtid.tv2.dk" site_id="10089" xmltv_id="DR Ultra">DR Ultra</channel>
    <channel update="i" site="tvtid.tv2.dk" site_id="12566" xmltv_id="TV 2 Fri">TV 2 Fri</channel>
    <channel update="i" site="tvtid.tv2.dk" site_id="70" xmltv_id="Discovery Channel">Discovery Channel</channel>
    <channel update="i" site="tvtid.tv2.dk" site_id="185" xmltv_id="Cartoon Network">Cartoon Network</channel>
    <channel update="i" site="tvtid.tv2.dk" site_id="93" xmltv_id="Animal Planet">Animal Planet</channel>
    <channel update="i" site="tvtid.tv2.dk" site_id="15" xmltv_id="DK4">DK4</channel>
    <channel update="i" site="tvtid.tv2.dk" site_id="10155" xmltv_id="DR3">DR3</channel>
    <channel update="i" site="tvtid.tv2.dk" site_id="27" xmltv_id="C More Action">C More Action</channel>
    <channel update="i" site="tvtid.tv2.dk" site_id="26" xmltv_id="C More Hits">C More Hits</channel>
    <channel update="i" site="tvtid.tv2.dk" site_id="58" xmltv_id="C More Tennis">C More Tennis</channel>
    <channel update="i" site="tvtid.tv2.dk" site_id="80" xmltv_id="C More First HD">C More First HD</channel>
    <channel update="i" site="tvtid.tv2.dk" site_id="78" xmltv_id="C More Emotion">C More Emotion</channel>
    <channel update="i" site="tvtid.tv2.dk" site_id="25" xmltv_id="C More First">C More First</channel>
    <channel update="i" site="tvtid.tv2.dk" site_id="201" xmltv_id="C More Series">C More Series</channel>
    <channel update="i" site="tvtid.tv2.dk" site_id="116" xmltv_id="Discovery World">Discovery World</channel>
    <channel update="i" site="tvtid.tv2.dk" site_id="117" xmltv_id="Discovery Science">Discovery Science</channel>
    <channel update="i" site="tvtid.tv2.dk" site_id="147" xmltv_id="Discovery HD Showcase">Discovery HD Showcase</channel>
    <channel update="i" site="tvtid.tv2.dk" site_id="9" xmltv_id="Viasat Film Premiere">Viasat Film Premiere</channel>
    <channel update="i" site="tvtid.tv2.dk" site_id="10" xmltv_id="Viasat Film Action">Viasat Film Action</channel>
    <channel update="i" site="tvtid.tv2.dk" site_id="11" xmltv_id="Viasat Film Hits">Viasat Film Hits</channel>
    <channel update="i" site="tvtid.tv2.dk" site_id="12" xmltv_id="Viasat Film Family">Viasat Film Family</channel>
    <channel update="i" site="tvtid.tv2.dk" site_id="13" xmltv_id="Viasat Film Comedy">Viasat Film Comedy</channel>
    <channel update="i" site="tvtid.tv2.dk" site_id="19" xmltv_id="Viasat Explore">Viasat Explore</channel>
    <channel update="i" site="tvtid.tv2.dk" site_id="165" xmltv_id="Viasat Golf">Viasat Golf</channel>
    <channel update="i" site="tvtid.tv2.dk" site_id="20" xmltv_id="Viasat Nature">Viasat Nature</channel>
    <channel update="i" site="tvtid.tv2.dk" site_id="39" xmltv_id="Viasat History">Viasat History</channel>
    <channel update="i" site="tvtid.tv2.dk" site_id="11828" xmltv_id="Viasat Film Action HD">Viasat Film Action HD</channel>
    <channel update="i" site="tvtid.tv2.dk" site_id="10070" xmltv_id="Viasat Series">Viasat Series</channel>
    <channel update="i" site="tvtid.tv2.dk" site_id="10071" xmltv_id="Viasat Film Premiere HD">Viasat Film Premiere HD</channel>
    <channel update="i" site="tvtid.tv2.dk" site_id="10145" xmltv_id="SF kanalen">SF kanalen</channel>
    <channel update="i" site="tvtid.tv2.dk" site_id="12948" xmltv_id="TV3 Sport 2">TV3 Sport 2</channel>
    <channel update="i" site="tvtid.tv2.dk" site_id="12949" xmltv_id="TV3 Sport 2 HD">TV3 Sport 2 HD</channel>
    <channel update="i" site="tvtid.tv2.dk" site_id="12034" xmltv_id="Kanal Sport">Kanal Sport</channel>
    <channel update="i" site="tvtid.tv2.dk" site_id="11610" xmltv_id="TV 2 Nord Salto">TV 2 Nord Salto</channel>
    <channel update="i" site="tvtid.tv2.dk" site_id="11615" xmltv_id="TV 2 Fyn">TV 2 Fyn</channel>
    <channel update="i" site="tvtid.tv2.dk" site_id="11616" xmltv_id="TV 2 Lorry">TV 2 Lorry</channel>
    <channel update="i" site="tvtid.tv2.dk" site_id="11612" xmltv_id="TV 2 Østjylland">TV 2 Østjylland</channel>
    <channel update="i" site="tvtid.tv2.dk" site_id="11611" xmltv_id="TV 2 Midt-Vest">TV 2 Midt-Vest</channel>
    <channel update="i" site="tvtid.tv2.dk" site_id="11614" xmltv_id="TV 2 Syd">TV 2 Syd</channel>
    <channel update="i" site="tvtid.tv2.dk" site_id="11617" xmltv_id="TV 2 Bornholm">TV 2 Bornholm</channel>
    <channel update="i" site="tvtid.tv2.dk" site_id="11613" xmltv_id="TV ØST">TV ØST</channel>
    <channel update="i" site="tvtid.tv2.dk" site_id="10341" xmltv_id="Folketinget">Folketinget</channel>
    <channel update="i" site="tvtid.tv2.dk" site_id="10336" xmltv_id="Kanal Syd">Kanal Syd</channel>
    <channel update="i" site="tvtid.tv2.dk" site_id="10337" xmltv_id="Fynboen">Fynboen</channel>
    <channel update="i" site="tvtid.tv2.dk" site_id="10262" xmltv_id="Kanal Hovedstaden">Kanal Hovedstaden</channel>
    <channel update="i" site="tvtid.tv2.dk" site_id="10334" xmltv_id="Kanal Midt-Vest">Kanal Midt-Vest</channel>
    <channel update="i" site="tvtid.tv2.dk" site_id="10335" xmltv_id="Kanal Østjylland">Kanal Østjylland</channel>
    <channel update="i" site="tvtid.tv2.dk" site_id="41" xmltv_id="Viasat sport">Viasat sport</channel>
    <channel update="i" site="tvtid.tv2.dk" site_id="11832" xmltv_id="Viasat Film Comedy HD">Viasat Film Comedy HD</channel>
    <channel update="i" site="tvtid.tv2.dk" site_id="118" xmltv_id="TLC Danmark">TLC Danmark</channel>
    <channel update="i" site="tvtid.tv2.dk" site_id="14" xmltv_id="Disney Channel">Disney Channel</channel>
    <channel update="i" site="tvtid.tv2.dk" site_id="157" xmltv_id="Disney Junior">Disney Junior</channel>
    <channel update="i" site="tvtid.tv2.dk" site_id="74" xmltv_id="Disney XD">Disney XD</channel>
    <channel update="i" site="tvtid.tv2.dk" site_id="174" xmltv_id="Eurosport 1">Eurosport 1</channel>
    <channel update="i" site="tvtid.tv2.dk" site_id="175" xmltv_id="Eurosport 2">Eurosport 2</channel>
    <channel update="i" site="tvtid.tv2.dk" site_id="71" xmltv_id="MTV">MTV</channel>
    <channel update="i" site="tvtid.tv2.dk" site_id="94" xmltv_id="National Geographic Channel">National Geographic Channel</channel>
    <channel update="i" site="tvtid.tv2.dk" site_id="153" xmltv_id="Nickelodeon">Nickelodeon</channel>
    <channel update="i" site="tvtid.tv2.dk" site_id="186" xmltv_id="TCM">TCM</channel>
    <channel update="i" site="tvtid.tv2.dk" site_id="219" xmltv_id="VH1">VH1</channel>
    <channel update="i" site="tvtid.tv2.dk" site_id="11575" xmltv_id="Nat Geo Wild HD">Nat Geo Wild HD</channel>
    <channel update="i" site="tvtid.tv2.dk" site_id="10455" xmltv_id="Nick Jr.">Nick Jr.</channel>
    <channel update="i" site="tvtid.tv2.dk" site_id="10061" xmltv_id="BBC Earth">BBC Earth</channel>
    <channel update="i" site="tvtid.tv2.dk" site_id="10010" xmltv_id="Eurosport 1 HD">Eurosport 1 HD</channel>
    <channel update="i" site="tvtid.tv2.dk" site_id="131" xmltv_id="TV6">TV6</channel>
    <channel update="i" site="tvtid.tv2.dk" site_id="130" xmltv_id="NRK1">NRK1</channel>
    <channel update="i" site="tvtid.tv2.dk" site_id="10111" xmltv_id="Canal 9">Canal 9</channel>
    <channel update="i" site="tvtid.tv2.dk" site_id="129" xmltv_id="NRK2">NRK2</channel>
    <channel update="i" site="tvtid.tv2.dk" site_id="135" xmltv_id="SVT 1">SVT 1</channel>
    <channel update="i" site="tvtid.tv2.dk" site_id="10101" xmltv_id="Animal planet HD">Animal planet HD</channel>
    <channel update="i" site="tvtid.tv2.dk" site_id="248" xmltv_id="Boomerang">Boomerang</channel>
    <channel update="i" site="tvtid.tv2.dk" site_id="160" xmltv_id="National Geographic Channel HD">National Geographic Channel HD</channel>
    <channel update="i" site="tvtid.tv2.dk" site_id="136" xmltv_id="SVT 2">SVT 2</channel>
    <channel update="i" site="tvtid.tv2.dk" site_id="142" xmltv_id="TV 2">TV 2</channel>
    <channel update="i" site="tvtid.tv2.dk" site_id="212" xmltv_id="TV3 Sport 1 HD">TV3 Sport 1 HD</channel>
    <channel update="i" site="tvtid.tv2.dk" site_id="10435" xmltv_id="TNT">TNT</channel>
    <channel update="i" site="tvtid.tv2.dk" site_id="37" xmltv_id="Eurosport 2">Eurosport 2</channel>
    <channel update="i" site="tvtid.tv2.dk" site_id="24" xmltv_id="TV3">TV3</channel>
    <channel update="i" site="tvtid.tv2.dk" site_id="21" xmltv_id="TV3">TV3</channel>
    <channel update="i" site="tvtid.tv2.dk" site_id="111" xmltv_id="TV4">TV4</channel>
    <channel update="i" site="tvtid.tv2.dk" site_id="12396" xmltv_id="BBC Brit">BBC Brit</channel>
    <channel update="i" site="tvtid.tv2.dk" site_id="191" xmltv_id="BBC World News">BBC World News</channel>
    <channel update="i" site="tvtid.tv2.dk" site_id="181" xmltv_id="CNN International">CNN International</channel>
    <channel update="i" site="tvtid.tv2.dk" site_id="12697" xmltv_id="TV5 Monde Europe">TV5 Monde Europe</channel>
    <channel update="i" site="tvtid.tv2.dk" site_id="143" xmltv_id="TV 2 Zebra">TV 2 Zebra</channel>
    <channel update="i" site="tvtid.tv2.dk" site_id="144" xmltv_id="TV 2 SPORT">TV 2 SPORT</channel>
    <channel update="i" site="tvtid.tv2.dk" site_id="145" xmltv_id="TV 2 Humor">TV 2 Humor</channel>
    <channel update="i" site="tvtid.tv2.dk" site_id="172" xmltv_id="TV4 Sport">TV4 Sport</channel>
    <channel update="i" site="tvtid.tv2.dk" site_id="171" xmltv_id="TV4 Komedi">TV4 Komedi</channel>
    <channel update="i" site="tvtid.tv2.dk" site_id="113" xmltv_id="TV4 Film">TV4 Film</channel>
    <channel update="i" site="tvtid.tv2.dk" site_id="115" xmltv_id="TV4 Fakta">TV4 Fakta</channel>
    <channel update="i" site="tvtid.tv2.dk" site_id="162" xmltv_id="ARD">ARD</channel>
    <channel update="i" site="tvtid.tv2.dk" site_id="10104" xmltv_id="Arte">Arte</channel>
    <channel update="i" site="tvtid.tv2.dk" site_id="10621" xmltv_id="SPORT1">SPORT1</channel>
    <channel update="i" site="tvtid.tv2.dk" site_id="188" xmltv_id="NDR">NDR</channel>
    <channel update="i" site="tvtid.tv2.dk" site_id="10511" xmltv_id="ProSieben">ProSieben</channel>
    <channel update="i" site="tvtid.tv2.dk" site_id="161" xmltv_id="RTL">RTL</channel>
    <channel update="i" site="tvtid.tv2.dk" site_id="221" xmltv_id="RTL II">RTL II</channel>
    <channel update="i" site="tvtid.tv2.dk" site_id="10510" xmltv_id="SAT. 1">SAT. 1</channel>
    <channel update="i" site="tvtid.tv2.dk" site_id="240" xmltv_id="Super RTL">Super RTL</channel>
    <channel update="i" site="tvtid.tv2.dk" site_id="218" xmltv_id="VOX">VOX</channel>
    <channel update="i" site="tvtid.tv2.dk" site_id="163" xmltv_id="ZDF">ZDF</channel>
    <channel update="i" site="tvtid.tv2.dk" site_id="164" xmltv_id="3sat">3sat</channel>
    <channel update="i" site="tvtid.tv2.dk" site_id="10034" xmltv_id="Sky News">Sky News</channel>
    <channel update="i" site="tvtid.tv2.dk" site_id="11572" xmltv_id="Nat Geo Wild">Nat Geo Wild</channel>
    <channel update="i" site="tvtid.tv2.dk" site_id="10159" xmltv_id="HISTORY">HISTORY</channel>
    <channel update="i" site="tvtid.tv2.dk" site_id="12012" xmltv_id="TV 2 Bornholm HD">TV 2 Bornholm HD</channel>
    <channel update="i" site="tvtid.tv2.dk" site_id="215" xmltv_id="Travel Channel">Travel Channel</channel>
    <channel update="i" site="tvtid.tv2.dk" site_id="12010" xmltv_id="TV 2 Midt-Vest HD">TV 2 Midt-Vest HD</channel>
    <channel update="i" site="tvtid.tv2.dk" site_id="12011" xmltv_id="TV 2 Østjylland HD">TV 2 Østjylland HD</channel>
    <channel update="i" site="tvtid.tv2.dk" site_id="12009" xmltv_id="TV 2 Lorry HD">TV 2 Lorry HD</channel>
    <channel update="i" site="tvtid.tv2.dk" site_id="12005" xmltv_id="TV 2 Syd HD">TV 2 Syd HD</channel>
    <channel update="i" site="tvtid.tv2.dk" site_id="12736" xmltv_id="TV Kolding">TV Kolding</channel>
    <channel update="i" site="tvtid.tv2.dk" site_id="13241" xmltv_id="TV3 HD">TV3 HD</channel>
    <channel update="i" site="tvtid.tv2.dk" site_id="12621" xmltv_id="Uptown Classic">Uptown Classic</channel>
    <channel update="i" site="tvtid.tv2.dk" site_id="10641" xmltv_id="Uptown TV">Uptown TV</channel>
    <channel update="i" site="tvtid.tv2.dk" site_id="13091" xmltv_id="Viasat Golf HD">Viasat Golf HD</channel>
    <channel update="i" site="tvtid.tv2.dk" site_id="12702" xmltv_id="E! Entertainment">E! Entertainment</channel>
    <channel update="i" site="tvtid.tv2.dk" site_id="10190" xmltv_id="Euronews">Euronews</channel>
    <channel update="i" site="tvtid.tv2.dk" site_id="13174" xmltv_id="FOX World News">FOX World News</channel>
    <channel update="i" site="tvtid.tv2.dk" site_id="10242" xmltv_id="France 24">France 24</channel>
    <channel update="i" site="tvtid.tv2.dk" site_id="10051" xmltv_id="God TV Europe">God TV Europe</channel>
    <channel update="i" site="tvtid.tv2.dk" site_id="13132" xmltv_id="Radio Klassisk">Radio Klassisk</channel>
    <channel update="i" site="tvtid.tv2.dk" site_id="12791" xmltv_id="Penthouse HD2">Penthouse HD2</channel>
    <channel update="i" site="tvtid.tv2.dk" site_id="10199" xmltv_id="Russia Today (RT)">Russia Today (RT)</channel>
    <channel update="i" site="tvtid.tv2.dk" site_id="11504" xmltv_id="HighTV 3D">HighTV 3D</channel>
    <channel update="i" site="tvtid.tv2.dk" site_id="12790" xmltv_id="Penthouse HD1">Penthouse HD1</channel>
    <channel update="i" site="tvtid.tv2.dk" site_id="10333" xmltv_id="Kanal Nord">Kanal Nord</channel>
    <channel update="i" site="tvtid.tv2.dk" site_id="10340" xmltv_id="Lokal kanalen">Lokal kanalen</channel>
    <channel update="i" site="tvtid.tv2.dk" site_id="12735" xmltv_id="MTV HD">MTV HD</channel>
    <channel update="i" site="tvtid.tv2.dk" site_id="10663" xmltv_id="NHK World">NHK World</channel>
    <channel update="i" site="tvtid.tv2.dk" site_id="12785" xmltv_id="KNR Radio">KNR Radio</channel>
    <channel update="i" site="tvtid.tv2.dk" site_id="10533" xmltv_id="Nickelodeon HD">Nickelodeon HD</channel>
    <channel update="i" site="tvtid.tv2.dk" site_id="12576" xmltv_id="KNR">KNR</channel>
    <channel update="i" site="tvtid.tv2.dk" site_id="12585" xmltv_id="Sky News Arabia">Sky News Arabia</channel>
    <channel update="i" site="tvtid.tv2.dk" site_id="10037" xmltv_id="Sky Sports 1">Sky Sports 1</channel>
    <channel update="i" site="tvtid.tv2.dk" site_id="10477" xmltv_id="SydDanskTV">SydDanskTV</channel>
    <channel update="i" site="tvtid.tv2.dk" site_id="244" xmltv_id="The Adult channel">The Adult channel</channel>
    <channel update="i" site="tvtid.tv2.dk" site_id="11715" xmltv_id="TLC Danmark HD">TLC Danmark HD</channel>
    <channel update="i" site="tvtid.tv2.dk" site_id="11744" xmltv_id="TNT HD">TNT HD</channel>
    <channel update="i" site="tvtid.tv2.dk" site_id="10527" xmltv_id="24 Nordjyske">24 Nordjyske</channel>
    <channel update="i" site="tvtid.tv2.dk" site_id="12463" xmltv_id="C More Series HD">C More Series HD</channel>
    <channel update="i" site="tvtid.tv2.dk" site_id="12384" xmltv_id="Canal 9 HD">Canal 9 HD</channel>
    <channel update="i" site="tvtid.tv2.dk" site_id="11413" xmltv_id="BBC Arabic">BBC Arabic</channel>
    <channel update="i" site="tvtid.tv2.dk" site_id="10772" xmltv_id="BBC Four">BBC Four</channel>
    <channel update="i" site="tvtid.tv2.dk" site_id="10116" xmltv_id="Al Jazeera">Al Jazeera</channel>
    <channel update="i" site="tvtid.tv2.dk" site_id="10778" xmltv_id="BBC News">BBC News</channel>
    <channel update="i" site="tvtid.tv2.dk" site_id="30" xmltv_id="Bloomberg Television">Bloomberg Television</channel>
    <channel update="i" site="tvtid.tv2.dk" site_id="11207" xmltv_id="Al Jazeera">Al Jazeera</channel>
    <channel update="i" site="tvtid.tv2.dk" site_id="10063" xmltv_id="Blue Hustler">Blue Hustler</channel>
    <channel update="i" site="tvtid.tv2.dk" site_id="10238" xmltv_id="Dantoto">Dantoto</channel>
    <channel update="i" site="tvtid.tv2.dk" site_id="12794" xmltv_id="Discovery Channel HD">Discovery Channel HD</channel>
    <channel update="i" site="tvtid.tv2.dk" site_id="12513" xmltv_id="DK4 HD">DK4 HD</channel>
    <channel update="i" site="tvtid.tv2.dk" site_id="12050" xmltv_id="DR1 HD">DR1 HD</channel>
    <channel update="i" site="tvtid.tv2.dk" site_id="12008" xmltv_id="TV 2 Nord Salto HD">TV 2 Nord Salto HD</channel>
    <channel update="i" site="tvtid.tv2.dk" site_id="10466" xmltv_id="DR1Syn">DR1Syn</channel>
    <channel update="i" site="tvtid.tv2.dk" site_id="10058" xmltv_id="Motors TV">Motors TV</channel>
    <channel update="i" site="tvtid.tv2.dk" site_id="12007" xmltv_id="TV ØST HD">TV ØST HD</channel>
    <channel update="i" site="tvtid.tv2.dk" site_id="13094" xmltv_id="Viasat Explore HD">Viasat Explore HD</channel>
    <channel update="i" site="tvtid.tv2.dk" site_id="13222" xmltv_id="Sky Sports News HD">Sky Sports News HD</channel>
    <channel update="i" site="tvtid.tv2.dk" site_id="10417" xmltv_id="Sky News HD">Sky News HD</channel>
    <channel update="i" site="tvtid.tv2.dk" site_id="15049" xmltv_id="Investigation Discovery">Investigation Discovery</channel>
    <channel update="i" site="tvtid.tv2.dk" site_id="13092" xmltv_id="Viasat History HD">Viasat History HD</channel>
    <channel update="i" site="tvtid.tv2.dk" site_id="10478" xmltv_id="TV Chile">TV Chile</channel>
    <channel update="i" site="tvtid.tv2.dk" site_id="15129" xmltv_id="Comedy Central">Comedy Central</channel>
    <channel update="i" site="tvtid.tv2.dk" site_id="10344" xmltv_id="TV 2 Sport HD">TV 2 Sport HD</channel>
    <channel update="i" site="tvtid.tv2.dk" site_id="216" xmltv_id="CNBC">CNBC</channel>
    <channel update="i" site="tvtid.tv2.dk" site_id="10043" xmltv_id="Sky Sports News">Sky Sports News</channel>
    <channel update="i" site="tvtid.tv2.dk" site_id="12006" xmltv_id="TV 2 Fyn HD">TV 2 Fyn HD</channel>
    <channel update="i" site="tvtid.tv2.dk" site_id="15032" xmltv_id="Nat Geo People">Nat Geo People</channel>
    <channel update="i" site="tvtid.tv2.dk" site_id="10343" xmltv_id="Kanal 5 HD">Kanal 5 HD</channel>
    <channel update="i" site="tvtid.tv2.dk" site_id="10461" xmltv_id="6'eren HD">6'eren HD</channel>
    <channel update="i" site="tvtid.tv2.dk" site_id="13093" xmltv_id="Viasat Nature HD">Viasat Nature HD</channel>
    <channel update="i" site="tvtid.tv2.dk" site_id="10163" xmltv_id="HISTORY HD">HISTORY HD</channel>
    <channel update="i" site="tvtid.tv2.dk" site_id="12737" xmltv_id="TV 2 Fri HD">TV 2 Fri HD</channel>
    <channel update="i" site="tvtid.tv2.dk" site_id="10314" xmltv_id="Eurosport 2 HD">Eurosport 2 HD</channel>
    <channel update="i" site="tvtid.tv2.dk" site_id="13320" xmltv_id="Eurosport 2 HD">Eurosport 2 HD</channel>
  </channels>
</site>