﻿<?xml version="1.0" encoding="UTF-8"?>
<site generator-info-name="WebGrab+Plus/w MDB &amp; REX Postprocess -- version V2.1.11.1 -- Jan van Straaten" site="viasat.dk">
  <channels>
    <channel update="i" site="viasat.dk.E" site_id="0344" xmltv_id="Aljazeera">Aljazeera</channel>
    <channel update="i" site="viasat.dk.E" site_id="0016" xmltv_id="BBC World News">BBC World News</channel>
    <channel update="i" site="viasat.dk.E" site_id="0017" xmltv_id="Boomerang">Boomerang</channel>
    <channel update="i" site="viasat.dk.E" site_id="0368" xmltv_id="Canal9">Canal9</channel>
    <channel update="i" site="viasat.dk.E" site_id="0028" xmltv_id="Cartoon Network">Cartoon Network</channel>
    <channel update="i" site="viasat.dk.E" site_id="0032" xmltv_id="CNBC">CNBC</channel>
    <channel update="i" site="viasat.dk.E" site_id="0033" xmltv_id="CNN">CNN</channel>
    <channel update="i" site="viasat.dk.E" site_id="0037" xmltv_id="Disney Channel Nordic">Disney Channel Nordic</channel>
    <channel update="i" site="viasat.dk.E" site_id="0307" xmltv_id="Disney Junior">Disney Junior</channel>
    <channel update="i" site="viasat.dk.E" site_id="38" xmltv_id="Disney XD Nordic">Disney XD Nordic</channel>
    <channel update="i" site="viasat.dk.E" site_id="0376" xmltv_id="dk4">dk4</channel>
    <channel update="i" site="viasat.dk.E" site_id="0048" xmltv_id="DR Ramasjang">DR Ramasjang</channel>
    <channel update="i" site="viasat.dk.E" site_id="0049" xmltv_id="DR Ultra">DR Ultra</channel>
    <channel update="i" site="viasat.dk.E" site_id="0044" xmltv_id="DR-K">DR-K</channel>
    <channel update="i" site="viasat.dk.E" site_id="452" xmltv_id="DR1">DR1</channel>
    <channel update="i" site="viasat.dk.E" site_id="0051" xmltv_id="DR2">DR2</channel>
    <channel update="i" site="viasat.dk.E" site_id="0043" xmltv_id="DR3 (HD)">DR3 (HD)</channel>
    <channel update="i" site="viasat.dk.E" site_id="521" xmltv_id="eSport HD">eSport HD</channel>
    <channel update="i" site="viasat.dk.E" site_id="0281" xmltv_id="Euronews">Euronews</channel>
    <channel update="i" site="viasat.dk.E" site_id="0367" xmltv_id="Eurosport 2">Eurosport 2</channel>
    <channel update="i" site="viasat.dk.E" site_id="0058" xmltv_id="God TV">God TV</channel>
    <channel update="i" site="viasat.dk.E" site_id="0064" xmltv_id="Kanal 4">Kanal 4</channel>
    <channel update="i" site="viasat.dk.E" site_id="0065" xmltv_id="Kanal 5">Kanal 5</channel>
    <channel update="i" site="viasat.dk.E" site_id="0076" xmltv_id="MTV">MTV</channel>
    <channel update="i" site="viasat.dk.E" site_id="0077" xmltv_id="MTV Hits">MTV Hits</channel>
    <channel update="i" site="viasat.dk.E" site_id="0317" xmltv_id="National Geographic">National Geographic</channel>
    <channel update="i" site="viasat.dk.E" site_id="0083" xmltv_id="National Geographic HD">National Geographic HD</channel>
    <channel update="i" site="viasat.dk.E" site_id="0082" xmltv_id="National Geographic WILD">National Geographic WILD</channel>
    <channel update="i" site="viasat.dk.E" site_id="558" xmltv_id="National Geographic WILD HD">National Geographic WILD HD</channel>
    <channel update="i" site="viasat.dk.E" site_id="0031" xmltv_id="NHK World Japan">NHK World Japan</channel>
    <channel update="i" site="viasat.dk.E" site_id="0088" xmltv_id="Nick jr.">Nick jr.</channel>
    <channel update="i" site="viasat.dk.E" site_id="0087" xmltv_id="Nickelodeon">Nickelodeon</channel>
    <channel update="i" site="viasat.dk.E" site_id="570" xmltv_id="Nicktoons">Nicktoons</channel>
    <channel update="i" site="viasat.dk.E" site_id="0090" xmltv_id="NRK1">NRK1</channel>
    <channel update="i" site="viasat.dk.E" site_id="450" xmltv_id="Paramount">Paramount</channel>
    <channel update="i" site="viasat.dk.E" site_id="0097" xmltv_id="Playboy TV">Playboy TV</channel>
    <channel update="i" site="viasat.dk.E" site_id="0112" xmltv_id="Russia Today">Russia Today</channel>
    <channel update="i" site="viasat.dk.E" site_id="0008" xmltv_id="Sky News">Sky News</channel>
    <channel update="i" site="viasat.dk.E" site_id="0121" xmltv_id="SVT1">SVT1</channel>
    <channel update="i" site="viasat.dk.E" site_id="0188" xmltv_id="TV 2 Lorry">TV 2 Lorry</channel>
    <channel update="i" site="viasat.dk.E" site_id="0179" xmltv_id="TV 2 Bornholm">TV 2 Bornholm</channel>
    <channel update="i" site="viasat.dk.E" site_id="0180" xmltv_id="TV 2 Charlie">TV 2 Charlie</channel>
    <channel update="i" site="viasat.dk.E" site_id="0378" xmltv_id="TV 2 fri HD">TV 2 fri HD</channel>
    <channel update="i" site="viasat.dk.E" site_id="0186" xmltv_id="TV 2 Fyn">TV 2 Fyn</channel>
    <channel update="i" site="viasat.dk.E" site_id="0297" xmltv_id="TV 2 HD">TV 2 HD</channel>
    <channel update="i" site="viasat.dk.E" site_id="0189" xmltv_id="TV 2 Midtvest">TV 2 Midtvest</channel>
    <channel update="i" site="viasat.dk.E" site_id="0190" xmltv_id="TV 2 News">TV 2 News</channel>
    <channel update="i" site="viasat.dk.E" site_id="0191" xmltv_id="TV 2 Nord">TV 2 Nord</channel>
    <channel update="i" site="viasat.dk.E" site_id="454" xmltv_id="TV 2 Sport HD">TV 2 Sport HD</channel>
    <channel update="i" site="viasat.dk.E" site_id="0158" xmltv_id="TV Chile">TV Chile</channel>
    <channel update="i" site="viasat.dk.E" site_id="0212" xmltv_id="TV2 OJ">TV2 OJ</channel>
    <channel update="i" site="viasat.dk.E" site_id="0208" xmltv_id="TV2 Syd">TV2 Syd</channel>
    <channel update="i" site="viasat.dk.E" site_id="0209" xmltv_id="TV2 Zulu">TV2 Zulu</channel>
    <channel update="i" site="viasat.dk.E" site_id="0211" xmltv_id="TV2 Øst">TV2 Øst</channel>
    <channel update="i" site="viasat.dk.E" site_id="0359" xmltv_id="TV3 HD">TV3 HD</channel>
    <channel update="i" site="viasat.dk.E" site_id="0374" xmltv_id="TV3 MAX HD">TV3 MAX HD</channel>
    <channel update="i" site="viasat.dk.E" site_id="665" xmltv_id="TV3 Puls">TV3 Puls</channel>
    <channel update="i" site="viasat.dk.E" site_id="0200" xmltv_id="TV3 SPORT HD">TV3 SPORT HD</channel>
    <channel update="i" site="viasat.dk.E" site_id="0248" xmltv_id="TV3+">TV3+</channel>
    <channel update="i" site="viasat.dk.E" site_id="0227" xmltv_id="TV4 Sverige">TV4 Sverige</channel>
    <channel update="i" site="viasat.dk.E" site_id="0246" xmltv_id="Vh1">Vh1</channel>
    <channel update="i" site="viasat.dk.E" site_id="0358" xmltv_id="Viasat Explore HD">Viasat Explore HD</channel>
    <channel update="i" site="viasat.dk.E" site_id="0299" xmltv_id="Viasat Film Action">Viasat Film Action</channel>
    <channel update="i" site="viasat.dk.E" site_id="0308" xmltv_id="Viasat Film Family">Viasat Film Family</channel>
    <channel update="i" site="viasat.dk.E" site_id="0322" xmltv_id="Viasat Film Hits">Viasat Film Hits</channel>
    <channel update="i" site="viasat.dk.E" site_id="0321" xmltv_id="Viasat Film Premiere HD">Viasat Film Premiere HD</channel>
    <channel update="i" site="viasat.dk.E" site_id="0364" xmltv_id="Viasat Golf HD">Viasat Golf HD</channel>
    <channel update="i" site="viasat.dk.E" site_id="0357" xmltv_id="Viasat History HD">Viasat History HD</channel>
    <channel update="i" site="viasat.dk.E" site_id="0250" xmltv_id="Viasat Nature HD">Viasat Nature HD</channel>
    <channel update="i" site="viasat.dk.E" site_id="0320" xmltv_id="Viasat Series">Viasat Series</channel>
    <channel update="i" site="viasat.dk.E" site_id="418" xmltv_id="Viasat Ultra HD">Viasat Ultra HD</channel>
    <channel update="i" site="viasat.dk.E" site_id="0255" xmltv_id="Viasat Xtra">Viasat Xtra</channel>
    <channel update="i" site="viasat.dk.E" site_id="707" xmltv_id="Xee">Xee</channel>
  </channels>
</site>