﻿<?xml version="1.0" encoding="UTF-8"?>
<site generator-info-name="WebGrab+Plus/w MDB &amp; REX Postprocess -- version V3.0.0.23 -- Jan van Straaten" site="o2tv.cz">
  <channels>
    <channel update="i" site="o2tv.cz.E" site_id="ČT1 HD" xmltv_id="ČT1 HD">ČT1 HD</channel>
    <channel update="i" site="o2tv.cz.E" site_id="ČT2 HD" xmltv_id="ČT2 HD">ČT2 HD</channel>
    <channel update="i" site="o2tv.cz.E" site_id="Nova HD" xmltv_id="Nova HD">Nova HD</channel>
    <channel update="i" site="o2tv.cz.E" site_id="Prima HD" xmltv_id="Prima HD">Prima HD</channel>
    <channel update="i" site="o2tv.cz.E" site_id="O2 Sport" xmltv_id="O2TV SPORT HD">O2TV SPORT HD</channel>
    <channel update="i" site="o2tv.cz.E" site_id="Prima Cool HD" xmltv_id="Prima Cool HD">Prima Cool HD</channel>
    <channel update="i" site="o2tv.cz.E" site_id="Prima LOVE HD" xmltv_id="Prima LOVE HD">Prima LOVE HD</channel>
    <channel update="i" site="o2tv.cz.E" site_id="Prima ZOOM HD" xmltv_id="Prima ZOOM HD">Prima ZOOM HD</channel>
    <channel update="i" site="o2tv.cz.E" site_id="Prima MAX HD" xmltv_id="Prima MAX HD">Prima MAX HD</channel>
    <channel update="i" site="o2tv.cz.E" site_id="Televize Seznam HD" xmltv_id="Televize Seznam HD">Televize Seznam HD</channel>
    <channel update="i" site="o2tv.cz.E" site_id="ČT24 HD" xmltv_id="ČT24 HD">ČT24 HD</channel>
    <channel update="i" site="o2tv.cz.E" site_id="O2 Info" xmltv_id="O2TV Info HD">O2TV Info HD</channel>
    <channel update="i" site="o2tv.cz.E" site_id="Prima Comedy Central" xmltv_id="Prima Comedy Central">Prima Comedy Central</channel>
    <channel update="i" site="o2tv.cz.E" site_id="Prima Krimi HD" xmltv_id="Prima Krimi HD">Prima Krimi HD</channel>
    <channel update="i" site="o2tv.cz.E" site_id="CT3HD" xmltv_id="ČT3 HD">ČT3 HD</channel>
    <channel update="i" site="o2tv.cz.E" site_id="Barrandov HD" xmltv_id="TV Barrandov HD">TV Barrandov HD</channel>
    <channel update="i" site="o2tv.cz.E" site_id="HBO HD" xmltv_id="HBO HD">HBO HD</channel>
    <channel update="i" site="o2tv.cz.E" site_id="HBO2 HD" xmltv_id="HBO2 HD">HBO2 HD</channel>
    <channel update="i" site="o2tv.cz.E" site_id="HBO3 HD" xmltv_id="HBO3 HD">HBO3 HD</channel>
    <channel update="i" site="o2tv.cz.E" site_id="Cinemax HD" xmltv_id="Cinemax HD">Cinemax HD</channel>
    <channel update="i" site="o2tv.cz.E" site_id="Cinemax 2 HD" xmltv_id="Cinemax 2 HD">Cinemax 2 HD</channel>
    <channel update="i" site="o2tv.cz.E" site_id="AMC HD" xmltv_id="AMC HD">AMC HD</channel>
    <channel update="i" site="o2tv.cz.E" site_id="CS Film" xmltv_id="CS Film">CS Film</channel>
    <channel update="i" site="o2tv.cz.E" site_id="Filmbox Premium HD" xmltv_id="Filmbox Premium HD">Filmbox Premium HD</channel>
    <channel update="i" site="o2tv.cz.E" site_id="Filmbox Extra HD" xmltv_id="FilmBox Extra HD">FilmBox Extra HD</channel>
    <channel update="i" site="o2tv.cz.E" site_id="Filmbox" xmltv_id="Filmbox HD">Filmbox HD</channel>
    <channel update="i" site="o2tv.cz.E" site_id="FilmBox Plus" xmltv_id="FilmBox Plus">FilmBox Plus</channel>
    <channel update="i" site="o2tv.cz.E" site_id="Filmbox Family" xmltv_id="Filmbox Family">Filmbox Family</channel>
    <channel update="i" site="o2tv.cz.E" site_id="Nova Cinema HD" xmltv_id="Nova Cinema HD">Nova Cinema HD</channel>
    <channel update="i" site="o2tv.cz.E" site_id="Nova 2 HD" xmltv_id="Nova 2 HD">Nova 2 HD</channel>
    <channel update="i" site="o2tv.cz.E" site_id="Nova Gold HD" xmltv_id="Nova GOLD HD">Nova GOLD HD</channel>
    <channel update="i" site="o2tv.cz.E" site_id="Epic Drama HD" xmltv_id="Epic Drama HD">Epic Drama HD</channel>
    <channel update="i" site="o2tv.cz.E" site_id="Film Europe HD" xmltv_id="Film Europe HD">Film Europe HD</channel>
    <channel update="i" site="o2tv.cz.E" site_id="Československo / Festival HD" xmltv_id="Československo / Be2Can HD">Československo / Be2Can HD</channel>
    <channel update="i" site="o2tv.cz.E" site_id="JoJ Cinema HD" xmltv_id="JoJ Cinema HD">JoJ Cinema HD</channel>
    <channel update="i" site="o2tv.cz.E" site_id="Film+ HD" xmltv_id="Film+ HD">Film+ HD</channel>
    <channel update="i" site="o2tv.cz.E" site_id="Nova Action HD" xmltv_id="Nova ACTION HD">Nova ACTION HD</channel>
    <channel update="i" site="o2tv.cz.E" site_id="HOROR FILM" xmltv_id="CS Horror">CS Horror</channel>
    <channel update="i" site="o2tv.cz.E" site_id="STV1" xmltv_id="Jednotka">Jednotka</channel>
    <channel update="i" site="o2tv.cz.E" site_id="JoJ Family HD" xmltv_id="JoJ Family HD">JoJ Family HD</channel>
    <channel update="i" site="o2tv.cz.E" site_id="KINO Barrandov" xmltv_id="Kino Barrandov">Kino Barrandov</channel>
    <channel update="i" site="o2tv.cz.E" site_id="Barrandov Plus" xmltv_id="Krimi Barrandov">Krimi Barrandov</channel>
    <channel update="i" site="o2tv.cz.E" site_id="National Geographic" xmltv_id="National Geographic">National Geographic</channel>
    <channel update="i" site="o2tv.cz.E" site_id="NatGeo Wild HD" xmltv_id="Nat Geo WILD HD">Nat Geo WILD HD</channel>
    <channel update="i" site="o2tv.cz.E" site_id="Viasat Explore" xmltv_id="Viasat Explore HD">Viasat Explore HD</channel>
    <channel update="i" site="o2tv.cz.E" site_id="Viasat History" xmltv_id="Viasat History HD">Viasat History HD</channel>
    <channel update="i" site="o2tv.cz.E" site_id="Viasat Nature" xmltv_id="Viasat Nature HD">Viasat Nature HD</channel>
    <channel update="i" site="o2tv.cz.E" site_id="Discovery" xmltv_id="Discovery">Discovery</channel>
    <channel update="i" site="o2tv.cz.E" site_id="Discovery HD Showcase" xmltv_id="Discovery HD Showcase">Discovery HD Showcase</channel>
    <channel update="i" site="o2tv.cz.E" site_id="Discovery Science" xmltv_id="Discovery Science">Discovery Science</channel>
    <channel update="i" site="o2tv.cz.E" site_id="Investigation Discovery" xmltv_id="Investigation Discovery">Investigation Discovery</channel>
    <channel update="i" site="o2tv.cz.E" site_id="Animal Planet HD" xmltv_id="Animal Planet HD">Animal Planet HD</channel>
    <channel update="i" site="o2tv.cz.E" site_id="Spektrum HD" xmltv_id="Spektrum HD">Spektrum HD</channel>
    <channel update="i" site="o2tv.cz.E" site_id="History" xmltv_id="History">History</channel>
    <channel update="i" site="o2tv.cz.E" site_id="O2 Sport HD" xmltv_id="O2TV Sport HD">O2TV Sport HD</channel>
    <channel update="i" site="o2tv.cz.E" site_id="O2 Fotbal HD" xmltv_id="O2TV Fotbal HD">O2TV Fotbal HD</channel>
    <channel update="i" site="o2tv.cz.E" site_id="O2 Tenis HD" xmltv_id="O2TV Tenis HD">O2TV Tenis HD</channel>
    <channel update="i" site="o2tv.cz.E" site_id="PremierSportHD" xmltv_id="Premier Sport HD">Premier Sport HD</channel>
    <channel update="i" site="o2tv.cz.E" site_id="ČT sport HD" xmltv_id="ČT sport HD">ČT sport HD</channel>
    <channel update="i" site="o2tv.cz.E" site_id="Eurosport 1 HD" xmltv_id="Eurosport 1 HD">Eurosport 1 HD</channel>
    <channel update="i" site="o2tv.cz.E" site_id="Eurosport 2 HD" xmltv_id="Eurosport 2 HD">Eurosport 2 HD</channel>
    <channel update="i" site="o2tv.cz.E" site_id="Sport1 HD" xmltv_id="Sport1 HD">Sport1 HD</channel>
    <channel update="i" site="o2tv.cz.E" site_id="Sport2 HD" xmltv_id="Sport2 HD">Sport2 HD</channel>
    <channel update="i" site="o2tv.cz.E" site_id="Sport3" xmltv_id="Sport3">Sport3</channel>
    <channel update="i" site="o2tv.cz.E" site_id="Nova Sport 1 HD" xmltv_id="Nova Sport 1 HD">Nova Sport 1 HD</channel>
    <channel update="i" site="o2tv.cz.E" site_id="Nova Sport 2 HD" xmltv_id="Nova Sport 2 HD">Nova Sport 2 HD</channel>
    <channel update="i" site="o2tv.cz.E" site_id="Sport5" xmltv_id="Sport5">Sport5</channel>
    <channel update="i" site="o2tv.cz.E" site_id="Golf Channel HD" xmltv_id="Golf Channel HD">Golf Channel HD</channel>
    <channel update="i" site="o2tv.cz.E" site_id="Disney Channel" xmltv_id="Disney Channel">Disney Channel</channel>
    <channel update="i" site="o2tv.cz.E" site_id="Nickelodeon" xmltv_id="Nickelodeon">Nickelodeon</channel>
    <channel update="i" site="o2tv.cz.E" site_id="Nick Jr." xmltv_id="Nick Jr.">Nick Jr.</channel>
    <channel update="i" site="o2tv.cz.E" site_id="Minimax" xmltv_id="Minimax">Minimax</channel>
    <channel update="i" site="o2tv.cz.E" site_id="Nicktoons" xmltv_id="Nicktoons">Nicktoons</channel>
    <channel update="i" site="o2tv.cz.E" site_id="JimJam" xmltv_id="JimJam">JimJam</channel>
    <channel update="i" site="o2tv.cz.E" site_id="Cartoon Network" xmltv_id="Cartoon Network HD">Cartoon Network HD</channel>
    <channel update="i" site="o2tv.cz.E" site_id="Boomerang" xmltv_id="Boomerang">Boomerang</channel>
    <channel update="i" site="o2tv.cz.E" site_id="ducktv" xmltv_id="ducktv">ducktv</channel>
    <channel update="i" site="o2tv.cz.E" site_id="ČT :D HD / ČT art HD" xmltv_id="ČT :D HD / ČT art HD">ČT :D HD / ČT art HD</channel>
    <channel update="i" site="o2tv.cz.E" site_id="LalaTV" xmltv_id="Lala TV">Lala TV</channel>
    <channel update="i" site="o2tv.cz.E" site_id="Food network" xmltv_id="Food network">Food network</channel>
    <channel update="i" site="o2tv.cz.E" site_id="TLC" xmltv_id="TLC">TLC</channel>
    <channel update="i" site="o2tv.cz.E" site_id="Spektrum HOME" xmltv_id="Spektrum HOME">Spektrum HOME</channel>
    <channel update="i" site="o2tv.cz.E" site_id="TV Paprika" xmltv_id="TV Paprika">TV Paprika</channel>
    <channel update="i" site="o2tv.cz.E" site_id="Mňam TV" xmltv_id="Mňam TV">Mňam TV</channel>
    <channel update="i" site="o2tv.cz.E" site_id="AutoMotorSport HD" xmltv_id="Auto Motor Sport HD">Auto Motor Sport HD</channel>
    <channel update="i" site="o2tv.cz.E" site_id="Fashion TV" xmltv_id="Fashion TV">Fashion TV</channel>
    <channel update="i" site="o2tv.cz.E" site_id="Fishing &amp; Hunting" xmltv_id="Fishing and Hunting">Fishing and Hunting</channel>
    <channel update="i" site="o2tv.cz.E" site_id="Ginx" xmltv_id="GINX Esports TV HD">GINX Esports TV HD</channel>
    <channel update="i" site="o2tv.cz.E" site_id="Šlágr TV" xmltv_id="Šlágr TV">Šlágr TV</channel>
    <channel update="i" site="o2tv.cz.E" site_id="Óčko Gold" xmltv_id="Óčko Star">Óčko Star</channel>
    <channel update="i" site="o2tv.cz.E" site_id="Óčko" xmltv_id="Óčko HD">Óčko HD</channel>
    <channel update="i" site="o2tv.cz.E" site_id="MTV" xmltv_id="MTV">MTV</channel>
    <channel update="i" site="o2tv.cz.E" site_id="Retro Music TV" xmltv_id="Retro Music TV">Retro Music TV</channel>
    <channel update="i" site="o2tv.cz.E" site_id="VH1" xmltv_id="VH1">VH1</channel>
    <channel update="i" site="o2tv.cz.E" site_id="VH1 Classic" xmltv_id="VH1 Classic">VH1 Classic</channel>
    <channel update="i" site="o2tv.cz.E" site_id="MTV Dance" xmltv_id="MTV Dance">MTV Dance</channel>
    <channel update="i" site="o2tv.cz.E" site_id="MTV Rocks" xmltv_id="MTV Rocks">MTV Rocks</channel>
    <channel update="i" site="o2tv.cz.E" site_id="C Music TV" xmltv_id="STINGRAY CMUSIC">STINGRAY CMUSIC</channel>
    <channel update="i" site="o2tv.cz.E" site_id="Óčko Expres" xmltv_id="Óčko Expres">Óčko Expres</channel>
    <channel update="i" site="o2tv.cz.E" site_id="Mezzo" xmltv_id="Mezzo">Mezzo</channel>
    <channel update="i" site="o2tv.cz.E" site_id="CNN" xmltv_id="CNN">CNN</channel>
    <channel update="i" site="o2tv.cz.E" site_id="BBC World News" xmltv_id="BBC World News">BBC World News</channel>
    <channel update="i" site="o2tv.cz.E" site_id="TA3" xmltv_id="TA3">TA3</channel>
    <channel update="i" site="o2tv.cz.E" site_id="Bloomberg" xmltv_id="Bloomberg">Bloomberg</channel>
    <channel update="i" site="o2tv.cz.E" site_id="FRANCE 24" xmltv_id="FRANCE 24">FRANCE 24</channel>
    <channel update="i" site="o2tv.cz.E" site_id="Deutsche Welle" xmltv_id="Deutsche Welle">Deutsche Welle</channel>
    <channel update="i" site="o2tv.cz.E" site_id="France 24 Eng" xmltv_id="France 24 Eng">France 24 Eng</channel>
    <channel update="i" site="o2tv.cz.E" site_id="Al Jazeera" xmltv_id="Al Jazeera">Al Jazeera</channel>
    <channel update="i" site="o2tv.cz.E" site_id="TNT" xmltv_id="TNT">TNT</channel>
    <channel update="i" site="o2tv.cz.E" site_id="TV1000 Ruskoe Kino" xmltv_id="TV1000 Ruskoe Kino">TV1000 Ruskoe Kino</channel>
    <channel update="i" site="o2tv.cz.E" site_id="RTL" xmltv_id="RTL">RTL</channel>
    <channel update="i" site="o2tv.cz.E" site_id="RTL II" xmltv_id="RTL II">RTL II</channel>
    <channel update="i" site="o2tv.cz.E" site_id="CH1 Russia" xmltv_id="CH1 Russia">CH1 Russia</channel>
    <channel update="i" site="o2tv.cz.E" site_id="VOX" xmltv_id="VOX">VOX</channel>
    <channel update="i" site="o2tv.cz.E" site_id="RAI 1" xmltv_id="RAI 1">RAI 1</channel>
    <channel update="i" site="o2tv.cz.E" site_id="TVE" xmltv_id="TVE">TVE</channel>
    <channel update="i" site="o2tv.cz.E" site_id="TVP Polonia" xmltv_id="TVP Polonia">TVP Polonia</channel>
    <channel update="i" site="o2tv.cz.E" site_id="VTV 1" xmltv_id="VTV 1">VTV 1</channel>
    <channel update="i" site="o2tv.cz.E" site_id="VTV 3" xmltv_id="VTV 3">VTV 3</channel>
    <channel update="i" site="o2tv.cz.E" site_id="NetViet VT 10" xmltv_id="NetViet VT 10">NetViet VT 10</channel>
    <channel update="i" site="o2tv.cz.E" site_id="ČT1 Sever" xmltv_id="ČT1 Sever">ČT1 Sever</channel>
    <channel update="i" site="o2tv.cz.E" site_id="ČT1 Jih" xmltv_id="ČT1 Jih">ČT1 Jih</channel>
    <channel update="i" site="o2tv.cz.E" site_id="TV Noe" xmltv_id="TV Noe">TV Noe</channel>
    <channel update="i" site="o2tv.cz.E" site_id="RELAX" xmltv_id="Relax">Relax</channel>
    <channel update="i" site="o2tv.cz.E" site_id="Rebel" xmltv_id="Rebel">Rebel</channel>
    <channel update="i" site="o2tv.cz.E" site_id="Slušnej kanál" xmltv_id="REBEL 2 Slušnej kanál">REBEL 2 Slušnej kanál</channel>
    <channel update="i" site="o2tv.cz.E" site_id="TV JOJ" xmltv_id="TV JOJ">TV JOJ</channel>
    <channel update="i" site="o2tv.cz.E" site_id="Praha TV" xmltv_id="Praha TV">Praha TV</channel>
    <channel update="i" site="o2tv.cz.E" site_id="Letiste" xmltv_id="Mall.TV">Mall.TV</channel>
    <channel update="i" site="o2tv.cz.E" site_id="ČRo Radiovideo" xmltv_id="ČRo Radiožurnál">ČRo Radiožurnál</channel>
    <channel update="i" site="o2tv.cz.E" site_id="ČRo Radio Wave video" xmltv_id="ČRo Radio Wave">ČRo Radio Wave</channel>
    <channel update="i" site="o2tv.cz.E" site_id="O2 Sport1 HD" xmltv_id="O2TV Sport1 HD">O2TV Sport1 HD</channel>
    <channel update="i" site="o2tv.cz.E" site_id="O2 Sport2 HD" xmltv_id="O2TV Sport2 HD">O2TV Sport2 HD</channel>
    <channel update="i" site="o2tv.cz.E" site_id="O2 Sport3 HD" xmltv_id="O2TV Sport3 HD">O2TV Sport3 HD</channel>
    <channel update="i" site="o2tv.cz.E" site_id="O2 Sport4 HD" xmltv_id="O2TV Sport4 HD">O2TV Sport4 HD</channel>
    <channel update="i" site="o2tv.cz.E" site_id="O2 Sport5 HD" xmltv_id="O2TV Sport5 HD">O2TV Sport5 HD</channel>
    <channel update="i" site="o2tv.cz.E" site_id="O2 Sport6 HD" xmltv_id="O2TV Sport6 HD">O2TV Sport6 HD</channel>
    <channel update="i" site="o2tv.cz.E" site_id="O2 Sport7 HD" xmltv_id="O2TV Sport7 HD">O2TV Sport7 HD</channel>
    <channel update="i" site="o2tv.cz.E" site_id="O2 Sport8 HD" xmltv_id="O2TV Sport8 HD">O2TV Sport8 HD</channel>
    <channel update="i" site="o2tv.cz.E" site_id="KRB" xmltv_id="KRB">KRB</channel>
    <channel update="i" site="o2tv.cz.E" site_id="Africké nebe" xmltv_id="Africké nebe">Africké nebe</channel>
    <channel update="i" site="o2tv.cz.E" site_id="Akvárium" xmltv_id="Akvárium">Akvárium</channel>
  </channels>
</site>