﻿<?xml version="1.0" encoding="UTF-8"?>
<site generator-info-name="WebGrab+Plus/w MDB &amp; REX Postprocess -- version V3.0.3.2 -- Jan van Straaten" site="programy-tv.cz">
  <channels>
    <channel update="i" site="programy-tv.cz" site_id="16639419" xmltv_id="360 TUNE BOX HD">360 TUNE BOX HD</channel>
    <channel update="i" site="programy-tv.cz" site_id="25220" xmltv_id="3SAT">3SAT</channel>
    <channel update="i" site="programy-tv.cz" site_id="16639638" xmltv_id="4 FILM (HU)">4 FILM (HU)</channel>
    <channel update="i" site="programy-tv.cz" site_id="16639696" xmltv_id="ADVENTURE TV">ADVENTURE TV</channel>
    <channel update="i" site="programy-tv.cz" site_id="5967928" xmltv_id="AL JAZEERA">AL JAZEERA</channel>
    <channel update="i" site="programy-tv.cz" site_id="3143541" xmltv_id="AMC CHANNEL">AMC CHANNEL</channel>
    <channel update="i" site="programy-tv.cz" site_id="16635609" xmltv_id="AMC CHANNEL (HU)">AMC CHANNEL (HU)</channel>
    <channel update="i" site="programy-tv.cz" site_id="16639439" xmltv_id="AMS">AMS</channel>
    <channel update="i" site="programy-tv.cz" site_id="16635633" xmltv_id="AMS (DE)">AMS (DE)</channel>
    <channel update="i" site="programy-tv.cz" site_id="25206" xmltv_id="ANIMAL PLANET">ANIMAL PLANET</channel>
    <channel update="i" site="programy-tv.cz" site_id="25221" xmltv_id="ARD (Das Erste)">ARD (Das Erste)</channel>
    <channel update="i" site="programy-tv.cz" site_id="16635546" xmltv_id="ARENA SPORT 1">ARENA SPORT 1</channel>
    <channel update="i" site="programy-tv.cz" site_id="16635657" xmltv_id="ARENA SPORT 2">ARENA SPORT 2</channel>
    <channel update="i" site="programy-tv.cz" site_id="16639507" xmltv_id="ARIRANG">ARIRANG</channel>
    <channel update="i" site="programy-tv.cz" site_id="279686" xmltv_id="ARTE">ARTE</channel>
    <channel update="i" site="programy-tv.cz" site_id="279687" xmltv_id="AXN">AXN</channel>
    <channel update="i" site="programy-tv.cz" site_id="4393978" xmltv_id="AXN BLACK">AXN BLACK</channel>
    <channel update="i" site="programy-tv.cz" site_id="16635544" xmltv_id="AXN HD">AXN HD</channel>
    <channel update="i" site="programy-tv.cz" site_id="4393979" xmltv_id="AXN WHITE">AXN WHITE</channel>
    <channel update="i" site="programy-tv.cz" site_id="16639443" xmltv_id="BARRANDOV KINO">BARRANDOV KINO</channel>
    <channel update="i" site="programy-tv.cz" site_id="16639457" xmltv_id="BARRANDOV NEWS">BARRANDOV NEWS</channel>
    <channel update="i" site="programy-tv.cz" site_id="16639442" xmltv_id="BARRANDOV PLUS">BARRANDOV PLUS</channel>
    <channel update="i" site="programy-tv.cz" site_id="16639691" xmltv_id="BBC Earth CZ">BBC Earth CZ</channel>
    <channel update="i" site="programy-tv.cz" site_id="16639692" xmltv_id="BBC Earth ENG">BBC Earth ENG</channel>
    <channel update="i" site="programy-tv.cz" site_id="25244" xmltv_id="BBC WORLD NEWS">BBC WORLD NEWS</channel>
    <channel update="i" site="programy-tv.cz" site_id="16639564" xmltv_id="BLOOMBERG">BLOOMBERG</channel>
    <channel update="i" site="programy-tv.cz" site_id="25248" xmltv_id="BLUE HUSTLER">BLUE HUSTLER</channel>
    <channel update="i" site="programy-tv.cz" site_id="1448417" xmltv_id="BOOMERANG">BOOMERANG</channel>
    <channel update="i" site="programy-tv.cz" site_id="6788129" xmltv_id="BRAZZERS TV">BRAZZERS TV</channel>
    <channel update="i" site="programy-tv.cz" site_id="4692562" xmltv_id="C MUSIC">C MUSIC</channel>
    <channel update="i" site="programy-tv.cz" site_id="16639429" xmltv_id="CARTOON NETWORK">CARTOON NETWORK</channel>
    <channel update="i" site="programy-tv.cz" site_id="25216" xmltv_id="CBS REALITY">CBS REALITY</channel>
    <channel update="i" site="programy-tv.cz" site_id="1402953" xmltv_id="CINEMAX">CINEMAX</channel>
    <channel update="i" site="programy-tv.cz" site_id="2263208" xmltv_id="CINEMAX 2">CINEMAX 2</channel>
    <channel update="i" site="programy-tv.cz" site_id="4504669" xmltv_id="CNBC EUROPE">CNBC EUROPE</channel>
    <channel update="i" site="programy-tv.cz" site_id="25218" xmltv_id="CNN">CNN</channel>
    <channel update="i" site="programy-tv.cz" site_id="16639717" xmltv_id="CNN PRIMA NEWS">CNN PRIMA NEWS</channel>
    <channel update="i" site="programy-tv.cz" site_id="16639411" xmltv_id="COMEDY CENTRAL Extra">COMEDY CENTRAL Extra</channel>
    <channel update="i" site="programy-tv.cz" site_id="16639704" xmltv_id="COMEDY HOUSE CZ">COMEDY HOUSE CZ</channel>
    <channel update="i" site="programy-tv.cz" site_id="16639705" xmltv_id="COMEDY HOUSE SK">COMEDY HOUSE SK</channel>
    <channel update="i" site="programy-tv.cz" site_id="16635600" xmltv_id="CRIME &amp; INVESTIGATION">CRIME &amp; INVESTIGATION</channel>
    <channel update="i" site="programy-tv.cz" site_id="1448413" xmltv_id="CS FILM, MINI">CS FILM, MINI</channel>
    <channel update="i" site="programy-tv.cz" site_id="16635595" xmltv_id="ČT :D / ČT art">ČT :D / ČT art</channel>
    <channel update="i" site="programy-tv.cz" site_id="1448418" xmltv_id="ČT24">ČT24</channel>
    <channel update="i" site="programy-tv.cz" site_id="16639716" xmltv_id="ČT3">ČT3</channel>
    <channel update="i" site="programy-tv.cz" site_id="16639508" xmltv_id="DA VINCI Learning">DA VINCI Learning</channel>
    <channel update="i" site="programy-tv.cz" site_id="16635551" xmltv_id="DAJTO">DAJTO</channel>
    <channel update="i" site="programy-tv.cz" site_id="16635650" xmltv_id="DELUXE MUSIC HD">DELUXE MUSIC HD</channel>
    <channel update="i" site="programy-tv.cz" site_id="25256" xmltv_id="DEUTSCHE WELLE">DEUTSCHE WELLE</channel>
    <channel update="i" site="programy-tv.cz" site_id="16635523" xmltv_id="DIGI SPORT 1">DIGI SPORT 1</channel>
    <channel update="i" site="programy-tv.cz" site_id="16639660" xmltv_id="DIGI SPORT 10">DIGI SPORT 10</channel>
    <channel update="i" site="programy-tv.cz" site_id="16639449" xmltv_id="DIGI SPORT 2">DIGI SPORT 2</channel>
    <channel update="i" site="programy-tv.cz" site_id="16639458" xmltv_id="DIGI SPORT 3">DIGI SPORT 3</channel>
    <channel update="i" site="programy-tv.cz" site_id="16639459" xmltv_id="DIGI SPORT 4">DIGI SPORT 4</channel>
    <channel update="i" site="programy-tv.cz" site_id="16639460" xmltv_id="DIGI SPORT 5">DIGI SPORT 5</channel>
    <channel update="i" site="programy-tv.cz" site_id="16639656" xmltv_id="DIGI SPORT 6">DIGI SPORT 6</channel>
    <channel update="i" site="programy-tv.cz" site_id="16639657" xmltv_id="DIGI SPORT 7">DIGI SPORT 7</channel>
    <channel update="i" site="programy-tv.cz" site_id="16639658" xmltv_id="DIGI SPORT 8">DIGI SPORT 8</channel>
    <channel update="i" site="programy-tv.cz" site_id="16639659" xmltv_id="DIGI SPORT 9">DIGI SPORT 9</channel>
    <channel update="i" site="programy-tv.cz" site_id="16639466" xmltv_id="DISC. TURBO EXTRA">DISC. TURBO EXTRA</channel>
    <channel update="i" site="programy-tv.cz" site_id="25205" xmltv_id="DISCOVERY CHANNEL">DISCOVERY CHANNEL</channel>
    <channel update="i" site="programy-tv.cz" site_id="11552779" xmltv_id="DISCOVERY SCIENCE">DISCOVERY SCIENCE</channel>
    <channel update="i" site="programy-tv.cz" site_id="11552777" xmltv_id="DISCOVERY SHOWCASE HD">DISCOVERY SHOWCASE HD</channel>
    <channel update="i" site="programy-tv.cz" site_id="25210" xmltv_id="DISNEY CHANNEL">DISNEY CHANNEL</channel>
    <channel update="i" site="programy-tv.cz" site_id="16639467" xmltv_id="DISNEY JUNIOR">DISNEY JUNIOR</channel>
    <channel update="i" site="programy-tv.cz" site_id="16639605" xmltv_id="DJAZZ">DJAZZ</channel>
    <channel update="i" site="programy-tv.cz" site_id="16639420" xmltv_id="DOCUBOX HD">DOCUBOX HD</channel>
    <channel update="i" site="programy-tv.cz" site_id="16635554" xmltv_id="DOM KINO">DOM KINO</channel>
    <channel update="i" site="programy-tv.cz" site_id="8720613" xmltv_id="DOMA">DOMA</channel>
    <channel update="i" site="programy-tv.cz" site_id="16639468" xmltv_id="DORCEL TV">DORCEL TV</channel>
    <channel update="i" site="programy-tv.cz" site_id="16639703" xmltv_id="DORCEL XXX">DORCEL XXX</channel>
    <channel update="i" site="programy-tv.cz" site_id="16639470" xmltv_id="DUSK TV">DUSK TV</channel>
    <channel update="i" site="programy-tv.cz" site_id="25246" xmltv_id="DVOJKA">DVOJKA</channel>
    <channel update="i" site="programy-tv.cz" site_id="16639445" xmltv_id="E!">E!</channel>
    <channel update="i" site="programy-tv.cz" site_id="16639402" xmltv_id="EDGE SPORT HD">EDGE SPORT HD</channel>
    <channel update="i" site="programy-tv.cz" site_id="16639518" xmltv_id="ENGLISH CLUB TV">ENGLISH CLUB TV</channel>
    <channel update="i" site="programy-tv.cz" site_id="16639421" xmltv_id="EROX HD">EROX HD</channel>
    <channel update="i" site="programy-tv.cz" site_id="16639422" xmltv_id="EROXXX HD">EROXXX HD</channel>
    <channel update="i" site="programy-tv.cz" site_id="16639561" xmltv_id="eSportsTV HD">eSportsTV HD</channel>
    <channel update="i" site="programy-tv.cz" site_id="25251" xmltv_id="EURONEWS">EURONEWS</channel>
    <channel update="i" site="programy-tv.cz" site_id="16639417" xmltv_id="EUROSPORT">EUROSPORT</channel>
    <channel update="i" site="programy-tv.cz" site_id="14976140" xmltv_id="EUROSPORT (BG)">EUROSPORT (BG)</channel>
    <channel update="i" site="programy-tv.cz" site_id="16635642" xmltv_id="EUROSPORT (HU)">EUROSPORT (HU)</channel>
    <channel update="i" site="programy-tv.cz" site_id="8367061" xmltv_id="EUROSPORT 2">EUROSPORT 2</channel>
    <channel update="i" site="programy-tv.cz" site_id="25243" xmltv_id="EXTREME SPORTS">EXTREME SPORTS</channel>
    <channel update="i" site="programy-tv.cz" site_id="1602731" xmltv_id="FASHION TV">FASHION TV</channel>
    <channel update="i" site="programy-tv.cz" site_id="16639718" xmltv_id="FASHION TV UHD">FASHION TV UHD</channel>
    <channel update="i" site="programy-tv.cz" site_id="16639423" xmltv_id="FASHIONBOX HD">FASHIONBOX HD</channel>
    <channel update="i" site="programy-tv.cz" site_id="16639435" xmltv_id="FAST &amp; FUNBOX HD">FAST &amp; FUNBOX HD</channel>
    <channel update="i" site="programy-tv.cz" site_id="16635651" xmltv_id="FIGHTBOX HD">FIGHTBOX HD</channel>
    <channel update="i" site="programy-tv.cz" site_id="16635611" xmltv_id="FILM CAFÉ (HU)">FILM CAFÉ (HU)</channel>
    <channel update="i" site="programy-tv.cz" site_id="16576942" xmltv_id="FILM EUROPE">FILM EUROPE</channel>
    <channel update="i" site="programy-tv.cz" site_id="5927862" xmltv_id="FILM EUROPE PLUS">FILM EUROPE PLUS</channel>
    <channel update="i" site="programy-tv.cz" site_id="1448414" xmltv_id="FILM+">FILM+</channel>
    <channel update="i" site="programy-tv.cz" site_id="2056459" xmltv_id="FILMBOX">FILMBOX</channel>
    <channel update="i" site="programy-tv.cz" site_id="16639433" xmltv_id="FILMBOX ARTHOUSE">FILMBOX ARTHOUSE</channel>
    <channel update="i" site="programy-tv.cz" site_id="4445821" xmltv_id="FILMBOX EXTRA HD">FILMBOX EXTRA HD</channel>
    <channel update="i" site="programy-tv.cz" site_id="13061521" xmltv_id="FILMBOX FAMILY">FILMBOX FAMILY</channel>
    <channel update="i" site="programy-tv.cz" site_id="2549122" xmltv_id="FILMBOX PLUS">FILMBOX PLUS</channel>
    <channel update="i" site="programy-tv.cz" site_id="16635541" xmltv_id="FILMBOX PREMIUM">FILMBOX PREMIUM</channel>
    <channel update="i" site="programy-tv.cz" site_id="520451" xmltv_id="FINE LIVING NETWORK">FINE LIVING NETWORK</channel>
    <channel update="i" site="programy-tv.cz" site_id="6091614" xmltv_id="FISHING &amp; HUNTING (Skylink)">FISHING &amp; HUNTING (Skylink)</channel>
    <channel update="i" site="programy-tv.cz" site_id="16639599" xmltv_id="FISHING &amp; HUNTING (UPC)">FISHING &amp; HUNTING (UPC)</channel>
    <channel update="i" site="programy-tv.cz" site_id="16639639" xmltv_id="Folklorika">Folklorika</channel>
    <channel update="i" site="programy-tv.cz" site_id="16639405" xmltv_id="FOOD NETWORK">FOOD NETWORK</channel>
    <channel update="i" site="programy-tv.cz" site_id="16639514" xmltv_id="FUEL HD">FUEL HD</channel>
    <channel update="i" site="programy-tv.cz" site_id="16639472" xmltv_id="GINX eSports TV">GINX eSports TV</channel>
    <channel update="i" site="programy-tv.cz" site_id="10973998" xmltv_id="GOLF CHANNEL">GOLF CHANNEL</channel>
    <channel update="i" site="programy-tv.cz" site_id="16639476" xmltv_id="GOSPEL TV">GOSPEL TV</channel>
    <channel update="i" site="programy-tv.cz" site_id="25200" xmltv_id="HBO">HBO</channel>
    <channel update="i" site="programy-tv.cz" site_id="241846" xmltv_id="HBO 2">HBO 2</channel>
    <channel update="i" site="programy-tv.cz" site_id="4197295" xmltv_id="HBO 3">HBO 3</channel>
    <channel update="i" site="programy-tv.cz" site_id="10131373" xmltv_id="HÍR TV (HU)">HÍR TV (HU)</channel>
    <channel update="i" site="programy-tv.cz" site_id="16639687" xmltv_id="HOBBY TV">HOBBY TV</channel>
    <channel update="i" site="programy-tv.cz" site_id="16635584" xmltv_id="HOROR FILM">HOROR FILM</channel>
    <channel update="i" site="programy-tv.cz" site_id="16635543" xmltv_id="HUSTLER HD">HUSTLER HD</channel>
    <channel update="i" site="programy-tv.cz" site_id="25217" xmltv_id="HUSTLER TV">HUSTLER TV</channel>
    <channel update="i" site="programy-tv.cz" site_id="16635599" xmltv_id="iCONCERTS HD">iCONCERTS HD</channel>
    <channel update="i" site="programy-tv.cz" site_id="16639407" xmltv_id="ID XTRA">ID XTRA</channel>
    <channel update="i" site="programy-tv.cz" site_id="25245" xmltv_id="JEDNOTKA">JEDNOTKA</channel>
    <channel update="i" site="programy-tv.cz" site_id="4558252" xmltv_id="JIMJAM">JIMJAM</channel>
    <channel update="i" site="programy-tv.cz" site_id="25233" xmltv_id="JOJ">JOJ</channel>
    <channel update="i" site="programy-tv.cz" site_id="16639555" xmltv_id="JOJ CINEMA">JOJ CINEMA</channel>
    <channel update="i" site="programy-tv.cz" site_id="16639558" xmltv_id="JOJ FAMILY">JOJ FAMILY</channel>
    <channel update="i" site="programy-tv.cz" site_id="6064282" xmltv_id="JOJ PLUS">JOJ PLUS</channel>
    <channel update="i" site="programy-tv.cz" site_id="279689" xmltv_id="KABEL1">KABEL1</channel>
    <channel update="i" site="programy-tv.cz" site_id="16639690" xmltv_id="Karusel">Karusel</channel>
    <channel update="i" site="programy-tv.cz" site_id="16639506" xmltv_id="KBS WORLD TV">KBS WORLD TV</channel>
    <channel update="i" site="programy-tv.cz" site_id="7539674" xmltv_id="KI.KA">KI.KA</channel>
    <channel update="i" site="programy-tv.cz" site_id="16635589" xmltv_id="KINO SVĚT">KINO SVĚT</channel>
    <channel update="i" site="programy-tv.cz" site_id="16639700" xmltv_id="LALA TV">LALA TV</channel>
    <channel update="i" site="programy-tv.cz" site_id="10312939" xmltv_id="LEO TV">LEO TV</channel>
    <channel update="i" site="programy-tv.cz" site_id="16639708" xmltv_id="LICHI TV">LICHI TV</channel>
    <channel update="i" site="programy-tv.cz" site_id="16639516" xmltv_id="LUXE.TV">LUXE.TV</channel>
    <channel update="i" site="programy-tv.cz" site_id="5188280" xmltv_id="M1 (HU)">M1 (HU)</channel>
    <channel update="i" site="programy-tv.cz" site_id="5188281" xmltv_id="M2 (HU)">M2 (HU)</channel>
    <channel update="i" site="programy-tv.cz" site_id="16639522" xmltv_id="M4 SPORT">M4 SPORT</channel>
    <channel update="i" site="programy-tv.cz" site_id="16639693" xmltv_id="Magenta TV">Magenta TV</channel>
    <channel update="i" site="programy-tv.cz" site_id="25202" xmltv_id="MARKÍZA">MARKÍZA</channel>
    <channel update="i" site="programy-tv.cz" site_id="16639532" xmltv_id="MARKÍZA INT.">MARKÍZA INT.</channel>
    <channel update="i" site="programy-tv.cz" site_id="25215" xmltv_id="MEZZO">MEZZO</channel>
    <channel update="i" site="programy-tv.cz" site_id="16635632" xmltv_id="MEZZO Live HD">MEZZO Live HD</channel>
    <channel update="i" site="programy-tv.cz" site_id="490741" xmltv_id="MINIMAX">MINIMAX</channel>
    <channel update="i" site="programy-tv.cz" site_id="16639438" xmltv_id="MŇAM">MŇAM</channel>
    <channel update="i" site="programy-tv.cz" site_id="16639572" xmltv_id="MŇAU">MŇAU</channel>
    <channel update="i" site="programy-tv.cz" site_id="16639478" xmltv_id="MOOZ DANCE">MOOZ DANCE</channel>
    <channel update="i" site="programy-tv.cz" site_id="596061" xmltv_id="MTV DANCE">MTV DANCE</channel>
    <channel update="i" site="programy-tv.cz" site_id="16635660" xmltv_id="MTV EUROPE (CZ)">MTV EUROPE (CZ)</channel>
    <channel update="i" site="programy-tv.cz" site_id="25237" xmltv_id="MTV HITS">MTV HITS</channel>
    <channel update="i" site="programy-tv.cz" site_id="14558750" xmltv_id="MTV LIVE HD">MTV LIVE HD</channel>
    <channel update="i" site="programy-tv.cz" site_id="25238" xmltv_id="MTV ROCKS">MTV ROCKS</channel>
    <channel update="i" site="programy-tv.cz" site_id="16635556" xmltv_id="MUZYKA RU">MUZYKA RU</channel>
    <channel update="i" site="programy-tv.cz" site_id="6005243" xmltv_id="NAT. GEO. WILD">NAT. GEO. WILD</channel>
    <channel update="i" site="programy-tv.cz" site_id="25207" xmltv_id="NATIONAL GEOGRAPHIC">NATIONAL GEOGRAPHIC</channel>
    <channel update="i" site="programy-tv.cz" site_id="5037935" xmltv_id="NATIONAL GEOGRAPHIC HD">NATIONAL GEOGRAPHIC HD</channel>
    <channel update="i" site="programy-tv.cz" site_id="16639451" xmltv_id="NAUTICAL CHANNEL">NAUTICAL CHANNEL</channel>
    <channel update="i" site="programy-tv.cz" site_id="16639636" xmltv_id="NICK JR Astra CZE">NICK JR Astra CZE</channel>
    <channel update="i" site="programy-tv.cz" site_id="16639412" xmltv_id="NICK JR THOR CZ">NICK JR THOR CZ</channel>
    <channel update="i" site="programy-tv.cz" site_id="16639637" xmltv_id="NICK JR THOR HU">NICK JR THOR HU</channel>
    <channel update="i" site="programy-tv.cz" site_id="7539675" xmltv_id="NICKELODEON">NICKELODEON</channel>
    <channel update="i" site="programy-tv.cz" site_id="16639697" xmltv_id="NICKELODEON INT">NICKELODEON INT</channel>
    <channel update="i" site="programy-tv.cz" site_id="16639706" xmltv_id="NICKTOON">NICKTOON</channel>
    <channel update="i" site="programy-tv.cz" site_id="16635583" xmltv_id="NOVA GOLD">NOVA GOLD</channel>
    <channel update="i" site="programy-tv.cz" site_id="16639533" xmltv_id="NOVA INT.">NOVA INT.</channel>
    <channel update="i" site="programy-tv.cz" site_id="16639699" xmltv_id="ÓČKO Black">ÓČKO Black</channel>
    <channel update="i" site="programy-tv.cz" site_id="16635635" xmltv_id="ÓČKO EXPRES">ÓČKO EXPRES</channel>
    <channel update="i" site="programy-tv.cz" site_id="16635594" xmltv_id="ÓČKO STAR">ÓČKO STAR</channel>
    <channel update="i" site="programy-tv.cz" site_id="16639515" xmltv_id="OUTDOOR CHANNEL">OUTDOOR CHANNEL</channel>
    <channel update="i" site="programy-tv.cz" site_id="16639550" xmltv_id="Penthouse Gold">Penthouse Gold</channel>
    <channel update="i" site="programy-tv.cz" site_id="16639551" xmltv_id="Penthouse Quickies">Penthouse Quickies</channel>
    <channel update="i" site="programy-tv.cz" site_id="16635557" xmltv_id="Pervyj">Pervyj</channel>
    <channel update="i" site="programy-tv.cz" site_id="6364883" xmltv_id="PLAYBOY TV">PLAYBOY TV</channel>
    <channel update="i" site="programy-tv.cz" site_id="16635649" xmltv_id="POHODA - REBEL">POHODA - REBEL</channel>
    <channel update="i" site="programy-tv.cz" site_id="16635547" xmltv_id="POHODA - RELAX">POHODA - RELAX</channel>
    <channel update="i" site="programy-tv.cz" site_id="16635536" xmltv_id="POLAR">POLAR</channel>
    <channel update="i" site="programy-tv.cz" site_id="16639651" xmltv_id="POWER TV">POWER TV</channel>
    <channel update="i" site="programy-tv.cz" site_id="16639524" xmltv_id="PRIMA COMEDY CENTRAL">PRIMA COMEDY CENTRAL</channel>
    <channel update="i" site="programy-tv.cz" site_id="16639559" xmltv_id="PRIMA PLUS">PRIMA PLUS</channel>
    <channel update="i" site="programy-tv.cz" site_id="16635581" xmltv_id="PRIMA ZOOM">PRIMA ZOOM</channel>
    <channel update="i" site="programy-tv.cz" site_id="16639694" xmltv_id="Prime HU">Prime HU</channel>
    <channel update="i" site="programy-tv.cz" site_id="1636631" xmltv_id="PRIVATE TV">PRIVATE TV</channel>
    <channel update="i" site="programy-tv.cz" site_id="25223" xmltv_id="PRO 7">PRO 7</channel>
    <channel update="i" site="programy-tv.cz" site_id="16639688" xmltv_id="Rai 1">Rai 1</channel>
    <channel update="i" site="programy-tv.cz" site_id="16639689" xmltv_id="Rai 2">Rai 2</channel>
    <channel update="i" site="programy-tv.cz" site_id="16639602" xmltv_id="Rebel 2 Slušnej kanál">Rebel 2 Slušnej kanál</channel>
    <channel update="i" site="programy-tv.cz" site_id="16635588" xmltv_id="regionalnitelevize.cz">regionalnitelevize.cz</channel>
    <channel update="i" site="programy-tv.cz" site_id="25229" xmltv_id="regiony+">regiony+</channel>
    <channel update="i" site="programy-tv.cz" site_id="10394319" xmltv_id="RETRO MUSIC TV">RETRO MUSIC TV</channel>
    <channel update="i" site="programy-tv.cz" site_id="25224" xmltv_id="RTL">RTL</channel>
    <channel update="i" site="programy-tv.cz" site_id="16639695" xmltv_id="RTL GOLD HU">RTL GOLD HU</channel>
    <channel update="i" site="programy-tv.cz" site_id="16639581" xmltv_id="RTL+">RTL+</channel>
    <channel update="i" site="programy-tv.cz" site_id="10175348" xmltv_id="RUSSIA TODAY">RUSSIA TODAY</channel>
    <channel update="i" site="programy-tv.cz" site_id="25226" xmltv_id="SAT.1">SAT.1</channel>
    <channel update="i" site="programy-tv.cz" site_id="16635598" xmltv_id="SENZI TV">SENZI TV</channel>
    <channel update="i" site="programy-tv.cz" site_id="16639617" xmltv_id="SEZNAM TV HD">SEZNAM TV HD</channel>
    <channel update="i" site="programy-tv.cz" site_id="16639512" xmltv_id="SHORTS HD">SHORTS HD</channel>
    <channel update="i" site="programy-tv.cz" site_id="16639488" xmltv_id="SKY NEWS">SKY NEWS</channel>
    <channel update="i" site="programy-tv.cz" site_id="16639698" xmltv_id="Skylink7">Skylink7</channel>
    <channel update="i" site="programy-tv.cz" site_id="16639477" xmltv_id="SLAGER TV (HU)">SLAGER TV (HU)</channel>
    <channel update="i" site="programy-tv.cz" site_id="16635538" xmltv_id="ŠLÁGR TV">ŠLÁGR TV</channel>
    <channel update="i" site="programy-tv.cz" site_id="25204" xmltv_id="SPEKTRUM">SPEKTRUM</channel>
    <channel update="i" site="programy-tv.cz" site_id="2012246" xmltv_id="SPEKTRUM HOME">SPEKTRUM HOME</channel>
    <channel update="i" site="programy-tv.cz" site_id="16635616" xmltv_id="SPEKTRUM HOME (HU)">SPEKTRUM HOME (HU)</channel>
    <channel update="i" site="programy-tv.cz" site_id="5337648" xmltv_id="SPORT 5">SPORT 5</channel>
    <channel update="i" site="programy-tv.cz" site_id="2151807" xmltv_id="SPORT1">SPORT1</channel>
    <channel update="i" site="programy-tv.cz" site_id="16635624" xmltv_id="SPORT1 (HU)">SPORT1 (HU)</channel>
    <channel update="i" site="programy-tv.cz" site_id="7277741" xmltv_id="SPORT2">SPORT2</channel>
    <channel update="i" site="programy-tv.cz" site_id="16635622" xmltv_id="SPORT2 (HU)">SPORT2 (HU)</channel>
    <channel update="i" site="programy-tv.cz" site_id="16639409" xmltv_id="SUNDANCE TV">SUNDANCE TV</channel>
    <channel update="i" site="programy-tv.cz" site_id="25250" xmltv_id="SUPER RTL">SUPER RTL</channel>
    <channel update="i" site="programy-tv.cz" site_id="16639490" xmltv_id="SUPERONE">SUPERONE</channel>
    <channel update="i" site="programy-tv.cz" site_id="25203" xmltv_id="TA3 / RING TV">TA3 / RING TV</channel>
    <channel update="i" site="programy-tv.cz" site_id="7278439" xmltv_id="THE HISTORY CHANNEL">THE HISTORY CHANNEL</channel>
    <channel update="i" site="programy-tv.cz" site_id="16635525" xmltv_id="TLC">TLC</channel>
    <channel update="i" site="programy-tv.cz" site_id="16639513" xmltv_id="TRACE SPORT">TRACE SPORT</channel>
    <channel update="i" site="programy-tv.cz" site_id="551370" xmltv_id="TRAVEL CHANNEL">TRAVEL CHANNEL</channel>
    <channel update="i" site="programy-tv.cz" site_id="16639608" xmltv_id="TRAVEL XP HD">TRAVEL XP HD</channel>
    <channel update="i" site="programy-tv.cz" site_id="16639707" xmltv_id="TROJKA">TROJKA</channel>
    <channel update="i" site="programy-tv.cz" site_id="16639453" xmltv_id="ŤUKI">ŤUKI</channel>
    <channel update="i" site="programy-tv.cz" site_id="6895950" xmltv_id="TV LUX">TV LUX</channel>
    <channel update="i" site="programy-tv.cz" site_id="2549121" xmltv_id="TV NOE">TV NOE</channel>
    <channel update="i" site="programy-tv.cz" site_id="10234648" xmltv_id="TV OSEM">TV OSEM</channel>
    <channel update="i" site="programy-tv.cz" site_id="1327941" xmltv_id="TV PAPRIKA">TV PAPRIKA</channel>
    <channel update="i" site="programy-tv.cz" site_id="16639431" xmltv_id="TV RIK">TV RIK</channel>
    <channel update="i" site="programy-tv.cz" site_id="25247" xmltv_id="TV5 MONDE">TV5 MONDE</channel>
    <channel update="i" site="programy-tv.cz" site_id="5495122" xmltv_id="TVP 1">TVP 1</channel>
    <channel update="i" site="programy-tv.cz" site_id="5495123" xmltv_id="TVP 2">TVP 2</channel>
    <channel update="i" site="programy-tv.cz" site_id="5495586" xmltv_id="TVP Historia">TVP Historia</channel>
    <channel update="i" site="programy-tv.cz" site_id="5495124" xmltv_id="TVP INFO">TVP INFO</channel>
    <channel update="i" site="programy-tv.cz" site_id="3855137" xmltv_id="TVP Kultura">TVP Kultura</channel>
    <channel update="i" site="programy-tv.cz" site_id="25254" xmltv_id="TVP Polonia">TVP Polonia</channel>
    <channel update="i" site="programy-tv.cz" site_id="5495125" xmltv_id="TVP Sport">TVP Sport</channel>
    <channel update="i" site="programy-tv.cz" site_id="16639539" xmltv_id="UNITEL CLASSICA HD">UNITEL CLASSICA HD</channel>
    <channel update="i" site="programy-tv.cz" site_id="16639578" xmltv_id="UP NETWORK">UP NETWORK</channel>
    <channel update="i" site="programy-tv.cz" site_id="16639635" xmltv_id="V1">V1</channel>
    <channel update="i" site="programy-tv.cz" site_id="25214" xmltv_id="VH1">VH1</channel>
    <channel update="i" site="programy-tv.cz" site_id="25249" xmltv_id="VH1 CLASSIC">VH1 CLASSIC</channel>
    <channel update="i" site="programy-tv.cz" site_id="16639616" xmltv_id="VIASAT EPIC DRAMA">VIASAT EPIC DRAMA</channel>
    <channel update="i" site="programy-tv.cz" site_id="16639597" xmltv_id="VIASAT EXPLORE / SPICE">VIASAT EXPLORE / SPICE</channel>
    <channel update="i" site="programy-tv.cz" site_id="1448415" xmltv_id="VIASAT HISTORY">VIASAT HISTORY</channel>
    <channel update="i" site="programy-tv.cz" site_id="11025200" xmltv_id="VIASAT NATURE">VIASAT NATURE</channel>
    <channel update="i" site="programy-tv.cz" site_id="16635530" xmltv_id="VIASAT NATURE-HISTORY HD">VIASAT NATURE-HISTORY HD</channel>
    <channel update="i" site="programy-tv.cz" site_id="25228" xmltv_id="VOX">VOX</channel>
    <channel update="i" site="programy-tv.cz" site_id="16635555" xmltv_id="VREMYA">VREMYA</channel>
    <channel update="i" site="programy-tv.cz" site_id="16639614" xmltv_id="WAR TV">WAR TV</channel>
    <channel update="i" site="programy-tv.cz" site_id="16635593" xmltv_id="WAU">WAU</channel>
    <channel update="i" site="programy-tv.cz" site_id="12844310" xmltv_id="WELT">WELT</channel>
    <channel update="i" site="programy-tv.cz" site_id="16639495" xmltv_id="XMO">XMO</channel>
    <channel update="i" site="programy-tv.cz" site_id="25227" xmltv_id="ZDF">ZDF</channel>
    <channel update="i" site="programy-tv.cz" site_id="7498939" xmltv_id="ZDF INFOKANAL">ZDF INFOKANAL</channel>
    <channel update="i" site="programy-tv.cz" site_id="25194" xmltv_id="ČT1">ČT1</channel>
    <channel update="i" site="programy-tv.cz" site_id="25195" xmltv_id="ČT2">ČT2</channel>
    <channel update="i" site="programy-tv.cz" site_id="25196" xmltv_id="NOVA">NOVA</channel>
    <channel update="i" site="programy-tv.cz" site_id="25197" xmltv_id="PRIMA">PRIMA</channel>
    <channel update="i" site="programy-tv.cz" site_id="6527695" xmltv_id="TV BARRANDOV">TV BARRANDOV</channel>
    <channel update="i" site="programy-tv.cz" site_id="16635580" xmltv_id="NOVA 2">NOVA 2</channel>
    <channel update="i" site="programy-tv.cz" site_id="4528155" xmltv_id="NOVA CINEMA">NOVA CINEMA</channel>
    <channel update="i" site="programy-tv.cz" site_id="16635550" xmltv_id="NOVA ACTION">NOVA ACTION</channel>
    <channel update="i" site="programy-tv.cz" site_id="7277740" xmltv_id="PRIMA COOL">PRIMA COOL</channel>
    <channel update="i" site="programy-tv.cz" site_id="25199" xmltv_id="NOVA SPORT 1">NOVA SPORT 1</channel>
    <channel update="i" site="programy-tv.cz" site_id="16639456" xmltv_id="NOVA SPORT 2">NOVA SPORT 2</channel>
    <channel update="i" site="programy-tv.cz" site_id="14024315" xmltv_id="PRIMA LOVE">PRIMA LOVE</channel>
    <channel update="i" site="programy-tv.cz" site_id="25212" xmltv_id="ÓČKO">ÓČKO</channel>
    <channel update="i" site="programy-tv.cz" site_id="16639634" xmltv_id="PRIMA KRIMI">PRIMA KRIMI</channel>
    <channel update="i" site="programy-tv.cz" site_id="16639520" xmltv_id="PRIMA MAX">PRIMA MAX</channel>
    <channel update="i" site="programy-tv.cz" site_id="2201135" xmltv_id="ČT sport">ČT sport</channel>
    <channel update="i" site="programy-tv.cz" site_id="2028976" xmltv_id="ČRo D-dur">ČRo D-dur</channel>
    <channel update="i" site="programy-tv.cz" site_id="2028978" xmltv_id="ČRo Dvojka">ČRo Dvojka</channel>
    <channel update="i" site="programy-tv.cz" site_id="2028975" xmltv_id="ČRo Jazz">ČRo Jazz</channel>
    <channel update="i" site="programy-tv.cz" site_id="16635590" xmltv_id="ČRo Plus">ČRo Plus</channel>
    <channel update="i" site="programy-tv.cz" site_id="2028977" xmltv_id="ČRo Rádio Junior">ČRo Rádio Junior</channel>
    <channel update="i" site="programy-tv.cz" site_id="16639569" xmltv_id="ČRo Rádio Retro">ČRo Rádio Retro</channel>
    <channel update="i" site="programy-tv.cz" site_id="4393963" xmltv_id="ČRo Rádio Wave">ČRo Rádio Wave</channel>
    <channel update="i" site="programy-tv.cz" site_id="2028974" xmltv_id="ČRo Radiožurnál">ČRo Radiožurnál</channel>
    <channel update="i" site="programy-tv.cz" site_id="16639583" xmltv_id="ČRo Region Stč. kraj">ČRo Region Stč. kraj</channel>
    <channel update="i" site="programy-tv.cz" site_id="2028973" xmltv_id="ČRo Vltava">ČRo Vltava</channel>
    <channel update="i" site="programy-tv.cz" site_id="16639441" xmltv_id="MDR">MDR</channel>
  </channels>
</site>