﻿<?xml version="1.0" encoding="UTF-8"?>
<site generator-info-name="WebGrab+Plus/w MDB &amp; REX Postprocess -- version  V3.0.0.0 -- build 3 -- Jan van Straaten" site="telekom.cz">
  <channels>
    <channel update="i" site="telekom.cz.EK" site_id="6083" xmltv_id="AMC HD">AMC HD</channel>
    <channel update="i" site="telekom.cz.EK" site_id="4478" xmltv_id="ARD">ARD</channel>
    <channel update="i" site="telekom.cz.EK" site_id="44" xmltv_id="AXN">AXN</channel>
    <channel update="i" site="telekom.cz.EK" site_id="6009" xmltv_id="AXN Black">AXN Black</channel>
    <channel update="i" site="telekom.cz.EK" site_id="6010" xmltv_id="AXN White">AXN White</channel>
    <channel update="i" site="telekom.cz.EK" site_id="6038" xmltv_id="Animal Planet HD">Animal Planet HD</channel>
    <channel update="i" site="telekom.cz.EK" site_id="6102" xmltv_id="Arena Sport 1 HD">Arena Sport 1 HD</channel>
    <channel update="i" site="telekom.cz.EK" site_id="4474" xmltv_id="Arte">Arte</channel>
    <channel update="i" site="telekom.cz.EK" site_id="4504" xmltv_id="Auto Motor Sport HD">Auto Motor Sport HD</channel>
    <channel update="i" site="telekom.cz.EK" site_id="4495" xmltv_id="BBC Earth HD">BBC Earth HD</channel>
    <channel update="i" site="telekom.cz.EK" site_id="6067" xmltv_id="BBC World News">BBC World News</channel>
    <channel update="i" site="telekom.cz.EK" site_id="4468" xmltv_id="Baby TV">Baby TV</channel>
    <channel update="i" site="telekom.cz.EK" site_id="6066" xmltv_id="Barrandov Krimi">Barrandov Krimi</channel>
    <channel update="i" site="telekom.cz.EK" site_id="4457" xmltv_id="Barrandov News">Barrandov News</channel>
    <channel update="i" site="telekom.cz.EK" site_id="4456" xmltv_id="Barrandov TV HD">Barrandov TV HD</channel>
    <channel update="i" site="telekom.cz.EK" site_id="6068" xmltv_id="Bloomberg Eu">Bloomberg Eu</channel>
    <channel update="i" site="telekom.cz.EK" site_id="4469" xmltv_id="Boomerang">Boomerang</channel>
    <channel update="i" site="telekom.cz.EK" site_id="4492" xmltv_id="Brazzers TV Europe">Brazzers TV Europe</channel>
    <channel update="i" site="telekom.cz.EK" site_id="6001" xmltv_id="CBS Reality">CBS Reality</channel>
    <channel update="i" site="telekom.cz.EK" site_id="4475" xmltv_id="CNBC">CNBC</channel>
    <channel update="i" site="telekom.cz.EK" site_id="6070" xmltv_id="CNN Intl. Europe">CNN Intl. Europe</channel>
    <channel update="i" site="telekom.cz.EK" site_id="29" xmltv_id="CS Film">CS Film</channel>
    <channel update="i" site="telekom.cz.EK" site_id="6082" xmltv_id="CS History">CS History</channel>
    <channel update="i" site="telekom.cz.EK" site_id="6036" xmltv_id="CS Horror">CS Horror</channel>
    <channel update="i" site="telekom.cz.EK" site_id="6048" xmltv_id="CS Mystery">CS Mystery</channel>
    <channel update="i" site="telekom.cz.EK" site_id="6069" xmltv_id="Canal 24 Horas">Canal 24 Horas</channel>
    <channel update="i" site="telekom.cz.EK" site_id="4313" xmltv_id="Cartoon Network HD">Cartoon Network HD</channel>
    <channel update="i" site="telekom.cz.EK" site_id="6091" xmltv_id="Cinemax 2 HD">Cinemax 2 HD</channel>
    <channel update="i" site="telekom.cz.EK" site_id="6090" xmltv_id="Cinemax HD">Cinemax HD</channel>
    <channel update="i" site="telekom.cz.EK" site_id="6100" xmltv_id="Comedy House HD">Comedy House HD</channel>
    <channel update="i" site="telekom.cz.EK" site_id="6046" xmltv_id="Crime and Inv.">Crime and Inv.</channel>
    <channel update="i" site="telekom.cz.EK" site_id="6108" xmltv_id="ČT :D - ČT Art HD">ČT :D - ČT Art HD</channel>
    <channel update="i" site="telekom.cz.EK" site_id="6104" xmltv_id="ČT JM HD">ČT JM HD</channel>
    <channel update="i" site="telekom.cz.EK" site_id="6103" xmltv_id="ČT SM HD">ČT SM HD</channel>
    <channel update="i" site="telekom.cz.EK" site_id="6105" xmltv_id="ČT Sport HD">ČT Sport HD</channel>
    <channel update="i" site="telekom.cz.EK" site_id="6054" xmltv_id="ČT1 HD">ČT1 HD</channel>
    <channel update="i" site="telekom.cz.EK" site_id="6053" xmltv_id="ČT2 HD">ČT2 HD</channel>
    <channel update="i" site="telekom.cz.EK" site_id="6024" xmltv_id="ČT24 HD">ČT24 HD</channel>
    <channel update="i" site="telekom.cz.EK" site_id="4522" xmltv_id="ČT3 HD">ČT3 HD</channel>
    <channel update="i" site="telekom.cz.EK" site_id="6018" xmltv_id="Českosl. – Be2Can">Českosl. – Be2Can</channel>
    <channel update="i" site="telekom.cz.EK" site_id="4130" xmltv_id="Deutsche Welle">Deutsche Welle</channel>
    <channel update="i" site="telekom.cz.EK" site_id="4157" xmltv_id="Digi Sport 1 HD">Digi Sport 1 HD</channel>
    <channel update="i" site="telekom.cz.EK" site_id="4191" xmltv_id="Digi Sport 2 HD">Digi Sport 2 HD</channel>
    <channel update="i" site="telekom.cz.EK" site_id="6055" xmltv_id="Disc. Turbo Xtra">Disc. Turbo Xtra</channel>
    <channel update="i" site="telekom.cz.EK" site_id="6085" xmltv_id="Discovery Channel HD">Discovery Channel HD</channel>
    <channel update="i" site="telekom.cz.EK" site_id="4135" xmltv_id="Discovery ID Xtra">Discovery ID Xtra</channel>
    <channel update="i" site="telekom.cz.EK" site_id="4015" xmltv_id="Discovery Science">Discovery Science</channel>
    <channel update="i" site="telekom.cz.EK" site_id="15" xmltv_id="Disney Channel">Disney Channel</channel>
    <channel update="i" site="telekom.cz.EK" site_id="4483" xmltv_id="Dom Kino">Dom Kino</channel>
    <channel update="i" site="telekom.cz.EK" site_id="6021" xmltv_id="Dorcel TV HD">Dorcel TV HD</channel>
    <channel update="i" site="telekom.cz.EK" site_id="6097" xmltv_id="Dorcel XXX HD">Dorcel XXX HD</channel>
    <channel update="i" site="telekom.cz.EK" site_id="6030" xmltv_id="Duck TV">Duck TV</channel>
    <channel update="i" site="telekom.cz.EK" site_id="6047" xmltv_id="Dusk TV">Dusk TV</channel>
    <channel update="i" site="telekom.cz.EK" site_id="4146" xmltv_id="Dvojka HD">Dvojka HD</channel>
    <channel update="i" site="telekom.cz.EK" site_id="4326" xmltv_id="Epic Drama HD">Epic Drama HD</channel>
    <channel update="i" site="telekom.cz.EK" site_id="4491" xmltv_id="Erox HD">Erox HD</channel>
    <channel update="i" site="telekom.cz.EK" site_id="6061" xmltv_id="Eroxxx HD">Eroxxx HD</channel>
    <channel update="i" site="telekom.cz.EK" site_id="6081" xmltv_id="Euronews">Euronews</channel>
    <channel update="i" site="telekom.cz.EK" site_id="6016" xmltv_id="Eurosport 1 HD">Eurosport 1 HD</channel>
    <channel update="i" site="telekom.cz.EK" site_id="6040" xmltv_id="Eurosport 2 HD">Eurosport 2 HD</channel>
    <channel update="i" site="telekom.cz.EK" site_id="4465" xmltv_id="Extreme sports">Extreme sports</channel>
    <channel update="i" site="telekom.cz.EK" site_id="6084" xmltv_id="FILM+ HD">FILM+ HD</channel>
    <channel update="i" site="telekom.cz.EK" site_id="6007" xmltv_id="Fashion TV">Fashion TV</channel>
    <channel update="i" site="telekom.cz.EK" site_id="6039" xmltv_id="Film Europe HD">Film Europe HD</channel>
    <channel update="i" site="telekom.cz.EK" site_id="20" xmltv_id="Filmbox">Filmbox</channel>
    <channel update="i" site="telekom.cz.EK" site_id="6020" xmltv_id="Filmbox Extra HD">Filmbox Extra HD</channel>
    <channel update="i" site="telekom.cz.EK" site_id="6028" xmltv_id="Filmbox Family">Filmbox Family</channel>
    <channel update="i" site="telekom.cz.EK" site_id="6029" xmltv_id="Filmbox Plus">Filmbox Plus</channel>
    <channel update="i" site="telekom.cz.EK" site_id="6062" xmltv_id="Filmbox Premium HD">Filmbox Premium HD</channel>
    <channel update="i" site="telekom.cz.EK" site_id="6023" xmltv_id="Fine Living">Fine Living</channel>
    <channel update="i" site="telekom.cz.EK" site_id="6022" xmltv_id="Fishing and Hunting">Fishing and Hunting</channel>
    <channel update="i" site="telekom.cz.EK" site_id="6063" xmltv_id="Food Network">Food Network</channel>
    <channel update="i" site="telekom.cz.EK" site_id="6026" xmltv_id="France 24">France 24</channel>
    <channel update="i" site="telekom.cz.EK" site_id="6034" xmltv_id="Ginx eSports TV">Ginx eSports TV</channel>
    <channel update="i" site="telekom.cz.EK" site_id="6033" xmltv_id="Golf Channel HD">Golf Channel HD</channel>
    <channel update="i" site="telekom.cz.EK" site_id="6012" xmltv_id="HBO HD">HBO HD</channel>
    <channel update="i" site="telekom.cz.EK" site_id="6071" xmltv_id="HBO2 HD">HBO2 HD</channel>
    <channel update="i" site="telekom.cz.EK" site_id="6072" xmltv_id="HBO3 HD">HBO3 HD</channel>
    <channel update="i" site="telekom.cz.EK" site_id="6014" xmltv_id="History HD">History HD</channel>
    <channel update="i" site="telekom.cz.EK" site_id="6110" xmltv_id="Info TV Brno">Info TV Brno</channel>
    <channel update="i" site="telekom.cz.EK" site_id="4236" xmltv_id="JOJ Cinema">JOJ Cinema</channel>
    <channel update="i" site="telekom.cz.EK" site_id="4461" xmltv_id="JOJ Family HD">JOJ Family HD</channel>
    <channel update="i" site="telekom.cz.EK" site_id="4099" xmltv_id="Jednotka HD">Jednotka HD</channel>
    <channel update="i" site="telekom.cz.EK" site_id="6107" xmltv_id="Jihočeská TV">Jihočeská TV</channel>
    <channel update="i" site="telekom.cz.EK" site_id="6017" xmltv_id="Jim Jam">Jim Jam</channel>
    <channel update="i" site="telekom.cz.EK" site_id="4486" xmltv_id="Karusel">Karusel</channel>
    <channel update="i" site="telekom.cz.EK" site_id="6065" xmltv_id="Kino Barrandov">Kino Barrandov</channel>
    <channel update="i" site="telekom.cz.EK" site_id="6056" xmltv_id="LEO TV">LEO TV</channel>
    <channel update="i" site="telekom.cz.EK" site_id="4507" xmltv_id="LaLa TV HD">LaLa TV HD</channel>
    <channel update="i" site="telekom.cz.EK" site_id="6098" xmltv_id="Leo TV Gold HD">Leo TV Gold HD</channel>
    <channel update="i" site="telekom.cz.EK" site_id="6003" xmltv_id="MTV">MTV</channel>
    <channel update="i" site="telekom.cz.EK" site_id="6058" xmltv_id="MTV Dance">MTV Dance</channel>
    <channel update="i" site="telekom.cz.EK" site_id="6057" xmltv_id="MTV Hits">MTV Hits</channel>
    <channel update="i" site="telekom.cz.EK" site_id="6059" xmltv_id="MTV Rocks">MTV Rocks</channel>
    <channel update="i" site="telekom.cz.EK" site_id="4494" xmltv_id="Magenta TV">Magenta TV</channel>
    <channel update="i" site="telekom.cz.EK" site_id="4460" xmltv_id="Markíza Int. HD">Markíza Int. HD</channel>
    <channel update="i" site="telekom.cz.EK" site_id="38" xmltv_id="Minimax">Minimax</channel>
    <channel update="i" site="telekom.cz.EK" site_id="4484" xmltv_id="Muzika Pervogo">Muzika Pervogo</channel>
    <channel update="i" site="telekom.cz.EK" site_id="6015" xmltv_id="NGC HD">NGC HD</channel>
    <channel update="i" site="telekom.cz.EK" site_id="6060" xmltv_id="NGC Wild HD">NGC Wild HD</channel>
    <channel update="i" site="telekom.cz.EK" site_id="6087" xmltv_id="NOE">NOE</channel>
    <channel update="i" site="telekom.cz.EK" site_id="6027" xmltv_id="Nick Jr.">Nick Jr.</channel>
    <channel update="i" site="telekom.cz.EK" site_id="6099" xmltv_id="Nick Toons">Nick Toons</channel>
    <channel update="i" site="telekom.cz.EK" site_id="4052" xmltv_id="Nickelodeon">Nickelodeon</channel>
    <channel update="i" site="telekom.cz.EK" site_id="4453" xmltv_id="Nova 2 HD">Nova 2 HD</channel>
    <channel update="i" site="telekom.cz.EK" site_id="4455" xmltv_id="Nova Action HD">Nova Action HD</channel>
    <channel update="i" site="telekom.cz.EK" site_id="4462" xmltv_id="Nova Cinema HD">Nova Cinema HD</channel>
    <channel update="i" site="telekom.cz.EK" site_id="4454" xmltv_id="Nova Gold HD">Nova Gold HD</channel>
    <channel update="i" site="telekom.cz.EK" site_id="4451" xmltv_id="Nova HD">Nova HD</channel>
    <channel update="i" site="telekom.cz.EK" site_id="6042" xmltv_id="Nova Sport 1 HD">Nova Sport 1 HD</channel>
    <channel update="i" site="telekom.cz.EK" site_id="6073" xmltv_id="Nova Sport 2 HD">Nova Sport 2 HD</channel>
    <channel update="i" site="telekom.cz.EK" site_id="4508" xmltv_id="ORF 2">ORF 2</channel>
    <channel update="i" site="telekom.cz.EK" site_id="6011" xmltv_id="ORF1">ORF1</channel>
    <channel update="i" site="telekom.cz.EK" site_id="4506" xmltv_id="Óčko Black HD">Óčko Black HD</channel>
    <channel update="i" site="telekom.cz.EK" site_id="4505" xmltv_id="Óčko Expres HD">Óčko Expres HD</channel>
    <channel update="i" site="telekom.cz.EK" site_id="4499" xmltv_id="Óčko HD">Óčko HD</channel>
    <channel update="i" site="telekom.cz.EK" site_id="4500" xmltv_id="Óčko Star HD">Óčko Star HD</channel>
    <channel update="i" site="telekom.cz.EK" site_id="4487" xmltv_id="PLAYBOY TV">PLAYBOY TV</channel>
    <channel update="i" site="telekom.cz.EK" site_id="6096" xmltv_id="PREMIER SPORT HD">PREMIER SPORT HD</channel>
    <channel update="i" site="telekom.cz.EK" site_id="4482" xmltv_id="Pervij kanal">Pervij kanal</channel>
    <channel update="i" site="telekom.cz.EK" site_id="6109" xmltv_id="Polar">Polar</channel>
    <channel update="i" site="telekom.cz.EK" site_id="6113" xmltv_id="Praha TV">Praha TV</channel>
    <channel update="i" site="telekom.cz.EK" site_id="4463" xmltv_id="Prima Comedy Central">Prima Comedy Central</channel>
    <channel update="i" site="telekom.cz.EK" site_id="6032" xmltv_id="Prima Cool HD">Prima Cool HD</channel>
    <channel update="i" site="telekom.cz.EK" site_id="4452" xmltv_id="Prima HD">Prima HD</channel>
    <channel update="i" site="telekom.cz.EK" site_id="4338" xmltv_id="Prima Krimi">Prima Krimi</channel>
    <channel update="i" site="telekom.cz.EK" site_id="6031" xmltv_id="Prima LOVE HD">Prima LOVE HD</channel>
    <channel update="i" site="telekom.cz.EK" site_id="6064" xmltv_id="Prima Max HD">Prima Max HD</channel>
    <channel update="i" site="telekom.cz.EK" site_id="4470" xmltv_id="Prima Zoom HD">Prima Zoom HD</channel>
    <channel update="i" site="telekom.cz.EK" site_id="6086" xmltv_id="RETRO Music TV">RETRO Music TV</channel>
    <channel update="i" site="telekom.cz.EK" site_id="4480" xmltv_id="Rai 1">Rai 1</channel>
    <channel update="i" site="telekom.cz.EK" site_id="4472" xmltv_id="Rebel2 Slušnej kanál">Rebel2 Slušnej kanál</channel>
    <channel update="i" site="telekom.cz.EK" site_id="6114" xmltv_id="Regionální TV TVS">Regionální TV TVS</channel>
    <channel update="i" site="telekom.cz.EK" site_id="6106" xmltv_id="RegionálníTV.cz">RegionálníTV.cz</channel>
    <channel update="i" site="telekom.cz.EK" site_id="4459" xmltv_id="Relax">Relax</channel>
    <channel update="i" site="telekom.cz.EK" site_id="35" xmltv_id="Spektrum HD">Spektrum HD</channel>
    <channel update="i" site="telekom.cz.EK" site_id="6019" xmltv_id="Spektrum Home">Spektrum Home</channel>
    <channel update="i" site="telekom.cz.EK" site_id="4466" xmltv_id="Sport 5">Sport 5</channel>
    <channel update="i" site="telekom.cz.EK" site_id="6050" xmltv_id="Sport1 HD">Sport1 HD</channel>
    <channel update="i" site="telekom.cz.EK" site_id="6041" xmltv_id="Sport2 HD">Sport2 HD</channel>
    <channel update="i" site="telekom.cz.EK" site_id="6093" xmltv_id="Stingray Classica HD">Stingray Classica HD</channel>
    <channel update="i" site="telekom.cz.EK" site_id="6078" xmltv_id="Stingray Djazz HD">Stingray Djazz HD</channel>
    <channel update="i" site="telekom.cz.EK" site_id="6043" xmltv_id="Šlágr TV">Šlágr TV</channel>
    <channel update="i" site="telekom.cz.EK" site_id="5" xmltv_id="TA3">TA3</channel>
    <channel update="i" site="telekom.cz.EK" site_id="6037" xmltv_id="TLC">TLC</channel>
    <channel update="i" site="telekom.cz.EK" site_id="6111" xmltv_id="TV Brno 1">TV Brno 1</channel>
    <channel update="i" site="telekom.cz.EK" site_id="6013" xmltv_id="TV Paprika">TV Paprika</channel>
    <channel update="i" site="telekom.cz.EK" site_id="6088" xmltv_id="TV REBEL">TV REBEL</channel>
    <channel update="i" site="telekom.cz.EK" site_id="4477" xmltv_id="TV5 Monde">TV5 Monde</channel>
    <channel update="i" site="telekom.cz.EK" site_id="4481" xmltv_id="TVP Polonia">TVP Polonia</channel>
    <channel update="i" site="telekom.cz.EK" site_id="6092" xmltv_id="Televize Seznam HD">Televize Seznam HD</channel>
    <channel update="i" site="telekom.cz.EK" site_id="6008" xmltv_id="Travel Channel HD">Travel Channel HD</channel>
    <channel update="i" site="telekom.cz.EK" site_id="6080" xmltv_id="Travel XP HD">Travel XP HD</channel>
    <channel update="i" site="telekom.cz.EK" site_id="4516" xmltv_id="Trojka HD">Trojka HD</channel>
    <channel update="i" site="telekom.cz.EK" site_id="6076" xmltv_id="UP Network">UP Network</channel>
    <channel update="i" site="telekom.cz.EK" site_id="6004" xmltv_id="VH1">VH1</channel>
    <channel update="i" site="telekom.cz.EK" site_id="4501" xmltv_id="Viasat Explore HD">Viasat Explore HD</channel>
    <channel update="i" site="telekom.cz.EK" site_id="4502" xmltv_id="Viasat History HD">Viasat History HD</channel>
    <channel update="i" site="telekom.cz.EK" site_id="4503" xmltv_id="Viasat Nature HD">Viasat Nature HD</channel>
    <channel update="i" site="telekom.cz.EK" site_id="4485" xmltv_id="Vremja">Vremja</channel>
    <channel update="i" site="telekom.cz.EK" site_id="6051" xmltv_id="XMO">XMO</channel>
    <channel update="i" site="telekom.cz.EK" site_id="4479" xmltv_id="ZDF">ZDF</channel>
  </channels>
</site>