﻿<?xml version="1.0" encoding="UTF-8"?>
<site generator-info-name="WebGrab+Plus/w MDB &amp; REX Postprocess -- version V1.56.24 -- Jan van Straaten" site="canada.com">
  <channels>
    <channel update="i" site="canada.com.L9H1N3" site_id="10" xmltv_id="CBFT">CBFT</channel>
    <channel update="i" site="canada.com.L9H1N3" site_id="12" xmltv_id="CBXFT">CBXFT</channel>
    <channel update="i" site="canada.com.L9H1N3" site_id="13" xmltv_id="CANLM">CANLM</channel>
    <channel update="i" site="canada.com.L9H1N3" site_id="14" xmltv_id="TFO-DV">TFO-DV</channel>
    <channel update="i" site="canada.com.L9H1N3" site_id="15" xmltv_id="VRAK">VRAK</channel>
    <channel update="i" site="canada.com.L9H1N3" site_id="16" xmltv_id="ZDV">ZDV</channel>
    <channel update="i" site="canada.com.L9H1N3" site_id="17" xmltv_id="S+DV">S+DV</channel>
    <channel update="i" site="canada.com.L9H1N3" site_id="18" xmltv_id="HIST">HIST</channel>
    <channel update="i" site="canada.com.L9H1N3" site_id="19" xmltv_id="CTV2A">CTV2A</channel>
    <channel update="i" site="canada.com.L9H1N3" site_id="20" xmltv_id="OMNI1">OMNI1</channel>
    <channel update="i" site="canada.com.L9H1N3" site_id="21" xmltv_id="OMNI2">OMNI2</channel>
    <channel update="i" site="canada.com.L9H1N3" site_id="22" xmltv_id="TVO-DV">TVO-DV</channel>
    <channel update="i" site="canada.com.L9H1N3" site_id="23" xmltv_id="APTN">APTN</channel>
    <channel update="i" site="canada.com.L9H1N3" site_id="24" xmltv_id="APTN">APTN</channel>
    <channel update="i" site="canada.com.L9H1N3" site_id="25" xmltv_id="YTV-DV">YTV-DV</channel>
    <channel update="i" site="canada.com.L9H1N3" site_id="26" xmltv_id="YTV-PDV">YTV-PDV</channel>
    <channel update="i" site="canada.com.L9H1N3" site_id="27" xmltv_id="SLICE">SLICE</channel>
    <channel update="i" site="canada.com.L9H1N3" site_id="28" xmltv_id="FOOD">FOOD</channel>
    <channel update="i" site="canada.com.L9H1N3" site_id="29" xmltv_id="FASHDV">FASHDV</channel>
    <channel update="i" site="canada.com.L9H1N3" site_id="30" xmltv_id="BRAVO">BRAVO</channel>
    <channel update="i" site="canada.com.L9H1N3" site_id="31" xmltv_id="E!">E!</channel>
    <channel update="i" site="canada.com.L9H1N3" site_id="32" xmltv_id="DISC-DV">DISC-DV</channel>
    <channel update="i" site="canada.com.L9H1N3" site_id="48" xmltv_id="AMI-tvDV">AMI-tvDV</channel>
    <channel update="i" site="canada.com.L9H1N3" site_id="49" xmltv_id="VP">VP</channel>
    <channel update="i" site="canada.com.L9H1N3" site_id="50" xmltv_id="AMI">AMI</channel>
    <channel update="i" site="canada.com.L9H1N3" site_id="51" xmltv_id="CBLTDV">CBLTDV</channel>
    <channel update="i" site="canada.com.L9H1N3" site_id="52" xmltv_id="CBUTDV">CBUTDV</channel>
    <channel update="i" site="canada.com.L9H1N3" site_id="53" xmltv_id="CFTO-DV">CFTO-DV</channel>
    <channel update="i" site="canada.com.L9H1N3" site_id="54" xmltv_id="CIVTDV">CIVTDV</channel>
    <channel update="i" site="canada.com.L9H1N3" site_id="55" xmltv_id="CIII-DV">CIII-DV</channel>
    <channel update="i" site="canada.com.L9H1N3" site_id="56" xmltv_id="CHANCDV">CHANCDV</channel>
    <channel update="i" site="canada.com.L9H1N3" site_id="57" xmltv_id="CITYDV">CITYDV</channel>
    <channel update="i" site="canada.com.L9H1N3" site_id="58" xmltv_id="CKVUDV">CKVUDV</channel>
    <channel update="i" site="canada.com.L9H1N3" site_id="62" xmltv_id="CKYDV">CKYDV</channel>
    <channel update="i" site="canada.com.L9H1N3" site_id="63" xmltv_id="CBWTDV">CBWTDV</channel>
    <channel update="i" site="canada.com.L9H1N3" site_id="64" xmltv_id="CBHTDV">CBHTDV</channel>
    <channel update="i" site="canada.com.L9H1N3" site_id="65" xmltv_id="VISION-DV">VISION-DV</channel>
    <channel update="i" site="canada.com.L9H1N3" site_id="66" xmltv_id="CTV2T">CTV2T</channel>
    <channel update="i" site="canada.com.L9H1N3" site_id="67" xmltv_id="CTV2V">CTV2V</channel>
    <channel update="i" site="canada.com.L9H1N3" site_id="68" xmltv_id="CFSK">CFSK</channel>
    <channel update="i" site="canada.com.L9H1N3" site_id="69" xmltv_id="CICT">CICT</channel>
    <channel update="i" site="canada.com.L9H1N3" site_id="70" xmltv_id="CFCFDV">CFCFDV</channel>
    <channel update="i" site="canada.com.L9H1N3" site_id="73" xmltv_id="SCDV">SCDV</channel>
    <channel update="i" site="canada.com.L9H1N3" site_id="74" xmltv_id="WGBH-DV">WGBH-DV</channel>
    <channel update="i" site="canada.com.L9H1N3" site_id="75" xmltv_id="KCTSDV">KCTSDV</channel>
    <channel update="i" site="canada.com.L9H1N3" site_id="76" xmltv_id="CFCNDV">CFCNDV</channel>
    <channel update="i" site="canada.com.L9H1N3" site_id="77" xmltv_id="CFRNDV">CFRNDV</channel>
    <channel update="i" site="canada.com.L9H1N3" site_id="78" xmltv_id="CKNDDV">CKNDDV</channel>
    <channel update="i" site="canada.com.L9H1N3" site_id="79" xmltv_id="ONE-HD">ONE-HD</channel>
    <channel update="i" site="canada.com.L9H1N3" site_id="80" xmltv_id="TWNDV">TWNDV</channel>
    <channel update="i" site="canada.com.L9H1N3" site_id="81" xmltv_id="MMDV">MMDV</channel>
    <channel update="i" site="canada.com.L9H1N3" site_id="82" xmltv_id="TREEDV">TREEDV</channel>
    <channel update="i" site="canada.com.L9H1N3" site_id="83" xmltv_id="HGTVDV">HGTVDV</channel>
    <channel update="i" site="canada.com.L9H1N3" site_id="84" xmltv_id="HIST">HIST</channel>
    <channel update="i" site="canada.com.L9H1N3" site_id="85" xmltv_id="TOON">TOON</channel>
    <channel update="i" site="canada.com.L9H1N3" site_id="86" xmltv_id="TOON">TOON</channel>
    <channel update="i" site="canada.com.L9H1N3" site_id="87" xmltv_id="TOON">TOON</channel>
    <channel update="i" site="canada.com.L9H1N3" site_id="88" xmltv_id="COM">COM</channel>
    <channel update="i" site="canada.com.L9H1N3" site_id="89" xmltv_id="COM">COM</channel>
    <channel update="i" site="canada.com.L9H1N3" site_id="90" xmltv_id="SPACE">SPACE</channel>
    <channel update="i" site="canada.com.L9H1N3" site_id="91" xmltv_id="DTOUR">DTOUR</channel>
    <channel update="i" site="canada.com.L9H1N3" site_id="100" xmltv_id="CBAFT">CBAFT</channel>
    <channel update="i" site="canada.com.L9H1N3" site_id="101" xmltv_id="CFER">CFER</channel>
    <channel update="i" site="canada.com.L9H1N3" site_id="102" xmltv_id="CFTF">CFTF</channel>
    <channel update="i" site="canada.com.L9H1N3" site_id="104" xmltv_id="CFRS">CFRS</channel>
    <channel update="i" site="canada.com.L9H1N3" site_id="105" xmltv_id="CJPM">CJPM</channel>
    <channel update="i" site="canada.com.L9H1N3" site_id="106" xmltv_id="CFKS">CFKS</channel>
    <channel update="i" site="canada.com.L9H1N3" site_id="107" xmltv_id="TVASPH">TVASPH</channel>
    <channel update="i" site="canada.com.L9H1N3" site_id="108" xmltv_id="CKSH">CKSH</channel>
    <channel update="i" site="canada.com.L9H1N3" site_id="109" xmltv_id="CFAP">CFAP</channel>
    <channel update="i" site="canada.com.L9H1N3" site_id="110" xmltv_id="CFCM">CFCM</channel>
    <channel update="i" site="canada.com.L9H1N3" site_id="111" xmltv_id="CBVT">CBVT</channel>
    <channel update="i" site="canada.com.L9H1N3" site_id="112" xmltv_id="CBFT">CBFT</channel>
    <channel update="i" site="canada.com.L9H1N3" site_id="113" xmltv_id="SHOP">SHOP</channel>
    <channel update="i" site="canada.com.L9H1N3" site_id="114" xmltv_id="CFJP">CFJP</channel>
    <channel update="i" site="canada.com.L9H1N3" site_id="115" xmltv_id="CFTM">CFTM</channel>
    <channel update="i" site="canada.com.L9H1N3" site_id="117" xmltv_id="CHOT">CHOT</channel>
    <channel update="i" site="canada.com.L9H1N3" site_id="118" xmltv_id="CBWFT">CBWFT</channel>
    <channel update="i" site="canada.com.L9H1N3" site_id="119" xmltv_id="CBXFT">CBXFT</channel>
    <channel update="i" site="canada.com.L9H1N3" site_id="120" xmltv_id="CBUFT">CBUFT</channel>
    <channel update="i" site="canada.com.L9H1N3" site_id="121" xmltv_id="CFTMW">CFTMW</channel>
    <channel update="i" site="canada.com.L9H1N3" site_id="123" xmltv_id="RDS">RDS</channel>
    <channel update="i" site="canada.com.L9H1N3" site_id="124" xmltv_id="RDSI">RDSI</channel>
    <channel update="i" site="canada.com.L9H1N3" site_id="125" xmltv_id="CBOFT">CBOFT</channel>
    <channel update="i" site="canada.com.L9H1N3" site_id="126" xmltv_id="RDI">RDI</channel>
    <channel update="i" site="canada.com.L9H1N3" site_id="127" xmltv_id="LCN">LCN</channel>
    <channel update="i" site="canada.com.L9H1N3" site_id="129" xmltv_id="CAN-D">CAN-D</channel>
    <channel update="i" site="canada.com.L9H1N3" site_id="130" xmltv_id="METEO">METEO</channel>
    <channel update="i" site="canada.com.L9H1N3" site_id="131" xmltv_id="Z">Z</channel>
    <channel update="i" site="canada.com.L9H1N3" site_id="132" xmltv_id="SERI+">SERI+</channel>
  </channels>
</site>