﻿<?xml version="1.0" encoding="UTF-8"?>
<site generator-info-name="WebGrab+Plus/w MDB &amp; REX Postprocess -- version V2.1.11.2 -- Jan van Straaten" site="tvtv.ca">
  <channels>
    <channel update="i" site="tvtv.ca" site_id="36625D/13" xmltv_id="Canal M">Canal M</channel>
    <channel update="i" site="tvtv.ca" site_id="36625D/48" xmltv_id="AMI-tv East">AMI-tv East</channel>
    <channel update="i" site="tvtv.ca" site_id="36625D/49" xmltv_id="AMI-Audio - East">AMI-Audio - East</channel>
    <channel update="i" site="tvtv.ca" site_id="36625D/50" xmltv_id="AMI-télé">AMI-télé</channel>
    <channel update="i" site="tvtv.ca" site_id="36625D/101" xmltv_id="ICI (CBLFT) Toronto">ICI (CBLFT) Toronto</channel>
    <channel update="i" site="tvtv.ca" site_id="36625D/102" xmltv_id="V (CFJP) Montreal, QC">V (CFJP) Montreal, QC</channel>
    <channel update="i" site="tvtv.ca" site_id="36625D/103" xmltv_id="TVA (CFTM) Montréal">TVA (CFTM) Montréal</channel>
    <channel update="i" site="tvtv.ca" site_id="36625D/105" xmltv_id="Meteo-Media">Meteo-Media</channel>
    <channel update="i" site="tvtv.ca" site_id="36625D/106" xmltv_id="Todays Shopping Choice">Todays Shopping Choice</channel>
    <channel update="i" site="tvtv.ca" site_id="36625D/108" xmltv_id="RDS (Réseau des sports)">RDS (Réseau des sports)</channel>
    <channel update="i" site="tvtv.ca" site_id="36625D/109" xmltv_id="RDS 2">RDS 2</channel>
    <channel update="i" site="tvtv.ca" site_id="36625D/110" xmltv_id="RDS Info">RDS Info</channel>
    <channel update="i" site="tvtv.ca" site_id="36625D/111" xmltv_id="TVA Sports">TVA Sports</channel>
    <channel update="i" site="tvtv.ca" site_id="36625D/115" xmltv_id="LCN">LCN</channel>
    <channel update="i" site="tvtv.ca" site_id="36625D/117" xmltv_id="RDI (News)">RDI (News)</channel>
    <channel update="i" site="tvtv.ca" site_id="36625D/118" xmltv_id="Euronews - Français">Euronews - Français</channel>
    <channel update="i" site="tvtv.ca" site_id="36625D/120" xmltv_id="Addik TV">Addik TV</channel>
    <channel update="i" site="tvtv.ca" site_id="36625D/122" xmltv_id="Series +">Series +</channel>
    <channel update="i" site="tvtv.ca" site_id="36625D/123" xmltv_id="Evasion">Evasion</channel>
    <channel update="i" site="tvtv.ca" site_id="36625D/124" xmltv_id="Historia">Historia</channel>
    <channel update="i" site="tvtv.ca" site_id="36625D/125" xmltv_id="Canal D">Canal D</channel>
    <channel update="i" site="tvtv.ca" site_id="36625D/126" xmltv_id="Explora">Explora</channel>
    <channel update="i" site="tvtv.ca" site_id="36625D/127" xmltv_id="Investigation">Investigation</channel>
    <channel update="i" site="tvtv.ca" site_id="36625D/130" xmltv_id="Musique Plus Sur Demande">Musique Plus Sur Demande</channel>
    <channel update="i" site="tvtv.ca" site_id="36625D/131" xmltv_id="Musimax Sur Demande">Musimax Sur Demande</channel>
    <channel update="i" site="tvtv.ca" site_id="36625D/133" xmltv_id="ARTV">ARTV</channel>
    <channel update="i" site="tvtv.ca" site_id="36625D/134" xmltv_id="TV5 International - East">TV5 International - East</channel>
    <channel update="i" site="tvtv.ca" site_id="36625D/135" xmltv_id="CASA">CASA</channel>
    <channel update="i" site="tvtv.ca" site_id="36625D/136" xmltv_id="Zeste">Zeste</channel>
    <channel update="i" site="tvtv.ca" site_id="36625D/137" xmltv_id="Canal Vie">Canal Vie</channel>
    <channel update="i" site="tvtv.ca" site_id="36625D/138" xmltv_id="Moi et compagnie">Moi et compagnie</channel>
    <channel update="i" site="tvtv.ca" site_id="36625D/140" xmltv_id="Prise 2">Prise 2</channel>
    <channel update="i" site="tvtv.ca" site_id="36625D/143" xmltv_id="Assemblee nationale du Quebec">Assemblee nationale du Quebec</channel>
    <channel update="i" site="tvtv.ca" site_id="36625D/145" xmltv_id="TFO - Chaine Francaise">TFO - Chaine Francaise</channel>
    <channel update="i" site="tvtv.ca" site_id="36625D/146" xmltv_id="Tele-Quebec (CIVM) Montreal">Tele-Quebec (CIVM) Montreal</channel>
    <channel update="i" site="tvtv.ca" site_id="36625D/147" xmltv_id="Savoir Média">Savoir Média</channel>
    <channel update="i" site="tvtv.ca" site_id="36625D/150" xmltv_id="VRAK">VRAK</channel>
    <channel update="i" site="tvtv.ca" site_id="36625D/151" xmltv_id="Télémagino">Télémagino</channel>
    <channel update="i" site="tvtv.ca" site_id="36625D/152" xmltv_id="Yoopa">Yoopa</channel>
    <channel update="i" site="tvtv.ca" site_id="36625D/153" xmltv_id="TéléTOON - français">TéléTOON - français</channel>
    <channel update="i" site="tvtv.ca" site_id="36625D/154" xmltv_id="La Chaine Disney">La Chaine Disney</channel>
    <channel update="i" site="tvtv.ca" site_id="36625D/161" xmltv_id="Super Ecran">Super Ecran</channel>
    <channel update="i" site="tvtv.ca" site_id="36625D/162" xmltv_id="Super Ecran 2">Super Ecran 2</channel>
    <channel update="i" site="tvtv.ca" site_id="36625D/163" xmltv_id="Super Ecran 3">Super Ecran 3</channel>
    <channel update="i" site="tvtv.ca" site_id="36625D/164" xmltv_id="Super Ecran 4">Super Ecran 4</channel>
    <channel update="i" site="tvtv.ca" site_id="36625D/165" xmltv_id="Cinépop">Cinépop</channel>
    <channel update="i" site="tvtv.ca" site_id="36625D/170" xmltv_id="ICI (CBFT) Montreal, QC">ICI (CBFT) Montreal, QC</channel>
    <channel update="i" site="tvtv.ca" site_id="36625D/172" xmltv_id="TVA (CFTM) Montréal">TVA (CFTM) Montréal</channel>
    <channel update="i" site="tvtv.ca" site_id="36625D/173" xmltv_id="TVA (CFTM) West Feed">TVA (CFTM) West Feed</channel>
    <channel update="i" site="tvtv.ca" site_id="36625D/175" xmltv_id="ICI (CBAFT) Moncton, NB">ICI (CBAFT) Moncton, NB</channel>
    <channel update="i" site="tvtv.ca" site_id="36625D/176" xmltv_id="ICI (CBFT) Montreal, QC">ICI (CBFT) Montreal, QC</channel>
    <channel update="i" site="tvtv.ca" site_id="36625D/177" xmltv_id="ICI (CBOFT) Ottawa, ON">ICI (CBOFT) Ottawa, ON</channel>
    <channel update="i" site="tvtv.ca" site_id="36625D/178" xmltv_id="ICI (CBUFT) Vancouver, BC">ICI (CBUFT) Vancouver, BC</channel>
    <channel update="i" site="tvtv.ca" site_id="36625D/179" xmltv_id="ICI (CBVT) Quebec, QC - Digital">ICI (CBVT) Quebec, QC - Digital</channel>
    <channel update="i" site="tvtv.ca" site_id="36625D/201" xmltv_id="CTV (CFTO) Toronto, ON">CTV (CFTO) Toronto, ON</channel>
    <channel update="i" site="tvtv.ca" site_id="36625D/202" xmltv_id="CTV2 Barrie, ON (CKVR)">CTV2 Barrie, ON (CKVR)</channel>
    <channel update="i" site="tvtv.ca" site_id="36625D/203" xmltv_id="Global (CIII-DT-41) Toronto">Global (CIII-DT-41) Toronto</channel>
    <channel update="i" site="tvtv.ca" site_id="36625D/204" xmltv_id="CITY Toronto, ON">CITY Toronto, ON</channel>
    <channel update="i" site="tvtv.ca" site_id="36625D/205" xmltv_id="CBC (CBLT) Toronto, ON">CBC (CBLT) Toronto, ON</channel>
    <channel update="i" site="tvtv.ca" site_id="36625D/206" xmltv_id="OMNI.1 (CFMT-DT-1) London">OMNI.1 (CFMT-DT-1) London</channel>
    <channel update="i" site="tvtv.ca" site_id="36625D/207" xmltv_id="OMNI.2">OMNI.2</channel>
    <channel update="i" site="tvtv.ca" site_id="36625D/208" xmltv_id="OMNI.1 Television">OMNI.1 Television</channel>
    <channel update="i" site="tvtv.ca" site_id="36625D/209" xmltv_id="TVO (CICA-DT) Toronto, ON">TVO (CICA-DT) Toronto, ON</channel>
    <channel update="i" site="tvtv.ca" site_id="36625D/210" xmltv_id="CHEK Vancouver Island, BC">CHEK Vancouver Island, BC</channel>
    <channel update="i" site="tvtv.ca" site_id="36625D/211" xmltv_id="CHCH Hamilton, ON">CHCH Hamilton, ON</channel>
    <channel update="i" site="tvtv.ca" site_id="36625D/212" xmltv_id="CJON (NTV) St-John, NL">CJON (NTV) St-John, NL</channel>
    <channel update="i" site="tvtv.ca" site_id="36625D/213" xmltv_id="Vision TV Eastern">Vision TV Eastern</channel>
    <channel update="i" site="tvtv.ca" site_id="36625D/214" xmltv_id="APTN - East">APTN - East</channel>
    <channel update="i" site="tvtv.ca" site_id="36625D/215" xmltv_id="Capital Networks: Shopping Channel 2">Capital Networks: Shopping Channel 2</channel>
    <channel update="i" site="tvtv.ca" site_id="36625D/220" xmltv_id="NBC (WGRZ) Buffalo, NY">NBC (WGRZ) Buffalo, NY</channel>
    <channel update="i" site="tvtv.ca" site_id="36625D/221" xmltv_id="ABC (WKBW) Buffalo, NY">ABC (WKBW) Buffalo, NY</channel>
    <channel update="i" site="tvtv.ca" site_id="36625D/222" xmltv_id="CBS (WIVB) Buffalo, NY">CBS (WIVB) Buffalo, NY</channel>
    <channel update="i" site="tvtv.ca" site_id="36625D/223" xmltv_id="FOX (WUTV) Buffalo, NY">FOX (WUTV) Buffalo, NY</channel>
    <channel update="i" site="tvtv.ca" site_id="36625D/224" xmltv_id="PBS (WNED) Buffalo, NY">PBS (WNED) Buffalo, NY</channel>
    <channel update="i" site="tvtv.ca" site_id="36625D/232" xmltv_id="Global (CKMI) Quebec">Global (CKMI) Quebec</channel>
    <channel update="i" site="tvtv.ca" site_id="36625D/235" xmltv_id="Global (CHEX-TV-2) Durham, ON">Global (CHEX-TV-2) Durham, ON</channel>
    <channel update="i" site="tvtv.ca" site_id="36625D/236" xmltv_id="Global (CHEX) Peterborough, ON">Global (CHEX) Peterborough, ON</channel>
    <channel update="i" site="tvtv.ca" site_id="36625D/237" xmltv_id="Global (CKWS) Kingston, ON">Global (CKWS) Kingston, ON</channel>
    <channel update="i" site="tvtv.ca" site_id="36625D/251" xmltv_id="CTV (CJCH) Halifax">CTV (CJCH) Halifax</channel>
    <channel update="i" site="tvtv.ca" site_id="36625D/252" xmltv_id="CTV Montreal (CFCF), QC">CTV Montreal (CFCF), QC</channel>
    <channel update="i" site="tvtv.ca" site_id="36625D/253" xmltv_id="CTV Vancouver, BC">CTV Vancouver, BC</channel>
    <channel update="i" site="tvtv.ca" site_id="36625D/255" xmltv_id="CTV Ottawa (CJOH), ON">CTV Ottawa (CJOH), ON</channel>
    <channel update="i" site="tvtv.ca" site_id="36625D/256" xmltv_id="CTV (CFCN) Calgary, AB">CTV (CFCN) Calgary, AB</channel>
    <channel update="i" site="tvtv.ca" site_id="36625D/257" xmltv_id="CTV (CKCK) Regina, SK">CTV (CKCK) Regina, SK</channel>
    <channel update="i" site="tvtv.ca" site_id="36625D/258" xmltv_id="CTV2 Atlantic Region">CTV2 Atlantic Region</channel>
    <channel update="i" site="tvtv.ca" site_id="36625D/260" xmltv_id="CTV2 (CIVI-DT2) Vancouver, BC">CTV2 (CIVI-DT2) Vancouver, BC</channel>
    <channel update="i" site="tvtv.ca" site_id="36625D/261" xmltv_id="CTV (CKY) Winnipeg, MB">CTV (CKY) Winnipeg, MB</channel>
    <channel update="i" site="tvtv.ca" site_id="36625D/262" xmltv_id="CTV (CJCB) Sydney/ Cape Breton, NS">CTV (CJCB) Sydney/ Cape Breton, NS</channel>
    <channel update="i" site="tvtv.ca" site_id="36625D/263" xmltv_id="CTV (CKCW) Moncton">CTV (CKCW) Moncton</channel>
    <channel update="i" site="tvtv.ca" site_id="36625D/264" xmltv_id="CTV (CKCO) Kitchener, ON">CTV (CKCO) Kitchener, ON</channel>
    <channel update="i" site="tvtv.ca" site_id="36625D/265" xmltv_id="CTV (CICI) Sudbury, ON">CTV (CICI) Sudbury, ON</channel>
    <channel update="i" site="tvtv.ca" site_id="36625D/266" xmltv_id="CBC (CBAT) Fredericton, NB">CBC (CBAT) Fredericton, NB</channel>
    <channel update="i" site="tvtv.ca" site_id="36625D/267" xmltv_id="CBC (CBLT) Toronto, ON">CBC (CBLT) Toronto, ON</channel>
    <channel update="i" site="tvtv.ca" site_id="36625D/268" xmltv_id="CBC (CBMT) Montreal, QC">CBC (CBMT) Montreal, QC</channel>
    <channel update="i" site="tvtv.ca" site_id="36625D/269" xmltv_id="CBC (CBOT) Ottawa, ON">CBC (CBOT) Ottawa, ON</channel>
    <channel update="i" site="tvtv.ca" site_id="36625D/270" xmltv_id="CBC (CBWT) Winnipeg, MB">CBC (CBWT) Winnipeg, MB</channel>
    <channel update="i" site="tvtv.ca" site_id="36625D/271" xmltv_id="CBC (CBRT) Calgary, AB">CBC (CBRT) Calgary, AB</channel>
    <channel update="i" site="tvtv.ca" site_id="36625D/272" xmltv_id="CBC (CBUT) Vancouver, BC">CBC (CBUT) Vancouver, BC</channel>
    <channel update="i" site="tvtv.ca" site_id="36625D/273" xmltv_id="CBC (CBXT) Edmonton, AB">CBC (CBXT) Edmonton, AB</channel>
    <channel update="i" site="tvtv.ca" site_id="36625D/274" xmltv_id="CTV2 Windsor, ON">CTV2 Windsor, ON</channel>
    <channel update="i" site="tvtv.ca" site_id="36625D/275" xmltv_id="Global (CIHF) Dartmouth">Global (CIHF) Dartmouth</channel>
    <channel update="i" site="tvtv.ca" site_id="36625D/277" xmltv_id="Global BC">Global BC</channel>
    <channel update="i" site="tvtv.ca" site_id="36625D/278" xmltv_id="OMNI Vancouver">OMNI Vancouver</channel>
    <channel update="i" site="tvtv.ca" site_id="36625D/279" xmltv_id="CITY Montreal, QC">CITY Montreal, QC</channel>
    <channel update="i" site="tvtv.ca" site_id="36625D/280" xmltv_id="CITY Montreal, QC">CITY Montreal, QC</channel>
    <channel update="i" site="tvtv.ca" site_id="36625D/281" xmltv_id="CITY Vancouver, BC">CITY Vancouver, BC</channel>
    <channel update="i" site="tvtv.ca" site_id="36625D/282" xmltv_id="CTV (CKNY) North Bay, ON">CTV (CKNY) North Bay, ON</channel>
    <channel update="i" site="tvtv.ca" site_id="36625D/283" xmltv_id="CTV (CHBX) Sault Ste. Marie, ON">CTV (CHBX) Sault Ste. Marie, ON</channel>
    <channel update="i" site="tvtv.ca" site_id="36625D/284" xmltv_id="CTV (CITO) Timmins, ON">CTV (CITO) Timmins, ON</channel>
    <channel update="i" site="tvtv.ca" site_id="36625D/285" xmltv_id="NBC (KING) Seattle, WA">NBC (KING) Seattle, WA</channel>
    <channel update="i" site="tvtv.ca" site_id="36625D/286" xmltv_id="ABC (KOMO) Seattle, WA">ABC (KOMO) Seattle, WA</channel>
    <channel update="i" site="tvtv.ca" site_id="36625D/287" xmltv_id="CBS (KIRO) Seattle, WA">CBS (KIRO) Seattle, WA</channel>
    <channel update="i" site="tvtv.ca" site_id="36625D/288" xmltv_id="FOX (KCPQ) Tacoma, WA - Canada">FOX (KCPQ) Tacoma, WA - Canada</channel>
    <channel update="i" site="tvtv.ca" site_id="36625D/289" xmltv_id="PBS (KCTS) Seattle, WA">PBS (KCTS) Seattle, WA</channel>
    <channel update="i" site="tvtv.ca" site_id="36625D/293" xmltv_id="MNT (WNYO) Buffalo, NY HD">MNT (WNYO) Buffalo, NY HD</channel>
    <channel update="i" site="tvtv.ca" site_id="36625D/294" xmltv_id="Peachtree TV (Canada)">Peachtree TV (Canada)</channel>
    <channel update="i" site="tvtv.ca" site_id="36625D/295" xmltv_id="WGN Canada">WGN Canada</channel>
    <channel update="i" site="tvtv.ca" site_id="36625D/296" xmltv_id="WSBK (TV-38) Boston">WSBK (TV-38) Boston</channel>
    <channel update="i" site="tvtv.ca" site_id="36625D/297" xmltv_id="WPIX New York (SUPERSTATION)">WPIX New York (SUPERSTATION)</channel>
    <channel update="i" site="tvtv.ca" site_id="36625D/298" xmltv_id="KTLA Los Angeles, CA">KTLA Los Angeles, CA</channel>
    <channel update="i" site="tvtv.ca" site_id="36625D/299" xmltv_id="Crave Movies &amp; HBO on Demand">Crave Movies &amp; HBO on Demand</channel>
    <channel update="i" site="tvtv.ca" site_id="36625D/300" xmltv_id="Crave1 - East">Crave1 - East</channel>
    <channel update="i" site="tvtv.ca" site_id="36625D/301" xmltv_id="Crave4">Crave4</channel>
    <channel update="i" site="tvtv.ca" site_id="36625D/302" xmltv_id="Crave3 - East">Crave3 - East</channel>
    <channel update="i" site="tvtv.ca" site_id="36625D/303" xmltv_id="Crave2 - East">Crave2 - East</channel>
    <channel update="i" site="tvtv.ca" site_id="36625D/304" xmltv_id="STARZ1 - East">STARZ1 - East</channel>
    <channel update="i" site="tvtv.ca" site_id="36625D/305" xmltv_id="STARZ2 - East">STARZ2 - East</channel>
    <channel update="i" site="tvtv.ca" site_id="36625D/306" xmltv_id="HBO">HBO</channel>
    <channel update="i" site="tvtv.ca" site_id="36625D/307" xmltv_id="HBO Canada - West">HBO Canada - West</channel>
    <channel update="i" site="tvtv.ca" site_id="36625D/308" xmltv_id="Starz1 onDemand">Starz1 onDemand</channel>
    <channel update="i" site="tvtv.ca" site_id="36625D/325" xmltv_id="Super Channel on Demand">Super Channel on Demand</channel>
    <channel update="i" site="tvtv.ca" site_id="36625D/326" xmltv_id="Super Channel Fuse HD">Super Channel Fuse HD</channel>
    <channel update="i" site="tvtv.ca" site_id="36625D/327" xmltv_id="Super Channel Heart &amp; Home">Super Channel Heart &amp; Home</channel>
    <channel update="i" site="tvtv.ca" site_id="36625D/328" xmltv_id="Super Channel Vault">Super Channel Vault</channel>
    <channel update="i" site="tvtv.ca" site_id="36625D/329" xmltv_id="Ginx eSports TV Canada">Ginx eSports TV Canada</channel>
    <channel update="i" site="tvtv.ca" site_id="36625D/331" xmltv_id="FX Networks Canada">FX Networks Canada</channel>
    <channel update="i" site="tvtv.ca" site_id="36625D/332" xmltv_id="FXX Canada">FXX Canada</channel>
    <channel update="i" site="tvtv.ca" site_id="36625D/333" xmltv_id="Cooking Channel Canada">Cooking Channel Canada</channel>
    <channel update="i" site="tvtv.ca" site_id="36625D/334" xmltv_id="Adult Swim - East">Adult Swim - East</channel>
    <channel update="i" site="tvtv.ca" site_id="36625D/335" xmltv_id="Lifetime TV - Canada">Lifetime TV - Canada</channel>
    <channel update="i" site="tvtv.ca" site_id="36625D/336" xmltv_id="Documentary Channel (Canada)">Documentary Channel (Canada)</channel>
    <channel update="i" site="tvtv.ca" site_id="36625D/337" xmltv_id="Silver Screen Classics">Silver Screen Classics</channel>
    <channel update="i" site="tvtv.ca" site_id="36625D/338" xmltv_id="Turner Classic Movies Canada">Turner Classic Movies Canada</channel>
    <channel update="i" site="tvtv.ca" site_id="36625D/339" xmltv_id="AMC - Canada">AMC - Canada</channel>
    <channel update="i" site="tvtv.ca" site_id="36625D/340" xmltv_id="MovieTime">MovieTime</channel>
    <channel update="i" site="tvtv.ca" site_id="36625D/400" xmltv_id="TSN4">TSN4</channel>
    <channel update="i" site="tvtv.ca" site_id="36625D/401" xmltv_id="TSN1">TSN1</channel>
    <channel update="i" site="tvtv.ca" site_id="36625D/402" xmltv_id="TSN2">TSN2</channel>
    <channel update="i" site="tvtv.ca" site_id="36625D/403" xmltv_id="TSN3">TSN3</channel>
    <channel update="i" site="tvtv.ca" site_id="36625D/404" xmltv_id="TSN5">TSN5</channel>
    <channel update="i" site="tvtv.ca" site_id="36625D/405" xmltv_id="Sportsnet (Ontario)">Sportsnet (Ontario)</channel>
    <channel update="i" site="tvtv.ca" site_id="36625D/406" xmltv_id="Sportsnet (East)">Sportsnet (East)</channel>
    <channel update="i" site="tvtv.ca" site_id="36625D/407" xmltv_id="Sportsnet (Pacific)">Sportsnet (Pacific)</channel>
    <channel update="i" site="tvtv.ca" site_id="36625D/408" xmltv_id="Sportsnet (West)">Sportsnet (West)</channel>
    <channel update="i" site="tvtv.ca" site_id="36625D/409" xmltv_id="ESPN Classic Canada">ESPN Classic Canada</channel>
    <channel update="i" site="tvtv.ca" site_id="36625D/410" xmltv_id="Sportsnet 360">Sportsnet 360</channel>
    <channel update="i" site="tvtv.ca" site_id="36625D/411" xmltv_id="Outdoor Life Network Canada">Outdoor Life Network Canada</channel>
    <channel update="i" site="tvtv.ca" site_id="36625D/415" xmltv_id="NBA TV Canada">NBA TV Canada</channel>
    <channel update="i" site="tvtv.ca" site_id="36625D/416" xmltv_id="Golf Channel Canada">Golf Channel Canada</channel>
    <channel update="i" site="tvtv.ca" site_id="36625D/417" xmltv_id="CBS Sports Network Canada">CBS Sports Network Canada</channel>
    <channel update="i" site="tvtv.ca" site_id="36625D/418" xmltv_id="Sportsnet One">Sportsnet One</channel>
    <channel update="i" site="tvtv.ca" site_id="36625D/419" xmltv_id="WFN-World Fishing Network">WFN-World Fishing Network</channel>
    <channel update="i" site="tvtv.ca" site_id="36625D/420" xmltv_id="Sportsnet World">Sportsnet World</channel>
    <channel update="i" site="tvtv.ca" site_id="36625D/422" xmltv_id="Leafs Nation Network">Leafs Nation Network</channel>
    <channel update="i" site="tvtv.ca" site_id="36625D/423" xmltv_id="Fight Network Canada">Fight Network Canada</channel>
    <channel update="i" site="tvtv.ca" site_id="36625D/424" xmltv_id="Wild Pursuit Network">Wild Pursuit Network</channel>
    <channel update="i" site="tvtv.ca" site_id="36625D/426" xmltv_id="NHL Center Ice 1">NHL Center Ice 1</channel>
    <channel update="i" site="tvtv.ca" site_id="36625D/427" xmltv_id="NHL Center Ice 2">NHL Center Ice 2</channel>
    <channel update="i" site="tvtv.ca" site_id="36625D/428" xmltv_id="NHL Center Ice 3">NHL Center Ice 3</channel>
    <channel update="i" site="tvtv.ca" site_id="36625D/429" xmltv_id="NHL Center Ice 4">NHL Center Ice 4</channel>
    <channel update="i" site="tvtv.ca" site_id="36625D/430" xmltv_id="NHL Center Ice 5">NHL Center Ice 5</channel>
    <channel update="i" site="tvtv.ca" site_id="36625D/431" xmltv_id="NHL Center Ice 6">NHL Center Ice 6</channel>
    <channel update="i" site="tvtv.ca" site_id="36625D/432" xmltv_id="NHL Center Ice 7">NHL Center Ice 7</channel>
    <channel update="i" site="tvtv.ca" site_id="36625D/433" xmltv_id="NHL Center Ice 8">NHL Center Ice 8</channel>
    <channel update="i" site="tvtv.ca" site_id="36625D/434" xmltv_id="NHL Center Ice 9">NHL Center Ice 9</channel>
    <channel update="i" site="tvtv.ca" site_id="36625D/435" xmltv_id="NHL Center Ice 10">NHL Center Ice 10</channel>
    <channel update="i" site="tvtv.ca" site_id="36625D/448" xmltv_id="NFL Network">NFL Network</channel>
    <channel update="i" site="tvtv.ca" site_id="36625D/449" xmltv_id="NFL Red Zone">NFL Red Zone</channel>
    <channel update="i" site="tvtv.ca" site_id="36625D/450" xmltv_id="MLB Network Canada">MLB Network Canada</channel>
    <channel update="i" site="tvtv.ca" site_id="36625D/451" xmltv_id="NFL Sunday Ticket 1">NFL Sunday Ticket 1</channel>
    <channel update="i" site="tvtv.ca" site_id="36625D/452" xmltv_id="NFL Sunday Ticket 2">NFL Sunday Ticket 2</channel>
    <channel update="i" site="tvtv.ca" site_id="36625D/453" xmltv_id="NFL Sunday Ticket 3">NFL Sunday Ticket 3</channel>
    <channel update="i" site="tvtv.ca" site_id="36625D/454" xmltv_id="NFL Sunday Ticket 4">NFL Sunday Ticket 4</channel>
    <channel update="i" site="tvtv.ca" site_id="36625D/455" xmltv_id="NFL Sunday Ticket 5">NFL Sunday Ticket 5</channel>
    <channel update="i" site="tvtv.ca" site_id="36625D/456" xmltv_id="NFL Sunday Ticket 6">NFL Sunday Ticket 6</channel>
    <channel update="i" site="tvtv.ca" site_id="36625D/457" xmltv_id="NFL Sunday Ticket 7">NFL Sunday Ticket 7</channel>
    <channel update="i" site="tvtv.ca" site_id="36625D/458" xmltv_id="NFL Sunday Ticket 8">NFL Sunday Ticket 8</channel>
    <channel update="i" site="tvtv.ca" site_id="36625D/459" xmltv_id="NFL Sunday Ticket 9">NFL Sunday Ticket 9</channel>
    <channel update="i" site="tvtv.ca" site_id="36625D/460" xmltv_id="NFL Sunday Ticket 10">NFL Sunday Ticket 10</channel>
    <channel update="i" site="tvtv.ca" site_id="36625D/461" xmltv_id="NFL Sunday Ticket 11">NFL Sunday Ticket 11</channel>
    <channel update="i" site="tvtv.ca" site_id="36625D/462" xmltv_id="NFL Sunday Ticket 12">NFL Sunday Ticket 12</channel>
    <channel update="i" site="tvtv.ca" site_id="36625D/463" xmltv_id="NFL Sunday Ticket 13">NFL Sunday Ticket 13</channel>
    <channel update="i" site="tvtv.ca" site_id="36625D/464" xmltv_id="NFL Sunday Ticket 14">NFL Sunday Ticket 14</channel>
    <channel update="i" site="tvtv.ca" site_id="36625D/475" xmltv_id="HPItv Canada">HPItv Canada</channel>
    <channel update="i" site="tvtv.ca" site_id="36625D/478" xmltv_id="HPItv">HPItv</channel>
    <channel update="i" site="tvtv.ca" site_id="36625D/485" xmltv_id="Bell Fibe: MLB Extra Innings 1">Bell Fibe: MLB Extra Innings 1</channel>
    <channel update="i" site="tvtv.ca" site_id="36625D/486" xmltv_id="Bell Fibe: MLB Extra Innings 2">Bell Fibe: MLB Extra Innings 2</channel>
    <channel update="i" site="tvtv.ca" site_id="36625D/487" xmltv_id="Bell Fibe: MLB Extra Innings 3">Bell Fibe: MLB Extra Innings 3</channel>
    <channel update="i" site="tvtv.ca" site_id="36625D/488" xmltv_id="Bell Fibe: MLB Extra Innings 4">Bell Fibe: MLB Extra Innings 4</channel>
    <channel update="i" site="tvtv.ca" site_id="36625D/489" xmltv_id="Bell Fibe: MLB Extra Innings 5">Bell Fibe: MLB Extra Innings 5</channel>
    <channel update="i" site="tvtv.ca" site_id="36625D/490" xmltv_id="Bell Fibe: MLB Extra Innings 6">Bell Fibe: MLB Extra Innings 6</channel>
    <channel update="i" site="tvtv.ca" site_id="36625D/491" xmltv_id="Bell Fibe: MLB Extra Innings 7">Bell Fibe: MLB Extra Innings 7</channel>
    <channel update="i" site="tvtv.ca" site_id="36625D/492" xmltv_id="Bell Fibe: MLB Extra Innings 8">Bell Fibe: MLB Extra Innings 8</channel>
    <channel update="i" site="tvtv.ca" site_id="36625D/493" xmltv_id="Bell Fibe: MLB Extra Innings 9">Bell Fibe: MLB Extra Innings 9</channel>
    <channel update="i" site="tvtv.ca" site_id="36625D/494" xmltv_id="Bell Fibe: MLB Extra Innings 10">Bell Fibe: MLB Extra Innings 10</channel>
    <channel update="i" site="tvtv.ca" site_id="36625D/495" xmltv_id="Bell Fibe: MLB Extra Innings 11">Bell Fibe: MLB Extra Innings 11</channel>
    <channel update="i" site="tvtv.ca" site_id="36625D/496" xmltv_id="Bell Fibe: MLB Extra Innings 12">Bell Fibe: MLB Extra Innings 12</channel>
    <channel update="i" site="tvtv.ca" site_id="36625D/497" xmltv_id="Bell Fibe: MLB Extra Innings 13">Bell Fibe: MLB Extra Innings 13</channel>
    <channel update="i" site="tvtv.ca" site_id="36625D/500" xmltv_id="CNN">CNN</channel>
    <channel update="i" site="tvtv.ca" site_id="36625D/501" xmltv_id="CTV News Channel">CTV News Channel</channel>
    <channel update="i" site="tvtv.ca" site_id="36625D/502" xmltv_id="CBC News Network">CBC News Network</channel>
    <channel update="i" site="tvtv.ca" site_id="36625D/503" xmltv_id="CP24 (CablePulse 24)">CP24 (CablePulse 24)</channel>
    <channel update="i" site="tvtv.ca" site_id="36625D/504" xmltv_id="BNN Bloomberg">BNN Bloomberg</channel>
    <channel update="i" site="tvtv.ca" site_id="36625D/505" xmltv_id="Weather Network">Weather Network</channel>
    <channel update="i" site="tvtv.ca" site_id="36625D/506" xmltv_id="Fox News">Fox News</channel>
    <channel update="i" site="tvtv.ca" site_id="36625D/507" xmltv_id="Fox News">Fox News</channel>
    <channel update="i" site="tvtv.ca" site_id="36625D/508" xmltv_id="HLN">HLN</channel>
    <channel update="i" site="tvtv.ca" site_id="36625D/509" xmltv_id="CNBC Canada">CNBC Canada</channel>
    <channel update="i" site="tvtv.ca" site_id="36625D/510" xmltv_id="BBC World - North America">BBC World - North America</channel>
    <channel update="i" site="tvtv.ca" site_id="36625D/511" xmltv_id="CNN International North America">CNN International North America</channel>
    <channel update="i" site="tvtv.ca" site_id="36625D/512" xmltv_id="CPAC Ottawa">CPAC Ottawa</channel>
    <channel update="i" site="tvtv.ca" site_id="36625D/513" xmltv_id="Ontario Legislature">Ontario Legislature</channel>
    <channel update="i" site="tvtv.ca" site_id="36625D/517" xmltv_id="RT - Russia Today">RT - Russia Today</channel>
    <channel update="i" site="tvtv.ca" site_id="36625D/520" xmltv_id="Discovery Channel (CAN)">Discovery Channel (CAN)</channel>
    <channel update="i" site="tvtv.ca" site_id="36625D/521" xmltv_id="TLC Canada">TLC Canada</channel>
    <channel update="i" site="tvtv.ca" site_id="36625D/522" xmltv_id="History Canada East">History Canada East</channel>
    <channel update="i" site="tvtv.ca" site_id="36625D/523" xmltv_id="Discovery Science Canada">Discovery Science Canada</channel>
    <channel update="i" site="tvtv.ca" site_id="36625D/524" xmltv_id="National Geographic Canada">National Geographic Canada</channel>
    <channel update="i" site="tvtv.ca" site_id="36625D/525" xmltv_id="Animal Planet Canada">Animal Planet Canada</channel>
    <channel update="i" site="tvtv.ca" site_id="36625D/526" xmltv_id="Oprah Winfrey Network Canada">Oprah Winfrey Network Canada</channel>
    <channel update="i" site="tvtv.ca" site_id="36625D/527" xmltv_id="Travel + Escape">Travel + Escape</channel>
    <channel update="i" site="tvtv.ca" site_id="36625D/528" xmltv_id="Investigation Discovery Canada">Investigation Discovery Canada</channel>
    <channel update="i" site="tvtv.ca" site_id="36625D/529" xmltv_id="Book Television">Book Television</channel>
    <channel update="i" site="tvtv.ca" site_id="36625D/547" xmltv_id="Kids OnDemand">Kids OnDemand</channel>
    <channel update="i" site="tvtv.ca" site_id="36625D/548" xmltv_id="Family Channel on Demand">Family Channel on Demand</channel>
    <channel update="i" site="tvtv.ca" site_id="36625D/549" xmltv_id="Disney Junior Canada">Disney Junior Canada</channel>
    <channel update="i" site="tvtv.ca" site_id="36625D/550" xmltv_id="YTV On Demand">YTV On Demand</channel>
    <channel update="i" site="tvtv.ca" site_id="36625D/551" xmltv_id="YTV (Youth Television) - East">YTV (Youth Television) - East</channel>
    <channel update="i" site="tvtv.ca" site_id="36625D/552" xmltv_id="YTV (Youth Television) - Pacific">YTV (Youth Television) - Pacific</channel>
    <channel update="i" site="tvtv.ca" site_id="36625D/554" xmltv_id="Teletoon - East">Teletoon - East</channel>
    <channel update="i" site="tvtv.ca" site_id="36625D/555" xmltv_id="Teletoon - West">Teletoon - West</channel>
    <channel update="i" site="tvtv.ca" site_id="36625D/556" xmltv_id="Family Channel Canada - East">Family Channel Canada - East</channel>
    <channel update="i" site="tvtv.ca" site_id="36625D/557" xmltv_id="Family Channel Canada - West">Family Channel Canada - West</channel>
    <channel update="i" site="tvtv.ca" site_id="36625D/558" xmltv_id="Family Channel on Demand">Family Channel on Demand</channel>
    <channel update="i" site="tvtv.ca" site_id="36625D/559" xmltv_id="Nickelodeon Canada">Nickelodeon Canada</channel>
    <channel update="i" site="tvtv.ca" site_id="36625D/560" xmltv_id="Treehouse">Treehouse</channel>
    <channel update="i" site="tvtv.ca" site_id="36625D/561" xmltv_id="Treehouse On Demand">Treehouse On Demand</channel>
    <channel update="i" site="tvtv.ca" site_id="36625D/562" xmltv_id="Family CHRGD">Family CHRGD</channel>
    <channel update="i" site="tvtv.ca" site_id="36625D/564" xmltv_id="ABC Spark">ABC Spark</channel>
    <channel update="i" site="tvtv.ca" site_id="36625D/567" xmltv_id="Cartoon Network Canada">Cartoon Network Canada</channel>
    <channel update="i" site="tvtv.ca" site_id="36625D/570" xmltv_id="Much Music">Much Music</channel>
    <channel update="i" site="tvtv.ca" site_id="36625D/572" xmltv_id="A.Side TV">A.Side TV</channel>
    <channel update="i" site="tvtv.ca" site_id="36625D/573" xmltv_id="MTV Canada">MTV Canada</channel>
    <channel update="i" site="tvtv.ca" site_id="36625D/574" xmltv_id="MTV 2 Canada">MTV 2 Canada</channel>
    <channel update="i" site="tvtv.ca" site_id="36625D/575" xmltv_id="CMT Canada">CMT Canada</channel>
    <channel update="i" site="tvtv.ca" site_id="36625D/576" xmltv_id="BET - Canada">BET - Canada</channel>
    <channel update="i" site="tvtv.ca" site_id="36625D/600" xmltv_id="HGTV Canada">HGTV Canada</channel>
    <channel update="i" site="tvtv.ca" site_id="36625D/601" xmltv_id="Slice">Slice</channel>
    <channel update="i" site="tvtv.ca" site_id="36625D/602" xmltv_id="W (WTN) - East">W (WTN) - East</channel>
    <channel update="i" site="tvtv.ca" site_id="36625D/603" xmltv_id="Food Network Canada">Food Network Canada</channel>
    <channel update="i" site="tvtv.ca" site_id="36625D/605" xmltv_id="Fashion Television">Fashion Television</channel>
    <channel update="i" site="tvtv.ca" site_id="36625D/606" xmltv_id="One America News Network">One America News Network</channel>
    <channel update="i" site="tvtv.ca" site_id="36625D/607" xmltv_id="Do It Yourself Network (Canada)">Do It Yourself Network (Canada)</channel>
    <channel update="i" site="tvtv.ca" site_id="36625D/609" xmltv_id="OUTtv">OUTtv</channel>
    <channel update="i" site="tvtv.ca" site_id="36625D/610" xmltv_id="Cooking Channel Canada">Cooking Channel Canada</channel>
    <channel update="i" site="tvtv.ca" site_id="36625D/614" xmltv_id="Todays Shopping Choice">Todays Shopping Choice</channel>
    <channel update="i" site="tvtv.ca" site_id="36625D/615" xmltv_id="A&amp;E Canada">A&amp;E Canada</channel>
    <channel update="i" site="tvtv.ca" site_id="36625D/616" xmltv_id="Showcase Canada">Showcase Canada</channel>
    <channel update="i" site="tvtv.ca" site_id="36625D/618" xmltv_id="DTOUR">DTOUR</channel>
    <channel update="i" site="tvtv.ca" site_id="36625D/619" xmltv_id="CTV Life">CTV Life</channel>
    <channel update="i" site="tvtv.ca" site_id="36625D/620" xmltv_id="CTV Drama">CTV Drama</channel>
    <channel update="i" site="tvtv.ca" site_id="36625D/621" xmltv_id="E! Canada">E! Canada</channel>
    <channel update="i" site="tvtv.ca" site_id="36625D/625" xmltv_id="CTV Comedy - East">CTV Comedy - East</channel>
    <channel update="i" site="tvtv.ca" site_id="36625D/626" xmltv_id="CTV Comedy - West">CTV Comedy - West</channel>
    <channel update="i" site="tvtv.ca" site_id="36625D/627" xmltv_id="CTV Sci-Fi">CTV Sci-Fi</channel>
    <channel update="i" site="tvtv.ca" site_id="36625D/628" xmltv_id="Paramount Network Canada">Paramount Network Canada</channel>
    <channel update="i" site="tvtv.ca" site_id="36625D/629" xmltv_id="History 2 Canada">History 2 Canada</channel>
    <channel update="i" site="tvtv.ca" site_id="36625D/631" xmltv_id="American Heroes Channel">American Heroes Channel</channel>
    <channel update="i" site="tvtv.ca" site_id="36625D/632" xmltv_id="Daystar Canada">Daystar Canada</channel>
    <channel update="i" site="tvtv.ca" site_id="36625D/633" xmltv_id="EWTN Canada">EWTN Canada</channel>
    <channel update="i" site="tvtv.ca" site_id="36625D/635" xmltv_id="BBC Canada East">BBC Canada East</channel>
    <channel update="i" site="tvtv.ca" site_id="36625D/636" xmltv_id="Deja View">Deja View</channel>
    <channel update="i" site="tvtv.ca" site_id="36625D/638" xmltv_id="Crime + Investigation">Crime + Investigation</channel>
    <channel update="i" site="tvtv.ca" site_id="36625D/639" xmltv_id="Game Show Network - East">Game Show Network - East</channel>
    <channel update="i" site="tvtv.ca" site_id="36625D/640" xmltv_id="Makeful">Makeful</channel>
    <channel update="i" site="tvtv.ca" site_id="36625D/641" xmltv_id="Cottage Life">Cottage Life</channel>
    <channel update="i" site="tvtv.ca" site_id="36625D/642" xmltv_id="DD Bharati (Doordarshan)">DD Bharati (Doordarshan)</channel>
    <channel update="i" site="tvtv.ca" site_id="36625D/643" xmltv_id="DD India (Doordarshan)">DD India (Doordarshan)</channel>
    <channel update="i" site="tvtv.ca" site_id="36625D/644" xmltv_id="DD Urdu (Doordarshan)">DD Urdu (Doordarshan)</channel>
    <channel update="i" site="tvtv.ca" site_id="36625D/645" xmltv_id="ATN - Aapka Colors">ATN - Aapka Colors</channel>
    <channel update="i" site="tvtv.ca" site_id="36625D/646" xmltv_id="ATN - News 18">ATN - News 18</channel>
    <channel update="i" site="tvtv.ca" site_id="36625D/648" xmltv_id="TVCI">TVCI</channel>
    <channel update="i" site="tvtv.ca" site_id="36625D/650" xmltv_id="DD News (Doordarshan)">DD News (Doordarshan)</channel>
    <channel update="i" site="tvtv.ca" site_id="36625D/651" xmltv_id="Yes TV (CITS) Burlington, ON">Yes TV (CITS) Burlington, ON</channel>
    <channel update="i" site="tvtv.ca" site_id="36625D/654" xmltv_id="Salt &amp; Light">Salt &amp; Light</channel>
    <channel update="i" site="tvtv.ca" site_id="36625D/656" xmltv_id="CCTV-3 (Arts &amp; Entertainment)">CCTV-3 (Arts &amp; Entertainment)</channel>
    <channel update="i" site="tvtv.ca" site_id="36625D/657" xmltv_id="CCTV-4 America">CCTV-4 America</channel>
    <channel update="i" site="tvtv.ca" site_id="36625D/667" xmltv_id="ATN - Sikh">ATN - Sikh</channel>
    <channel update="i" site="tvtv.ca" site_id="36625D/669" xmltv_id="Zee Punjabi">Zee Punjabi</channel>
    <channel update="i" site="tvtv.ca" site_id="36625D/670" xmltv_id="Halla Bol!">Halla Bol!</channel>
    <channel update="i" site="tvtv.ca" site_id="36625D/672" xmltv_id="Zee Tamizh">Zee Tamizh</channel>
    <channel update="i" site="tvtv.ca" site_id="36625D/678" xmltv_id="ATN - Brit. Asia">ATN - Brit. Asia</channel>
    <channel update="i" site="tvtv.ca" site_id="36625D/679" xmltv_id="ATN - Food Food">ATN - Food Food</channel>
    <channel update="i" site="tvtv.ca" site_id="36625D/681" xmltv_id="ATN - Movies Plus">ATN - Movies Plus</channel>
    <channel update="i" site="tvtv.ca" site_id="36625D/682" xmltv_id="Sony Mix">Sony Mix</channel>
    <channel update="i" site="tvtv.ca" site_id="36625D/683" xmltv_id="Zee Bollywood">Zee Bollywood</channel>
    <channel update="i" site="tvtv.ca" site_id="36625D/688" xmltv_id="RTS Sat (RTC)">RTS Sat (RTC)</channel>
    <channel update="i" site="tvtv.ca" site_id="36625D/692" xmltv_id="NOVA World">NOVA World</channel>
    <channel update="i" site="tvtv.ca" site_id="36625D/700" xmltv_id="Telelatino HD">Telelatino HD</channel>
    <channel update="i" site="tvtv.ca" site_id="36625D/701" xmltv_id="RAI Italia 1">RAI Italia 1</channel>
    <channel update="i" site="tvtv.ca" site_id="36625D/702" xmltv_id="Rai News 24">Rai News 24</channel>
    <channel update="i" site="tvtv.ca" site_id="36625D/705" xmltv_id="Fairchild TV 2 HD">Fairchild TV 2 HD</channel>
    <channel update="i" site="tvtv.ca" site_id="36625D/714" xmltv_id="CCTV-3 (Arts &amp; Entertainment)">CCTV-3 (Arts &amp; Entertainment)</channel>
    <channel update="i" site="tvtv.ca" site_id="36625D/715" xmltv_id="Phoenix InfoNews">Phoenix InfoNews</channel>
    <channel update="i" site="tvtv.ca" site_id="36625D/716" xmltv_id="Fairchild TV - East (Mandarin)">Fairchild TV - East (Mandarin)</channel>
    <channel update="i" site="tvtv.ca" site_id="36625D/717" xmltv_id="Fairchild TV - East">Fairchild TV - East</channel>
    <channel update="i" site="tvtv.ca" site_id="36625D/718" xmltv_id="Fairchild TV - Pacific">Fairchild TV - Pacific</channel>
    <channel update="i" site="tvtv.ca" site_id="36625D/719" xmltv_id="Talentvision">Talentvision</channel>
    <channel update="i" site="tvtv.ca" site_id="36625D/720" xmltv_id="CCTV-4 America">CCTV-4 America</channel>
    <channel update="i" site="tvtv.ca" site_id="36625D/726" xmltv_id="Jiangsu International">Jiangsu International</channel>
    <channel update="i" site="tvtv.ca" site_id="36625D/727" xmltv_id="New Tang Dynasty TV">New Tang Dynasty TV</channel>
    <channel update="i" site="tvtv.ca" site_id="36625D/729" xmltv_id="LS Times">LS Times</channel>
    <channel update="i" site="tvtv.ca" site_id="36625D/736" xmltv_id="TV Polonia">TV Polonia</channel>
    <channel update="i" site="tvtv.ca" site_id="36625D/740" xmltv_id="TVP Info - Telewizja Polska">TVP Info - Telewizja Polska</channel>
    <channel update="i" site="tvtv.ca" site_id="36625D/745" xmltv_id="TV Japan HD">TV Japan HD</channel>
    <channel update="i" site="tvtv.ca" site_id="36625D/750" xmltv_id="VGNTV (Saigon Broadcasting Television Network)">VGNTV (Saigon Broadcasting Television Network)</channel>
    <channel update="i" site="tvtv.ca" site_id="36625D/753" xmltv_id="Al Nahar Drama">Al Nahar Drama</channel>
    <channel update="i" site="tvtv.ca" site_id="36625D/754" xmltv_id="ITN (Iran TV Network)">ITN (Iran TV Network)</channel>
    <channel update="i" site="tvtv.ca" site_id="36625D/756" xmltv_id="MBC America (Korean)">MBC America (Korean)</channel>
    <channel update="i" site="tvtv.ca" site_id="36625D/757" xmltv_id="ARY Musik">ARY Musik</channel>
    <channel update="i" site="tvtv.ca" site_id="36625D/759" xmltv_id="ATN - ARY News">ATN - ARY News</channel>
    <channel update="i" site="tvtv.ca" site_id="36625D/760" xmltv_id="ARY Zauq">ARY Zauq</channel>
    <channel update="i" site="tvtv.ca" site_id="36625D/762" xmltv_id="Dream 2">Dream 2</channel>
    <channel update="i" site="tvtv.ca" site_id="36625D/763" xmltv_id="Future TV International">Future TV International</channel>
    <channel update="i" site="tvtv.ca" site_id="36625D/764" xmltv_id="Melody Aflam">Melody Aflam</channel>
    <channel update="i" site="tvtv.ca" site_id="36625D/766" xmltv_id="Melody Drama">Melody Drama</channel>
    <channel update="i" site="tvtv.ca" site_id="36625D/767" xmltv_id="Al Nahar Canada">Al Nahar Canada</channel>
    <channel update="i" site="tvtv.ca" site_id="36625D/769" xmltv_id="BBC Arabic Canada">BBC Arabic Canada</channel>
    <channel update="i" site="tvtv.ca" site_id="36625D/770" xmltv_id="Adult On Demand">Adult On Demand</channel>
    <channel update="i" site="tvtv.ca" site_id="36625D/777" xmltv_id="Red Hot TV">Red Hot TV</channel>
    <channel update="i" site="tvtv.ca" site_id="36625D/778" xmltv_id="Dorcel TV (Français) HD">Dorcel TV (Français) HD</channel>
    <channel update="i" site="tvtv.ca" site_id="36625D/780" xmltv_id="Playboy">Playboy</channel>
    <channel update="i" site="tvtv.ca" site_id="36625D/783" xmltv_id="Playboy HD">Playboy HD</channel>
    <channel update="i" site="tvtv.ca" site_id="36625D/785" xmltv_id="Zee Cinema">Zee Cinema</channel>
    <channel update="i" site="tvtv.ca" site_id="36625D/788" xmltv_id="ATN - Times Now (English)">ATN - Times Now (English)</channel>
    <channel update="i" site="tvtv.ca" site_id="36625D/789" xmltv_id="India Today">India Today</channel>
    <channel update="i" site="tvtv.ca" site_id="36625D/790" xmltv_id="Aapka Colors">Aapka Colors</channel>
    <channel update="i" site="tvtv.ca" site_id="36625D/791" xmltv_id="ATN - Zoom (Hindi)">ATN - Zoom (Hindi)</channel>
    <channel update="i" site="tvtv.ca" site_id="36625D/792" xmltv_id="ATN - SAB TV (Hindi)">ATN - SAB TV (Hindi)</channel>
    <channel update="i" site="tvtv.ca" site_id="36625D/793" xmltv_id="ATN - AASTHA">ATN - AASTHA</channel>
    <channel update="i" site="tvtv.ca" site_id="36625D/794" xmltv_id="ATN - Sports">ATN - Sports</channel>
    <channel update="i" site="tvtv.ca" site_id="36625D/795" xmltv_id="B4U Music North America">B4U Music North America</channel>
    <channel update="i" site="tvtv.ca" site_id="36625D/796" xmltv_id="CBN (Commonwealth Broadcasting Network)">CBN (Commonwealth Broadcasting Network)</channel>
    <channel update="i" site="tvtv.ca" site_id="36625D/798" xmltv_id="FILMY">FILMY</channel>
    <channel update="i" site="tvtv.ca" site_id="36625D/800" xmltv_id="NDTV Good Times">NDTV Good Times</channel>
    <channel update="i" site="tvtv.ca" site_id="36625D/801" xmltv_id="Big Magic International">Big Magic International</channel>
    <channel update="i" site="tvtv.ca" site_id="36625D/802" xmltv_id="ATN - Set Max">ATN - Set Max</channel>
    <channel update="i" site="tvtv.ca" site_id="36625D/803" xmltv_id="ATN - Max 2">ATN - Max 2</channel>
    <channel update="i" site="tvtv.ca" site_id="36625D/808" xmltv_id="Aaj Tak">Aaj Tak</channel>
    <channel update="i" site="tvtv.ca" site_id="36625D/809" xmltv_id="B4U Movies North America">B4U Movies North America</channel>
    <channel update="i" site="tvtv.ca" site_id="36625D/811" xmltv_id="ATN - The ATN Channel">ATN - The ATN Channel</channel>
    <channel update="i" site="tvtv.ca" site_id="36625D/814" xmltv_id="ATN - Bangla">ATN - Bangla</channel>
    <channel update="i" site="tvtv.ca" site_id="36625D/817" xmltv_id="ATN Malayalam">ATN Malayalam</channel>
    <channel update="i" site="tvtv.ca" site_id="36625D/818" xmltv_id="ATN - Punjabi">ATN - Punjabi</channel>
    <channel update="i" site="tvtv.ca" site_id="36625D/820" xmltv_id="Channel Punjabi">Channel Punjabi</channel>
    <channel update="i" site="tvtv.ca" site_id="36625D/821" xmltv_id="ATN - PM One">ATN - PM One</channel>
    <channel update="i" site="tvtv.ca" site_id="36625D/824" xmltv_id="ATN - Jaya TV (Tamil)">ATN - Jaya TV (Tamil)</channel>
    <channel update="i" site="tvtv.ca" site_id="36625D/825" xmltv_id="PTC Punjabi">PTC Punjabi</channel>
    <channel update="i" site="tvtv.ca" site_id="36625D/826" xmltv_id="ATN - TV 18 Urdu">ATN - TV 18 Urdu</channel>
    <channel update="i" site="tvtv.ca" site_id="36625D/827" xmltv_id="GEO TV">GEO TV</channel>
    <channel update="i" site="tvtv.ca" site_id="36625D/829" xmltv_id="ARY QTV">ARY QTV</channel>
    <channel update="i" site="tvtv.ca" site_id="36625D/834" xmltv_id="Zee Salaam">Zee Salaam</channel>
    <channel update="i" site="tvtv.ca" site_id="36625D/837" xmltv_id="Zing">Zing</channel>
    <channel update="i" site="tvtv.ca" site_id="36625D/838" xmltv_id="Zee TV Canada HD">Zee TV Canada HD</channel>
    <channel update="i" site="tvtv.ca" site_id="36625D/840" xmltv_id="ATN - Gujarati">ATN - Gujarati</channel>
    <channel update="i" site="tvtv.ca" site_id="36625D/845" xmltv_id="TamilVision">TamilVision</channel>
    <channel update="i" site="tvtv.ca" site_id="36625D/846" xmltv_id="Abu Dhabi TV">Abu Dhabi TV</channel>
    <channel update="i" site="tvtv.ca" site_id="36625D/848" xmltv_id="Zee Bangla">Zee Bangla</channel>
    <channel update="i" site="tvtv.ca" site_id="36625D/851" xmltv_id="DW English">DW English</channel>
    <channel update="i" site="tvtv.ca" site_id="36625D/857" xmltv_id="GMA Pinoy TV">GMA Pinoy TV</channel>
    <channel update="i" site="tvtv.ca" site_id="36625D/859" xmltv_id="TFC - The Filipino Channel">TFC - The Filipino Channel</channel>
    <channel update="i" site="tvtv.ca" site_id="36625D/860" xmltv_id="Filipino TV">Filipino TV</channel>
    <channel update="i" site="tvtv.ca" site_id="36625D/864" xmltv_id="Caracol TV Internacional">Caracol TV Internacional</channel>
    <channel update="i" site="tvtv.ca" site_id="36625D/867" xmltv_id="Univision Canada">Univision Canada</channel>
    <channel update="i" site="tvtv.ca" site_id="36625D/873" xmltv_id="beIN Sport en Espanol">beIN Sport en Espanol</channel>
    <channel update="i" site="tvtv.ca" site_id="36625D/874" xmltv_id="Tele N">Tele N</channel>
    <channel update="i" site="tvtv.ca" site_id="36625D/876" xmltv_id="TV Rain">TV Rain</channel>
    <channel update="i" site="tvtv.ca" site_id="36625D/877" xmltv_id="Detskiy">Detskiy</channel>
    <channel update="i" site="tvtv.ca" site_id="36625D/881" xmltv_id="RTPi America">RTPi America</channel>
    <channel update="i" site="tvtv.ca" site_id="36625D/885" xmltv_id="RBTI (Brazilian)">RBTI (Brazilian)</channel>
    <channel update="i" site="tvtv.ca" site_id="36625D/888" xmltv_id="Mega Cosmos">Mega Cosmos</channel>
    <channel update="i" site="tvtv.ca" site_id="36625D/889" xmltv_id="Odyssey">Odyssey</channel>
    <channel update="i" site="tvtv.ca" site_id="36625D/890" xmltv_id="ERT World (Canada)">ERT World (Canada)</channel>
    <channel update="i" site="tvtv.ca" site_id="36625D/892" xmltv_id="CJON (NTV) St-John, NL">CJON (NTV) St-John, NL</channel>
    <channel update="i" site="tvtv.ca" site_id="36625D/894" xmltv_id="RTVi">RTVi</channel>
    <channel update="i" site="tvtv.ca" site_id="36625D/896" xmltv_id="RTR Planeta">RTR Planeta</channel>
    <channel update="i" site="tvtv.ca" site_id="36625D/897" xmltv_id="The Israeli Network">The Israeli Network</channel>
    <channel update="i" site="tvtv.ca" site_id="36625D/899" xmltv_id="Russian Illuzion">Russian Illuzion</channel>
    <channel update="i" site="tvtv.ca" site_id="36625D/900" xmltv_id="Stingray Music Video On Demand">Stingray Music Video On Demand</channel>
    <channel update="i" site="tvtv.ca" site_id="36625D/901" xmltv_id="Stingray: Rock Alternative">Stingray: Rock Alternative</channel>
    <channel update="i" site="tvtv.ca" site_id="36625D/903" xmltv_id="Stingray: Adult Alternative">Stingray: Adult Alternative</channel>
    <channel update="i" site="tvtv.ca" site_id="36625D/904" xmltv_id="Stingray: Classic Rock">Stingray: Classic Rock</channel>
    <channel update="i" site="tvtv.ca" site_id="36625D/905" xmltv_id="Stingray: Jukebox Oldies">Stingray: Jukebox Oldies</channel>
    <channel update="i" site="tvtv.ca" site_id="36625D/906" xmltv_id="Stingray: Hit List">Stingray: Hit List</channel>
    <channel update="i" site="tvtv.ca" site_id="36625D/907" xmltv_id="Stingray: Pop Adult">Stingray: Pop Adult</channel>
    <channel update="i" site="tvtv.ca" site_id="36625D/908" xmltv_id="Stingray: Popular Classical / Classique populaire">Stingray: Popular Classical / Classique populaire</channel>
    <channel update="i" site="tvtv.ca" site_id="36625D/909" xmltv_id="Stingray: Easy Listening">Stingray: Easy Listening</channel>
    <channel update="i" site="tvtv.ca" site_id="36625D/910" xmltv_id="Stingray: Flashback 70s">Stingray: Flashback 70s</channel>
    <channel update="i" site="tvtv.ca" site_id="36625D/911" xmltv_id="Stingray: Everything 80s">Stingray: Everything 80s</channel>
    <channel update="i" site="tvtv.ca" site_id="36625D/912" xmltv_id="Stingray: Nothin But 90s">Stingray: Nothin But 90s</channel>
    <channel update="i" site="tvtv.ca" site_id="36625D/913" xmltv_id="Stingray: Hot Country">Stingray: Hot Country</channel>
    <channel update="i" site="tvtv.ca" site_id="36625D/914" xmltv_id="Stingray: Country Classics">Stingray: Country Classics</channel>
    <channel update="i" site="tvtv.ca" site_id="36625D/915" xmltv_id="Stingray: Jammin">Stingray: Jammin</channel>
    <channel update="i" site="tvtv.ca" site_id="36625D/916" xmltv_id="Stingray: Urban Beat">Stingray: Urban Beat</channel>
    <channel update="i" site="tvtv.ca" site_id="36625D/917" xmltv_id="Stingray: Souln R&amp;B">Stingray: Souln R&amp;B</channel>
    <channel update="i" site="tvtv.ca" site_id="36625D/918" xmltv_id="Stingray: Dance Clubbin">Stingray: Dance Clubbin</channel>
    <channel update="i" site="tvtv.ca" site_id="36625D/919" xmltv_id="Stingray: Eclectic Electronic">Stingray: Eclectic Electronic</channel>
    <channel update="i" site="tvtv.ca" site_id="36625D/920" xmltv_id="Stingray: Jazz Masters / Géants du Jazz">Stingray: Jazz Masters / Géants du Jazz</channel>
    <channel update="i" site="tvtv.ca" site_id="36625D/921" xmltv_id="Stingray: Jazz Now / Jazz daujourdhui">Stingray: Jazz Now / Jazz daujourdhui</channel>
    <channel update="i" site="tvtv.ca" site_id="36625D/922" xmltv_id="Stingray: Smooth Jazz">Stingray: Smooth Jazz</channel>
    <channel update="i" site="tvtv.ca" site_id="36625D/923" xmltv_id="Stingray: The Blues">Stingray: The Blues</channel>
    <channel update="i" site="tvtv.ca" site_id="36625D/924" xmltv_id="Stingray: Big Band">Stingray: Big Band</channel>
    <channel update="i" site="tvtv.ca" site_id="36625D/925" xmltv_id="Stingray: Swinging Standards">Stingray: Swinging Standards</channel>
    <channel update="i" site="tvtv.ca" site_id="36625D/926" xmltv_id="Stingray: Folk Roots">Stingray: Folk Roots</channel>
    <channel update="i" site="tvtv.ca" site_id="36625D/927" xmltv_id="Stingray: Latino Tropical">Stingray: Latino Tropical</channel>
    <channel update="i" site="tvtv.ca" site_id="36625D/928" xmltv_id="Stingray: Around the World">Stingray: Around the World</channel>
    <channel update="i" site="tvtv.ca" site_id="36625D/929" xmltv_id="Stingray: Nature">Stingray: Nature</channel>
    <channel update="i" site="tvtv.ca" site_id="36625D/930" xmltv_id="Stingray: The Spa">Stingray: The Spa</channel>
    <channel update="i" site="tvtv.ca" site_id="36625D/931" xmltv_id="Stingray: Chill Lounge">Stingray: Chill Lounge</channel>
    <channel update="i" site="tvtv.ca" site_id="36625D/932" xmltv_id="Stingray: Baroque">Stingray: Baroque</channel>
    <channel update="i" site="tvtv.ca" site_id="36625D/933" xmltv_id="Stingray: Classic Masters / Grands classiques">Stingray: Classic Masters / Grands classiques</channel>
    <channel update="i" site="tvtv.ca" site_id="36625D/934" xmltv_id="Stingray: Chamber Music">Stingray: Chamber Music</channel>
    <channel update="i" site="tvtv.ca" site_id="36625D/935" xmltv_id="Stingray: Opera Plus">Stingray: Opera Plus</channel>
    <channel update="i" site="tvtv.ca" site_id="36625D/936" xmltv_id="Stingray: Kids Stuff">Stingray: Kids Stuff</channel>
    <channel update="i" site="tvtv.ca" site_id="36625D/937" xmltv_id="Stingray: Celtic">Stingray: Celtic</channel>
    <channel update="i" site="tvtv.ca" site_id="36625D/938" xmltv_id="Stingray: The Light">Stingray: The Light</channel>
    <channel update="i" site="tvtv.ca" site_id="36625D/939" xmltv_id="Stingray: Franco Pop">Stingray: Franco Pop</channel>
    <channel update="i" site="tvtv.ca" site_id="36625D/940" xmltv_id="Stingray: Franco Country">Stingray: Franco Country</channel>
    <channel update="i" site="tvtv.ca" site_id="36625D/941" xmltv_id="Stingray: Franco Attitude">Stingray: Franco Attitude</channel>
    <channel update="i" site="tvtv.ca" site_id="36625D/942" xmltv_id="Stingray: Souvenirs">Stingray: Souvenirs</channel>
    <channel update="i" site="tvtv.ca" site_id="36625D/943" xmltv_id="Stingray: Nostalgie">Stingray: Nostalgie</channel>
    <channel update="i" site="tvtv.ca" site_id="36625D/944" xmltv_id="Stingray: Franco Retro">Stingray: Franco Retro</channel>
    <channel update="i" site="tvtv.ca" site_id="36625D/945" xmltv_id="Stingray: Mousses musique">Stingray: Mousses musique</channel>
    <channel update="i" site="tvtv.ca" site_id="36625D/948" xmltv_id="Radio">Radio</channel>
    <channel update="i" site="tvtv.ca" site_id="36625D/949" xmltv_id="Radio">Radio</channel>
    <channel update="i" site="tvtv.ca" site_id="36625D/950" xmltv_id="Radio">Radio</channel>
    <channel update="i" site="tvtv.ca" site_id="36625D/951" xmltv_id="Radio">Radio</channel>
    <channel update="i" site="tvtv.ca" site_id="36625D/953" xmltv_id="Radio">Radio</channel>
    <channel update="i" site="tvtv.ca" site_id="36625D/954" xmltv_id="Radio">Radio</channel>
    <channel update="i" site="tvtv.ca" site_id="36625D/956" xmltv_id="Radio">Radio</channel>
    <channel update="i" site="tvtv.ca" site_id="36625D/957" xmltv_id="Radio">Radio</channel>
    <channel update="i" site="tvtv.ca" site_id="36625D/958" xmltv_id="Radio">Radio</channel>
    <channel update="i" site="tvtv.ca" site_id="36625D/959" xmltv_id="Radio">Radio</channel>
    <channel update="i" site="tvtv.ca" site_id="36625D/960" xmltv_id="Radio">Radio</channel>
    <channel update="i" site="tvtv.ca" site_id="36625D/961" xmltv_id="Radio">Radio</channel>
    <channel update="i" site="tvtv.ca" site_id="36625D/962" xmltv_id="Radio">Radio</channel>
    <channel update="i" site="tvtv.ca" site_id="36625D/963" xmltv_id="Radio">Radio</channel>
    <channel update="i" site="tvtv.ca" site_id="36625D/964" xmltv_id="Radio">Radio</channel>
    <channel update="i" site="tvtv.ca" site_id="36625D/965" xmltv_id="Radio">Radio</channel>
    <channel update="i" site="tvtv.ca" site_id="36625D/966" xmltv_id="Radio">Radio</channel>
    <channel update="i" site="tvtv.ca" site_id="36625D/967" xmltv_id="Radio">Radio</channel>
    <channel update="i" site="tvtv.ca" site_id="36625D/969" xmltv_id="Radio">Radio</channel>
    <channel update="i" site="tvtv.ca" site_id="36625D/970" xmltv_id="Radio">Radio</channel>
    <channel update="i" site="tvtv.ca" site_id="36625D/971" xmltv_id="Radio">Radio</channel>
    <channel update="i" site="tvtv.ca" site_id="36625D/973" xmltv_id="Radio">Radio</channel>
    <channel update="i" site="tvtv.ca" site_id="36625D/975" xmltv_id="Radio">Radio</channel>
    <channel update="i" site="tvtv.ca" site_id="36625D/976" xmltv_id="Radio">Radio</channel>
    <channel update="i" site="tvtv.ca" site_id="36625D/977" xmltv_id="Radio">Radio</channel>
    <channel update="i" site="tvtv.ca" site_id="36625D/978" xmltv_id="Radio">Radio</channel>
    <channel update="i" site="tvtv.ca" site_id="36625D/979" xmltv_id="Radio">Radio</channel>
    <channel update="i" site="tvtv.ca" site_id="36625D/980" xmltv_id="Radio">Radio</channel>
    <channel update="i" site="tvtv.ca" site_id="36625D/982" xmltv_id="Radio">Radio</channel>
    <channel update="i" site="tvtv.ca" site_id="36625D/1000" xmltv_id="On Demand">On Demand</channel>
    <channel update="i" site="tvtv.ca" site_id="36625D/1101" xmltv_id="ICI (CBLFT) Toronto HD">ICI (CBLFT) Toronto HD</channel>
    <channel update="i" site="tvtv.ca" site_id="36625D/1102" xmltv_id="Radio">Radio</channel>
    <channel update="i" site="tvtv.ca" site_id="36625D/1103" xmltv_id="Radio">Radio</channel>
    <channel update="i" site="tvtv.ca" site_id="36625D/1104" xmltv_id="Radio">Radio</channel>
    <channel update="i" site="tvtv.ca" site_id="36625D/1105" xmltv_id="Meteo-Media HD">Meteo-Media HD</channel>
    <channel update="i" site="tvtv.ca" site_id="36625D/1108" xmltv_id="RDS (Réseau des sports)  HD">RDS (Réseau des sports)  HD</channel>
    <channel update="i" site="tvtv.ca" site_id="36625D/1109" xmltv_id="RDS 2 HD">RDS 2 HD</channel>
    <channel update="i" site="tvtv.ca" site_id="36625D/1110" xmltv_id="RDS Info HD">RDS Info HD</channel>
    <channel update="i" site="tvtv.ca" site_id="36625D/1111" xmltv_id="TVA Sports HD">TVA Sports HD</channel>
    <channel update="i" site="tvtv.ca" site_id="36625D/1112" xmltv_id="TVA Sports 2 HD">TVA Sports 2 HD</channel>
    <channel update="i" site="tvtv.ca" site_id="36625D/1113" xmltv_id="TVA Sports 3 HD">TVA Sports 3 HD</channel>
    <channel update="i" site="tvtv.ca" site_id="36625D/1115" xmltv_id="LCN HD">LCN HD</channel>
    <channel update="i" site="tvtv.ca" site_id="36625D/1117" xmltv_id="RDI (News) HD">RDI (News) HD</channel>
    <channel update="i" site="tvtv.ca" site_id="36625D/1119" xmltv_id="Télémag HD">Télémag HD</channel>
    <channel update="i" site="tvtv.ca" site_id="36625D/1120" xmltv_id="Addik TV HD">Addik TV HD</channel>
    <channel update="i" site="tvtv.ca" site_id="36625D/1121" xmltv_id="Z HD">Z HD</channel>
    <channel update="i" site="tvtv.ca" site_id="36625D/1122" xmltv_id="Series + HD">Series + HD</channel>
    <channel update="i" site="tvtv.ca" site_id="36625D/1123" xmltv_id="Evasion HD">Evasion HD</channel>
    <channel update="i" site="tvtv.ca" site_id="36625D/1124" xmltv_id="Historia HD">Historia HD</channel>
    <channel update="i" site="tvtv.ca" site_id="36625D/1125" xmltv_id="Canal D HD">Canal D HD</channel>
    <channel update="i" site="tvtv.ca" site_id="36625D/1126" xmltv_id="Explora HD">Explora HD</channel>
    <channel update="i" site="tvtv.ca" site_id="36625D/1127" xmltv_id="Investigation HD">Investigation HD</channel>
    <channel update="i" site="tvtv.ca" site_id="36625D/1128" xmltv_id="Planète+ HD">Planète+ HD</channel>
    <channel update="i" site="tvtv.ca" site_id="36625D/1129" xmltv_id="Mezzo Live HD">Mezzo Live HD</channel>
    <channel update="i" site="tvtv.ca" site_id="36625D/1130" xmltv_id="Musique Plus Sur Demande">Musique Plus Sur Demande</channel>
    <channel update="i" site="tvtv.ca" site_id="36625D/1131" xmltv_id="MAX HD">MAX HD</channel>
    <channel update="i" site="tvtv.ca" site_id="36625D/1133" xmltv_id="ARTV HD">ARTV HD</channel>
    <channel update="i" site="tvtv.ca" site_id="36625D/1134" xmltv_id="TV5 International HD - East">TV5 International HD - East</channel>
    <channel update="i" site="tvtv.ca" site_id="36625D/1135" xmltv_id="CASA HD">CASA HD</channel>
    <channel update="i" site="tvtv.ca" site_id="36625D/1136" xmltv_id="Zeste HD">Zeste HD</channel>
    <channel update="i" site="tvtv.ca" site_id="36625D/1137" xmltv_id="Canal Vie HD">Canal Vie HD</channel>
    <channel update="i" site="tvtv.ca" site_id="36625D/1138" xmltv_id="Moi et compagnie HD">Moi et compagnie HD</channel>
    <channel update="i" site="tvtv.ca" site_id="36625D/1140" xmltv_id="Prise 2 HD">Prise 2 HD</channel>
    <channel update="i" site="tvtv.ca" site_id="36625D/1141" xmltv_id="Unis HD">Unis HD</channel>
    <channel update="i" site="tvtv.ca" site_id="36625D/1143" xmltv_id="Assemblee nationale du Quebec">Assemblee nationale du Quebec</channel>
    <channel update="i" site="tvtv.ca" site_id="36625D/1145" xmltv_id="TFO - Chaine Francaise HD">TFO - Chaine Francaise HD</channel>
    <channel update="i" site="tvtv.ca" site_id="36625D/1147" xmltv_id="Savoir Média HD">Savoir Média HD</channel>
    <channel update="i" site="tvtv.ca" site_id="36625D/1150" xmltv_id="VRAK HD">VRAK HD</channel>
    <channel update="i" site="tvtv.ca" site_id="36625D/1151" xmltv_id="Télémagino HD">Télémagino HD</channel>
    <channel update="i" site="tvtv.ca" site_id="36625D/1152" xmltv_id="Yoopa HD">Yoopa HD</channel>
    <channel update="i" site="tvtv.ca" site_id="36625D/1153" xmltv_id="Teletoon - East HD">Teletoon - East HD</channel>
    <channel update="i" site="tvtv.ca" site_id="36625D/1154" xmltv_id="La Chaine Disney HD">La Chaine Disney HD</channel>
    <channel update="i" site="tvtv.ca" site_id="36625D/1155" xmltv_id="Télémagino Sur Demande">Télémagino Sur Demande</channel>
    <channel update="i" site="tvtv.ca" site_id="36625D/1157" xmltv_id="On Demand">On Demand</channel>
    <channel update="i" site="tvtv.ca" site_id="36625D/1160" xmltv_id="Super Ecran Sur Demande">Super Ecran Sur Demande</channel>
    <channel update="i" site="tvtv.ca" site_id="36625D/1161" xmltv_id="Super Ecran HD 1">Super Ecran HD 1</channel>
    <channel update="i" site="tvtv.ca" site_id="36625D/1162" xmltv_id="Super Ecran 2 HD">Super Ecran 2 HD</channel>
    <channel update="i" site="tvtv.ca" site_id="36625D/1163" xmltv_id="Super Ecran 3 HD">Super Ecran 3 HD</channel>
    <channel update="i" site="tvtv.ca" site_id="36625D/1164" xmltv_id="Super Ecran 4 HD">Super Ecran 4 HD</channel>
    <channel update="i" site="tvtv.ca" site_id="36625D/1165" xmltv_id="Cinépop HD">Cinépop HD</channel>
    <channel update="i" site="tvtv.ca" site_id="36625D/1175" xmltv_id="ICI (CBAFT) Moncton, NB HD">ICI (CBAFT) Moncton, NB HD</channel>
    <channel update="i" site="tvtv.ca" site_id="36625D/1176" xmltv_id="ICI (CBFT) Montreal, QC">ICI (CBFT) Montreal, QC</channel>
    <channel update="i" site="tvtv.ca" site_id="36625D/1177" xmltv_id="ICI (CBOFT) Ottawa, ON HD">ICI (CBOFT) Ottawa, ON HD</channel>
    <channel update="i" site="tvtv.ca" site_id="36625D/1178" xmltv_id="ICI (CBUFT) Vancouver, BC HD">ICI (CBUFT) Vancouver, BC HD</channel>
    <channel update="i" site="tvtv.ca" site_id="36625D/1200" xmltv_id="TV Shows On Demand">TV Shows On Demand</channel>
    <channel update="i" site="tvtv.ca" site_id="36625D/1201" xmltv_id="CTV (CFTO) Toronto, ON HD">CTV (CFTO) Toronto, ON HD</channel>
    <channel update="i" site="tvtv.ca" site_id="36625D/1205" xmltv_id="CBC (CBLT) Toronto, ON HD">CBC (CBLT) Toronto, ON HD</channel>
    <channel update="i" site="tvtv.ca" site_id="36625D/1206" xmltv_id="OMNI.1 HD">OMNI.1 HD</channel>
    <channel update="i" site="tvtv.ca" site_id="36625D/1207" xmltv_id="OMNI.2 HD">OMNI.2 HD</channel>
    <channel update="i" site="tvtv.ca" site_id="36625D/1208" xmltv_id="OMNI.1 HD">OMNI.1 HD</channel>
    <channel update="i" site="tvtv.ca" site_id="36625D/1209" xmltv_id="TVO (TV Ontario) HD">TVO (TV Ontario) HD</channel>
    <channel update="i" site="tvtv.ca" site_id="36625D/1211" xmltv_id="CHCH Hamilton, ON HD">CHCH Hamilton, ON HD</channel>
    <channel update="i" site="tvtv.ca" site_id="36625D/1214" xmltv_id="APTN HD">APTN HD</channel>
    <channel update="i" site="tvtv.ca" site_id="36625D/1220" xmltv_id="NBC (WDIV) Detroit, MI HD">NBC (WDIV) Detroit, MI HD</channel>
    <channel update="i" site="tvtv.ca" site_id="36625D/1221" xmltv_id="ABC (WXYZ) Detroit, MI - Canada HD">ABC (WXYZ) Detroit, MI - Canada HD</channel>
    <channel update="i" site="tvtv.ca" site_id="36625D/1222" xmltv_id="CBS (WWJ) Detroit, MI HD">CBS (WWJ) Detroit, MI HD</channel>
    <channel update="i" site="tvtv.ca" site_id="36625D/1223" xmltv_id="FOX (WJBK) Detroit, MI HD">FOX (WJBK) Detroit, MI HD</channel>
    <channel update="i" site="tvtv.ca" site_id="36625D/1224" xmltv_id="PBS (WTVS) Detroit, MI HD">PBS (WTVS) Detroit, MI HD</channel>
    <channel update="i" site="tvtv.ca" site_id="36625D/1232" xmltv_id="Global (CKMI) Quebec HD">Global (CKMI) Quebec HD</channel>
    <channel update="i" site="tvtv.ca" site_id="36625D/1235" xmltv_id="Global (CHEX-TV-2) Durham, ON HD">Global (CHEX-TV-2) Durham, ON HD</channel>
    <channel update="i" site="tvtv.ca" site_id="36625D/1236" xmltv_id="Global (CHEX) Peterborough, ON HD">Global (CHEX) Peterborough, ON HD</channel>
    <channel update="i" site="tvtv.ca" site_id="36625D/1237" xmltv_id="Global (CKWS) Kingston, ON HD">Global (CKWS) Kingston, ON HD</channel>
    <channel update="i" site="tvtv.ca" site_id="36625D/1251" xmltv_id="CTV (CJCH) Halifax HD">CTV (CJCH) Halifax HD</channel>
    <channel update="i" site="tvtv.ca" site_id="36625D/1252" xmltv_id="CTV Montreal (CFCF), QC HD">CTV Montreal (CFCF), QC HD</channel>
    <channel update="i" site="tvtv.ca" site_id="36625D/1253" xmltv_id="CTV Vancouver, BC HD">CTV Vancouver, BC HD</channel>
    <channel update="i" site="tvtv.ca" site_id="36625D/1255" xmltv_id="CTV Ottawa (CJOH), ON HD">CTV Ottawa (CJOH), ON HD</channel>
    <channel update="i" site="tvtv.ca" site_id="36625D/1256" xmltv_id="CTV (CFCN) Calgary, AB HD">CTV (CFCN) Calgary, AB HD</channel>
    <channel update="i" site="tvtv.ca" site_id="36625D/1257" xmltv_id="CTV (CKCK) Regina, SK HD">CTV (CKCK) Regina, SK HD</channel>
    <channel update="i" site="tvtv.ca" site_id="36625D/1258" xmltv_id="CTV2 Atlantic Region HD">CTV2 Atlantic Region HD</channel>
    <channel update="i" site="tvtv.ca" site_id="36625D/1260" xmltv_id="CTV2 Vancouver Island. BC HD">CTV2 Vancouver Island. BC HD</channel>
    <channel update="i" site="tvtv.ca" site_id="36625D/1261" xmltv_id="CTV (CKY) Winnipeg, MB HD">CTV (CKY) Winnipeg, MB HD</channel>
    <channel update="i" site="tvtv.ca" site_id="36625D/1262" xmltv_id="CTV (CJCB) Sydney/ Cape Breton, NS">CTV (CJCB) Sydney/ Cape Breton, NS</channel>
    <channel update="i" site="tvtv.ca" site_id="36625D/1263" xmltv_id="CTV (CKCW) Moncton HD">CTV (CKCW) Moncton HD</channel>
    <channel update="i" site="tvtv.ca" site_id="36625D/1264" xmltv_id="CTV (CKCO) Kitchener, ON HD">CTV (CKCO) Kitchener, ON HD</channel>
    <channel update="i" site="tvtv.ca" site_id="36625D/1265" xmltv_id="CTV (CICI) Sudbury, ON HD">CTV (CICI) Sudbury, ON HD</channel>
    <channel update="i" site="tvtv.ca" site_id="36625D/1266" xmltv_id="CBC (CBHT) Halifax, NS HD">CBC (CBHT) Halifax, NS HD</channel>
    <channel update="i" site="tvtv.ca" site_id="36625D/1267" xmltv_id="CBC (CBLT) Toronto, ON HD">CBC (CBLT) Toronto, ON HD</channel>
    <channel update="i" site="tvtv.ca" site_id="36625D/1268" xmltv_id="CBC (CBMT) Montreal, QC HD">CBC (CBMT) Montreal, QC HD</channel>
    <channel update="i" site="tvtv.ca" site_id="36625D/1269" xmltv_id="CBC (CBOT) Ottawa, ON HD">CBC (CBOT) Ottawa, ON HD</channel>
    <channel update="i" site="tvtv.ca" site_id="36625D/1270" xmltv_id="CBC (CBWT) Winnipeg, MB HD">CBC (CBWT) Winnipeg, MB HD</channel>
    <channel update="i" site="tvtv.ca" site_id="36625D/1271" xmltv_id="CBC (CBRT) Calgary, AB HD">CBC (CBRT) Calgary, AB HD</channel>
    <channel update="i" site="tvtv.ca" site_id="36625D/1272" xmltv_id="CBC (CBUT) Vancouver, BC HD">CBC (CBUT) Vancouver, BC HD</channel>
    <channel update="i" site="tvtv.ca" site_id="36625D/1273" xmltv_id="CBC (CBXT) Edmonton, AB HD">CBC (CBXT) Edmonton, AB HD</channel>
    <channel update="i" site="tvtv.ca" site_id="36625D/1274" xmltv_id="CTV2 Windsor, ON">CTV2 Windsor, ON</channel>
    <channel update="i" site="tvtv.ca" site_id="36625D/1276" xmltv_id="Global (CIII) Ontario HD">Global (CIII) Ontario HD</channel>
    <channel update="i" site="tvtv.ca" site_id="36625D/1277" xmltv_id="Global BC HD">Global BC HD</channel>
    <channel update="i" site="tvtv.ca" site_id="36625D/1278" xmltv_id="OMNI Vancouver">OMNI Vancouver</channel>
    <channel update="i" site="tvtv.ca" site_id="36625D/1279" xmltv_id="CITY Montreal, QC HD">CITY Montreal, QC HD</channel>
    <channel update="i" site="tvtv.ca" site_id="36625D/1280" xmltv_id="CITY Montreal, QC HD">CITY Montreal, QC HD</channel>
    <channel update="i" site="tvtv.ca" site_id="36625D/1281" xmltv_id="CITY Vancouver, BC HD">CITY Vancouver, BC HD</channel>
    <channel update="i" site="tvtv.ca" site_id="36625D/1282" xmltv_id="CTV (CKNY) North Bay, ON">CTV (CKNY) North Bay, ON</channel>
    <channel update="i" site="tvtv.ca" site_id="36625D/1283" xmltv_id="CTV (CHBX) Sault Ste. Marie, ON">CTV (CHBX) Sault Ste. Marie, ON</channel>
    <channel update="i" site="tvtv.ca" site_id="36625D/1284" xmltv_id="CTV (CITO) Timmins, ON">CTV (CITO) Timmins, ON</channel>
    <channel update="i" site="tvtv.ca" site_id="36625D/1285" xmltv_id="NBC (KING) Seattle, WA HD">NBC (KING) Seattle, WA HD</channel>
    <channel update="i" site="tvtv.ca" site_id="36625D/1286" xmltv_id="ABC (KOMO) Seattle, WA HD">ABC (KOMO) Seattle, WA HD</channel>
    <channel update="i" site="tvtv.ca" site_id="36625D/1287" xmltv_id="CBS (KIRO) Seattle, WA HD">CBS (KIRO) Seattle, WA HD</channel>
    <channel update="i" site="tvtv.ca" site_id="36625D/1288" xmltv_id="FOX (KCPQ) Tacoma, WA HD - Canada">FOX (KCPQ) Tacoma, WA HD - Canada</channel>
    <channel update="i" site="tvtv.ca" site_id="36625D/1289" xmltv_id="PBS (KCTS) Seattle, WA HD">PBS (KCTS) Seattle, WA HD</channel>
    <channel update="i" site="tvtv.ca" site_id="36625D/1293" xmltv_id="MNT (WNYO) Buffalo, NY HD">MNT (WNYO) Buffalo, NY HD</channel>
    <channel update="i" site="tvtv.ca" site_id="36625D/1294" xmltv_id="Peachtree TV (WPCH-TV) Atlanta, GA">Peachtree TV (WPCH-TV) Atlanta, GA</channel>
    <channel update="i" site="tvtv.ca" site_id="36625D/1295" xmltv_id="WGN Canada HD">WGN Canada HD</channel>
    <channel update="i" site="tvtv.ca" site_id="36625D/1296" xmltv_id="WSBK (TV-38) Boston HD">WSBK (TV-38) Boston HD</channel>
    <channel update="i" site="tvtv.ca" site_id="36625D/1297" xmltv_id="WPIX New York (SUPERSTATION) HD">WPIX New York (SUPERSTATION) HD</channel>
    <channel update="i" site="tvtv.ca" site_id="36625D/1298" xmltv_id="KTLA Los Angeles, CA HD">KTLA Los Angeles, CA HD</channel>
    <channel update="i" site="tvtv.ca" site_id="36625D/1299" xmltv_id="HBO On Demand">HBO On Demand</channel>
    <channel update="i" site="tvtv.ca" site_id="36625D/1300" xmltv_id="Crave1 - East HD">Crave1 - East HD</channel>
    <channel update="i" site="tvtv.ca" site_id="36625D/1301" xmltv_id="Crave2 - East HD">Crave2 - East HD</channel>
    <channel update="i" site="tvtv.ca" site_id="36625D/1302" xmltv_id="Crave3 - East HD">Crave3 - East HD</channel>
    <channel update="i" site="tvtv.ca" site_id="36625D/1303" xmltv_id="Crave4 HD">Crave4 HD</channel>
    <channel update="i" site="tvtv.ca" site_id="36625D/1304" xmltv_id="STARZ1 - East HD">STARZ1 - East HD</channel>
    <channel update="i" site="tvtv.ca" site_id="36625D/1305" xmltv_id="STARZ2 - East HD">STARZ2 - East HD</channel>
    <channel update="i" site="tvtv.ca" site_id="36625D/1306" xmltv_id="HBO HD">HBO HD</channel>
    <channel update="i" site="tvtv.ca" site_id="36625D/1307" xmltv_id="HBO Canada - West">HBO Canada - West</channel>
    <channel update="i" site="tvtv.ca" site_id="36625D/1308" xmltv_id="Crave Movies &amp; HBO on Demand">Crave Movies &amp; HBO on Demand</channel>
    <channel update="i" site="tvtv.ca" site_id="36625D/1309" xmltv_id="HBO On Demand">HBO On Demand</channel>
    <channel update="i" site="tvtv.ca" site_id="36625D/1310" xmltv_id="Crave1 - East HD">Crave1 - East HD</channel>
    <channel update="i" site="tvtv.ca" site_id="36625D/1314" xmltv_id="Hollywood Suite On Demand">Hollywood Suite On Demand</channel>
    <channel update="i" site="tvtv.ca" site_id="36625D/1315" xmltv_id="Hollywood Suite 70s HD">Hollywood Suite 70s HD</channel>
    <channel update="i" site="tvtv.ca" site_id="36625D/1316" xmltv_id="Hollywood Suite 80s HD">Hollywood Suite 80s HD</channel>
    <channel update="i" site="tvtv.ca" site_id="36625D/1317" xmltv_id="Hollywood Suite 90s HD">Hollywood Suite 90s HD</channel>
    <channel update="i" site="tvtv.ca" site_id="36625D/1318" xmltv_id="Hollywood Suite 00s HD">Hollywood Suite 00s HD</channel>
    <channel update="i" site="tvtv.ca" site_id="36625D/1325" xmltv_id="Super Channel on Demand">Super Channel on Demand</channel>
    <channel update="i" site="tvtv.ca" site_id="36625D/1326" xmltv_id="Super Channel Fuse">Super Channel Fuse</channel>
    <channel update="i" site="tvtv.ca" site_id="36625D/1327" xmltv_id="Super Channel Heart &amp; Home\t HD">Super Channel Heart &amp; Home\t HD</channel>
    <channel update="i" site="tvtv.ca" site_id="36625D/1328" xmltv_id="Super Channel Vault HD">Super Channel Vault HD</channel>
    <channel update="i" site="tvtv.ca" site_id="36625D/1329" xmltv_id="Ginx eSports TV Canada HD">Ginx eSports TV Canada HD</channel>
    <channel update="i" site="tvtv.ca" site_id="36625D/1331" xmltv_id="FX Networks Canada HD">FX Networks Canada HD</channel>
    <channel update="i" site="tvtv.ca" site_id="36625D/1332" xmltv_id="FXX Canada HD">FXX Canada HD</channel>
    <channel update="i" site="tvtv.ca" site_id="36625D/1333" xmltv_id="W (WTN) - East HD">W (WTN) - East HD</channel>
    <channel update="i" site="tvtv.ca" site_id="36625D/1334" xmltv_id="Adult Swim - East HD">Adult Swim - East HD</channel>
    <channel update="i" site="tvtv.ca" site_id="36625D/1335" xmltv_id="Lifetime TV - Canada HD">Lifetime TV - Canada HD</channel>
    <channel update="i" site="tvtv.ca" site_id="36625D/1336" xmltv_id="Documentary Channel (Canada) HD">Documentary Channel (Canada) HD</channel>
    <channel update="i" site="tvtv.ca" site_id="36625D/1338" xmltv_id="Turner Classic Movies Canada HD">Turner Classic Movies Canada HD</channel>
    <channel update="i" site="tvtv.ca" site_id="36625D/1339" xmltv_id="AMC - Canada HD">AMC - Canada HD</channel>
    <channel update="i" site="tvtv.ca" site_id="36625D/1340" xmltv_id="MovieTime HD">MovieTime HD</channel>
    <channel update="i" site="tvtv.ca" site_id="36625D/1395" xmltv_id="Sportsnet 4K">Sportsnet 4K</channel>
    <channel update="i" site="tvtv.ca" site_id="36625D/1396" xmltv_id="Sportsnet One 4K">Sportsnet One 4K</channel>
    <channel update="i" site="tvtv.ca" site_id="36625D/1400" xmltv_id="TSN4 HD">TSN4 HD</channel>
    <channel update="i" site="tvtv.ca" site_id="36625D/1401" xmltv_id="TSN1 HD">TSN1 HD</channel>
    <channel update="i" site="tvtv.ca" site_id="36625D/1402" xmltv_id="TSN2 HD">TSN2 HD</channel>
    <channel update="i" site="tvtv.ca" site_id="36625D/1403" xmltv_id="TSN3 HD">TSN3 HD</channel>
    <channel update="i" site="tvtv.ca" site_id="36625D/1404" xmltv_id="TSN5 HD">TSN5 HD</channel>
    <channel update="i" site="tvtv.ca" site_id="36625D/1405" xmltv_id="Sportsnet (Ontario) HD">Sportsnet (Ontario) HD</channel>
    <channel update="i" site="tvtv.ca" site_id="36625D/1406" xmltv_id="Sportsnet (East) HD">Sportsnet (East) HD</channel>
    <channel update="i" site="tvtv.ca" site_id="36625D/1407" xmltv_id="Sportsnet (Pacific) HD">Sportsnet (Pacific) HD</channel>
    <channel update="i" site="tvtv.ca" site_id="36625D/1408" xmltv_id="Sportsnet (West) HD">Sportsnet (West) HD</channel>
    <channel update="i" site="tvtv.ca" site_id="36625D/1409" xmltv_id="Sportsnet One HD">Sportsnet One HD</channel>
    <channel update="i" site="tvtv.ca" site_id="36625D/1410" xmltv_id="Sportsnet 360 HD">Sportsnet 360 HD</channel>
    <channel update="i" site="tvtv.ca" site_id="36625D/1411" xmltv_id="Outdoor Life Network Canada HD">Outdoor Life Network Canada HD</channel>
    <channel update="i" site="tvtv.ca" site_id="36625D/1412" xmltv_id="beIN Sport Canada HD">beIN Sport Canada HD</channel>
    <channel update="i" site="tvtv.ca" site_id="36625D/1413" xmltv_id="beIN Sport en Espanol HD">beIN Sport en Espanol HD</channel>
    <channel update="i" site="tvtv.ca" site_id="36625D/1414" xmltv_id="MavTV - Canada HD">MavTV - Canada HD</channel>
    <channel update="i" site="tvtv.ca" site_id="36625D/1415" xmltv_id="NBA TV Canada TV HD">NBA TV Canada TV HD</channel>
    <channel update="i" site="tvtv.ca" site_id="36625D/1416" xmltv_id="Golf Channel Canada HD">Golf Channel Canada HD</channel>
    <channel update="i" site="tvtv.ca" site_id="36625D/1417" xmltv_id="CBS Sports Network Canada HD">CBS Sports Network Canada HD</channel>
    <channel update="i" site="tvtv.ca" site_id="36625D/1418" xmltv_id="Sportsnet One HD">Sportsnet One HD</channel>
    <channel update="i" site="tvtv.ca" site_id="36625D/1419" xmltv_id="WFN-World Fishing Network">WFN-World Fishing Network</channel>
    <channel update="i" site="tvtv.ca" site_id="36625D/1420" xmltv_id="Sportsnet World HD">Sportsnet World HD</channel>
    <channel update="i" site="tvtv.ca" site_id="36625D/1422" xmltv_id="Leafs Nation Network HD">Leafs Nation Network HD</channel>
    <channel update="i" site="tvtv.ca" site_id="36625D/1423" xmltv_id="Fight Network Canada HD">Fight Network Canada HD</channel>
    <channel update="i" site="tvtv.ca" site_id="36625D/1425" xmltv_id="GAME+ HD">GAME+ HD</channel>
    <channel update="i" site="tvtv.ca" site_id="36625D/1426" xmltv_id="Bell Fibe: NHL Centre Ice 1">Bell Fibe: NHL Centre Ice 1</channel>
    <channel update="i" site="tvtv.ca" site_id="36625D/1427" xmltv_id="Bell Fibe: NHL Centre Ice 2">Bell Fibe: NHL Centre Ice 2</channel>
    <channel update="i" site="tvtv.ca" site_id="36625D/1428" xmltv_id="Bell Fibe: NHL Centre Ice 3">Bell Fibe: NHL Centre Ice 3</channel>
    <channel update="i" site="tvtv.ca" site_id="36625D/1429" xmltv_id="Bell Fibe: NHL Centre Ice 4">Bell Fibe: NHL Centre Ice 4</channel>
    <channel update="i" site="tvtv.ca" site_id="36625D/1430" xmltv_id="Bell Fibe: NHL Centre Ice 5">Bell Fibe: NHL Centre Ice 5</channel>
    <channel update="i" site="tvtv.ca" site_id="36625D/1431" xmltv_id="Bell Fibe: NHL Centre Ice 6">Bell Fibe: NHL Centre Ice 6</channel>
    <channel update="i" site="tvtv.ca" site_id="36625D/1432" xmltv_id="Bell Fibe: NHL Centre Ice 7">Bell Fibe: NHL Centre Ice 7</channel>
    <channel update="i" site="tvtv.ca" site_id="36625D/1433" xmltv_id="Bell Fibe: NHL Centre Ice 8">Bell Fibe: NHL Centre Ice 8</channel>
    <channel update="i" site="tvtv.ca" site_id="36625D/1434" xmltv_id="Bell Fibe: NHL Centre Ice 9">Bell Fibe: NHL Centre Ice 9</channel>
    <channel update="i" site="tvtv.ca" site_id="36625D/1435" xmltv_id="Bell Fibe: NHL Centre Ice 10">Bell Fibe: NHL Centre Ice 10</channel>
    <channel update="i" site="tvtv.ca" site_id="36625D/1436" xmltv_id="NHL Center Ice 11 HD">NHL Center Ice 11 HD</channel>
    <channel update="i" site="tvtv.ca" site_id="36625D/1437" xmltv_id="NHL Center Ice 12 HD">NHL Center Ice 12 HD</channel>
    <channel update="i" site="tvtv.ca" site_id="36625D/1438" xmltv_id="NHL Center Ice 13 HD">NHL Center Ice 13 HD</channel>
    <channel update="i" site="tvtv.ca" site_id="36625D/1439" xmltv_id="NHL Center Ice 14 HD">NHL Center Ice 14 HD</channel>
    <channel update="i" site="tvtv.ca" site_id="36625D/1446" xmltv_id="WWE Network HD (Canada)">WWE Network HD (Canada)</channel>
    <channel update="i" site="tvtv.ca" site_id="36625D/1448" xmltv_id="NFL Network HD">NFL Network HD</channel>
    <channel update="i" site="tvtv.ca" site_id="36625D/1449" xmltv_id="NFL Red Zone HD">NFL Red Zone HD</channel>
    <channel update="i" site="tvtv.ca" site_id="36625D/1450" xmltv_id="MLB Network Canada HD">MLB Network Canada HD</channel>
    <channel update="i" site="tvtv.ca" site_id="36625D/1451" xmltv_id="NFL Sunday Ticket HD 1">NFL Sunday Ticket HD 1</channel>
    <channel update="i" site="tvtv.ca" site_id="36625D/1452" xmltv_id="NFL Sunday Ticket HD 2">NFL Sunday Ticket HD 2</channel>
    <channel update="i" site="tvtv.ca" site_id="36625D/1453" xmltv_id="NFL Sunday Ticket HD 3">NFL Sunday Ticket HD 3</channel>
    <channel update="i" site="tvtv.ca" site_id="36625D/1454" xmltv_id="NFL Sunday Ticket HD 4">NFL Sunday Ticket HD 4</channel>
    <channel update="i" site="tvtv.ca" site_id="36625D/1455" xmltv_id="NFL Sunday Ticket HD 5">NFL Sunday Ticket HD 5</channel>
    <channel update="i" site="tvtv.ca" site_id="36625D/1456" xmltv_id="NFL Sunday Ticket HD 6">NFL Sunday Ticket HD 6</channel>
    <channel update="i" site="tvtv.ca" site_id="36625D/1457" xmltv_id="NFL Sunday Ticket HD 7">NFL Sunday Ticket HD 7</channel>
    <channel update="i" site="tvtv.ca" site_id="36625D/1458" xmltv_id="NFL Sunday Ticket HD 8">NFL Sunday Ticket HD 8</channel>
    <channel update="i" site="tvtv.ca" site_id="36625D/1459" xmltv_id="NFL Sunday Ticket HD 9">NFL Sunday Ticket HD 9</channel>
    <channel update="i" site="tvtv.ca" site_id="36625D/1460" xmltv_id="NFL Sunday Ticket HD 10">NFL Sunday Ticket HD 10</channel>
    <channel update="i" site="tvtv.ca" site_id="36625D/1471" xmltv_id="Bell Fibe: NBA League Pass 1">Bell Fibe: NBA League Pass 1</channel>
    <channel update="i" site="tvtv.ca" site_id="36625D/1472" xmltv_id="Bell Fibe: NBA League Pass 2">Bell Fibe: NBA League Pass 2</channel>
    <channel update="i" site="tvtv.ca" site_id="36625D/1473" xmltv_id="Bell Fibe: NBA League Pass 3">Bell Fibe: NBA League Pass 3</channel>
    <channel update="i" site="tvtv.ca" site_id="36625D/1474" xmltv_id="Bell Fibe: NBA League Pass 4">Bell Fibe: NBA League Pass 4</channel>
    <channel update="i" site="tvtv.ca" site_id="36625D/1475" xmltv_id="Bell Fibe: NBA League Pass 5">Bell Fibe: NBA League Pass 5</channel>
    <channel update="i" site="tvtv.ca" site_id="36625D/1476" xmltv_id="Bell Fibe: NBA League Pass 6">Bell Fibe: NBA League Pass 6</channel>
    <channel update="i" site="tvtv.ca" site_id="36625D/1477" xmltv_id="Bell Fibe: NBA League Pass 7">Bell Fibe: NBA League Pass 7</channel>
    <channel update="i" site="tvtv.ca" site_id="36625D/1478" xmltv_id="Bell Fibe: NBA League Pass 8">Bell Fibe: NBA League Pass 8</channel>
    <channel update="i" site="tvtv.ca" site_id="36625D/1479" xmltv_id="Bell Fibe: NBA League Pass 9">Bell Fibe: NBA League Pass 9</channel>
    <channel update="i" site="tvtv.ca" site_id="36625D/1480" xmltv_id="Bell Fibe: NBA League Pass 10">Bell Fibe: NBA League Pass 10</channel>
    <channel update="i" site="tvtv.ca" site_id="36625D/1485" xmltv_id="Bell Fibe: MLB Extra Innings 1">Bell Fibe: MLB Extra Innings 1</channel>
    <channel update="i" site="tvtv.ca" site_id="36625D/1486" xmltv_id="Bell Fibe: MLB Extra Innings 2">Bell Fibe: MLB Extra Innings 2</channel>
    <channel update="i" site="tvtv.ca" site_id="36625D/1487" xmltv_id="Bell Fibe: MLB Extra Innings 3">Bell Fibe: MLB Extra Innings 3</channel>
    <channel update="i" site="tvtv.ca" site_id="36625D/1488" xmltv_id="Bell Fibe: MLB Extra Innings 4">Bell Fibe: MLB Extra Innings 4</channel>
    <channel update="i" site="tvtv.ca" site_id="36625D/1489" xmltv_id="Bell Fibe: MLB Extra Innings 5">Bell Fibe: MLB Extra Innings 5</channel>
    <channel update="i" site="tvtv.ca" site_id="36625D/1490" xmltv_id="Bell Fibe: MLB Extra Innings 6">Bell Fibe: MLB Extra Innings 6</channel>
    <channel update="i" site="tvtv.ca" site_id="36625D/1491" xmltv_id="Bell Fibe: MLB Extra Innings 7">Bell Fibe: MLB Extra Innings 7</channel>
    <channel update="i" site="tvtv.ca" site_id="36625D/1492" xmltv_id="Bell Fibe: MLB Extra Innings 8">Bell Fibe: MLB Extra Innings 8</channel>
    <channel update="i" site="tvtv.ca" site_id="36625D/1493" xmltv_id="Bell Fibe: MLB Extra Innings 9">Bell Fibe: MLB Extra Innings 9</channel>
    <channel update="i" site="tvtv.ca" site_id="36625D/1494" xmltv_id="MLB Extra Innings 1 HD">MLB Extra Innings 1 HD</channel>
    <channel update="i" site="tvtv.ca" site_id="36625D/1495" xmltv_id="MLB Extra Innings 2 HD">MLB Extra Innings 2 HD</channel>
    <channel update="i" site="tvtv.ca" site_id="36625D/1496" xmltv_id="MLB Extra Innings 3 HD">MLB Extra Innings 3 HD</channel>
    <channel update="i" site="tvtv.ca" site_id="36625D/1497" xmltv_id="MLB Extra Innings 4 HD">MLB Extra Innings 4 HD</channel>
    <channel update="i" site="tvtv.ca" site_id="36625D/1498" xmltv_id="MLB Extra Innings 5 HD">MLB Extra Innings 5 HD</channel>
    <channel update="i" site="tvtv.ca" site_id="36625D/1500" xmltv_id="CNN HD">CNN HD</channel>
    <channel update="i" site="tvtv.ca" site_id="36625D/1501" xmltv_id="CTV News Channel HD">CTV News Channel HD</channel>
    <channel update="i" site="tvtv.ca" site_id="36625D/1502" xmltv_id="CBC News Network HD">CBC News Network HD</channel>
    <channel update="i" site="tvtv.ca" site_id="36625D/1503" xmltv_id="CP24 (CablePulse 24) HD">CP24 (CablePulse 24) HD</channel>
    <channel update="i" site="tvtv.ca" site_id="36625D/1504" xmltv_id="BNN Bloomberg HD">BNN Bloomberg HD</channel>
    <channel update="i" site="tvtv.ca" site_id="36625D/1505" xmltv_id="The Weather Channel HD">The Weather Channel HD</channel>
    <channel update="i" site="tvtv.ca" site_id="36625D/1506" xmltv_id="MSNBC Canada HD">MSNBC Canada HD</channel>
    <channel update="i" site="tvtv.ca" site_id="36625D/1508" xmltv_id="HLN HD">HLN HD</channel>
    <channel update="i" site="tvtv.ca" site_id="36625D/1510" xmltv_id="BBC World - North America HD">BBC World - North America HD</channel>
    <channel update="i" site="tvtv.ca" site_id="36625D/1513" xmltv_id="Ontario Legislature">Ontario Legislature</channel>
    <channel update="i" site="tvtv.ca" site_id="36625D/1519" xmltv_id="Discovery Velocity HD">Discovery Velocity HD</channel>
    <channel update="i" site="tvtv.ca" site_id="36625D/1520" xmltv_id="Discovery Channel (CAN) HD">Discovery Channel (CAN) HD</channel>
    <channel update="i" site="tvtv.ca" site_id="36625D/1521" xmltv_id="TLC Canada HD">TLC Canada HD</channel>
    <channel update="i" site="tvtv.ca" site_id="36625D/1522" xmltv_id="History Canada HD East">History Canada HD East</channel>
    <channel update="i" site="tvtv.ca" site_id="36625D/1523" xmltv_id="Discovery Science Canada HD">Discovery Science Canada HD</channel>
    <channel update="i" site="tvtv.ca" site_id="36625D/1524" xmltv_id="National Geographic Canada HD">National Geographic Canada HD</channel>
    <channel update="i" site="tvtv.ca" site_id="36625D/1525" xmltv_id="Animal Planet Canada HD">Animal Planet Canada HD</channel>
    <channel update="i" site="tvtv.ca" site_id="36625D/1526" xmltv_id="Oprah Winfrey Network Canada HD">Oprah Winfrey Network Canada HD</channel>
    <channel update="i" site="tvtv.ca" site_id="36625D/1527" xmltv_id="Travel + Escape HD">Travel + Escape HD</channel>
    <channel update="i" site="tvtv.ca" site_id="36625D/1528" xmltv_id="Investigation Discovery Canada HD">Investigation Discovery Canada HD</channel>
    <channel update="i" site="tvtv.ca" site_id="36625D/1530" xmltv_id="National Geographic Wild Canada HD">National Geographic Wild Canada HD</channel>
    <channel update="i" site="tvtv.ca" site_id="36625D/1547" xmltv_id="Kids OnDemand">Kids OnDemand</channel>
    <channel update="i" site="tvtv.ca" site_id="36625D/1549" xmltv_id="Disney Junior Canada HD">Disney Junior Canada HD</channel>
    <channel update="i" site="tvtv.ca" site_id="36625D/1550" xmltv_id="Disney Junior Canada HD">Disney Junior Canada HD</channel>
    <channel update="i" site="tvtv.ca" site_id="36625D/1551" xmltv_id="YTV (Youth Television) - East HD">YTV (Youth Television) - East HD</channel>
    <channel update="i" site="tvtv.ca" site_id="36625D/1553" xmltv_id="Disney XD Canada HD">Disney XD Canada HD</channel>
    <channel update="i" site="tvtv.ca" site_id="36625D/1554" xmltv_id="Teletoon - East HD">Teletoon - East HD</channel>
    <channel update="i" site="tvtv.ca" site_id="36625D/1556" xmltv_id="Family Channel Canada - East HD">Family Channel Canada - East HD</channel>
    <channel update="i" site="tvtv.ca" site_id="36625D/1558" xmltv_id="Family Channel on Demand">Family Channel on Demand</channel>
    <channel update="i" site="tvtv.ca" site_id="36625D/1559" xmltv_id="Nickelodeon Canada HD">Nickelodeon Canada HD</channel>
    <channel update="i" site="tvtv.ca" site_id="36625D/1560" xmltv_id="Treehouse HD">Treehouse HD</channel>
    <channel update="i" site="tvtv.ca" site_id="36625D/1561" xmltv_id="Treehouse On Demand">Treehouse On Demand</channel>
    <channel update="i" site="tvtv.ca" site_id="36625D/1562" xmltv_id="Family CHRGD HD">Family CHRGD HD</channel>
    <channel update="i" site="tvtv.ca" site_id="36625D/1564" xmltv_id="ABC Spark HD">ABC Spark HD</channel>
    <channel update="i" site="tvtv.ca" site_id="36625D/1567" xmltv_id="Cartoon Network Canada HD">Cartoon Network Canada HD</channel>
    <channel update="i" site="tvtv.ca" site_id="36625D/1568" xmltv_id="Disney Channel Canada HD - East">Disney Channel Canada HD - East</channel>
    <channel update="i" site="tvtv.ca" site_id="36625D/1569" xmltv_id="Music On Demand HD">Music On Demand HD</channel>
    <channel update="i" site="tvtv.ca" site_id="36625D/1570" xmltv_id="Much Music HD">Much Music HD</channel>
    <channel update="i" site="tvtv.ca" site_id="36625D/1571" xmltv_id="CTV Life">CTV Life</channel>
    <channel update="i" site="tvtv.ca" site_id="36625D/1572" xmltv_id="A.Side TV HD">A.Side TV HD</channel>
    <channel update="i" site="tvtv.ca" site_id="36625D/1573" xmltv_id="MTV Canada HD">MTV Canada HD</channel>
    <channel update="i" site="tvtv.ca" site_id="36625D/1575" xmltv_id="CMT Canada HD">CMT Canada HD</channel>
    <channel update="i" site="tvtv.ca" site_id="36625D/1576" xmltv_id="BET - Canada">BET - Canada</channel>
    <channel update="i" site="tvtv.ca" site_id="36625D/1599" xmltv_id="Lifestyles on Demand">Lifestyles on Demand</channel>
    <channel update="i" site="tvtv.ca" site_id="36625D/1600" xmltv_id="HGTV Canada HD">HGTV Canada HD</channel>
    <channel update="i" site="tvtv.ca" site_id="36625D/1601" xmltv_id="Slice HD">Slice HD</channel>
    <channel update="i" site="tvtv.ca" site_id="36625D/1602" xmltv_id="W (WTN) - East HD">W (WTN) - East HD</channel>
    <channel update="i" site="tvtv.ca" site_id="36625D/1603" xmltv_id="Food Network Canada HD">Food Network Canada HD</channel>
    <channel update="i" site="tvtv.ca" site_id="36625D/1606" xmltv_id="ONE: GET FIT HD">ONE: GET FIT HD</channel>
    <channel update="i" site="tvtv.ca" site_id="36625D/1607" xmltv_id="Do It Yourself Network (Canada) HD">Do It Yourself Network (Canada) HD</channel>
    <channel update="i" site="tvtv.ca" site_id="36625D/1609" xmltv_id="OUTtv HD">OUTtv HD</channel>
    <channel update="i" site="tvtv.ca" site_id="36625D/1610" xmltv_id="Cooking Channel Canada HD">Cooking Channel Canada HD</channel>
    <channel update="i" site="tvtv.ca" site_id="36625D/1614" xmltv_id="Todays Shopping Choice HD">Todays Shopping Choice HD</channel>
    <channel update="i" site="tvtv.ca" site_id="36625D/1615" xmltv_id="A&amp;E Canada HD">A&amp;E Canada HD</channel>
    <channel update="i" site="tvtv.ca" site_id="36625D/1616" xmltv_id="Showcase Canada HD">Showcase Canada HD</channel>
    <channel update="i" site="tvtv.ca" site_id="36625D/1618" xmltv_id="DTOUR HD">DTOUR HD</channel>
    <channel update="i" site="tvtv.ca" site_id="36625D/1619" xmltv_id="CTV Life HD">CTV Life HD</channel>
    <channel update="i" site="tvtv.ca" site_id="36625D/1620" xmltv_id="CTV Drama HD">CTV Drama HD</channel>
    <channel update="i" site="tvtv.ca" site_id="36625D/1621" xmltv_id="E! Canada HD">E! Canada HD</channel>
    <channel update="i" site="tvtv.ca" site_id="36625D/1624" xmltv_id="Game TV HD">Game TV HD</channel>
    <channel update="i" site="tvtv.ca" site_id="36625D/1625" xmltv_id="CTV Comedy - East HD">CTV Comedy - East HD</channel>
    <channel update="i" site="tvtv.ca" site_id="36625D/1626" xmltv_id="CTV Comedy - West HD">CTV Comedy - West HD</channel>
    <channel update="i" site="tvtv.ca" site_id="36625D/1627" xmltv_id="CTV Sci-Fi HD">CTV Sci-Fi HD</channel>
    <channel update="i" site="tvtv.ca" site_id="36625D/1628" xmltv_id="Paramount Network Canada HD">Paramount Network Canada HD</channel>
    <channel update="i" site="tvtv.ca" site_id="36625D/1629" xmltv_id="History 2 Canada HD">History 2 Canada HD</channel>
    <channel update="i" site="tvtv.ca" site_id="36625D/1631" xmltv_id="American Heroes Channel HD">American Heroes Channel HD</channel>
    <channel update="i" site="tvtv.ca" site_id="36625D/1638" xmltv_id="Crime + Investigation HD">Crime + Investigation HD</channel>
    <channel update="i" site="tvtv.ca" site_id="36625D/1639" xmltv_id="Game Show Network - East HD">Game Show Network - East HD</channel>
    <channel update="i" site="tvtv.ca" site_id="36625D/1641" xmltv_id="Cottage Life HD">Cottage Life HD</channel>
    <channel update="i" site="tvtv.ca" site_id="36625D/1651" xmltv_id="Yes TV (CITS) Burlington, ON HD">Yes TV (CITS) Burlington, ON HD</channel>
    <channel update="i" site="tvtv.ca" site_id="36625D/1659" xmltv_id="Mezzo Live HD">Mezzo Live HD</channel>
    <channel update="i" site="tvtv.ca" site_id="36625D/1660" xmltv_id="HIFI">HIFI</channel>
    <channel update="i" site="tvtv.ca" site_id="36625D/1661" xmltv_id="Love Nature">Love Nature</channel>
    <channel update="i" site="tvtv.ca" site_id="36625D/1662" xmltv_id="BBC Earth HD">BBC Earth HD</channel>
    <channel update="i" site="tvtv.ca" site_id="36625D/1663" xmltv_id="Smithsonian Channel Canada HD">Smithsonian Channel Canada HD</channel>
    <channel update="i" site="tvtv.ca" site_id="36625D/1758" xmltv_id="Aquarium Channel">Aquarium Channel</channel>
    <channel update="i" site="tvtv.ca" site_id="36625D/2277" xmltv_id="ATN - News 18">ATN - News 18</channel>
    <channel update="i" site="tvtv.ca" site_id="36625D/2285" xmltv_id="ATN - Colors Rishtey">ATN - Colors Rishtey</channel>
    <channel update="i" site="tvtv.ca" site_id="36625D/2309" xmltv_id="Travelxp HD">Travelxp HD</channel>
    <channel update="i" site="tvtv.ca" site_id="36625D/2331" xmltv_id="PTC Punjabi">PTC Punjabi</channel>
    <channel update="i" site="tvtv.ca" site_id="36625D/2333" xmltv_id="ATN - ABP News">ATN - ABP News</channel>
    <channel update="i" site="tvtv.ca" site_id="36625D/2362" xmltv_id="ATN - Aapka Colors">ATN - Aapka Colors</channel>
    <channel update="i" site="tvtv.ca" site_id="36625D/2405" xmltv_id="ATN - IBC Tamil">ATN - IBC Tamil</channel>
    <channel update="i" site="tvtv.ca" site_id="36625D/2450" xmltv_id="Zee 24 Taas">Zee 24 Taas</channel>
    <channel update="i" site="tvtv.ca" site_id="36625D/2451" xmltv_id="Zee Marathi">Zee Marathi</channel>
    <channel update="i" site="tvtv.ca" site_id="36625D/2465" xmltv_id="RTS Sat (RTC)">RTS Sat (RTC)</channel>
    <channel update="i" site="tvtv.ca" site_id="36625D/2467" xmltv_id="RTVi">RTVi</channel>
    <channel update="i" site="tvtv.ca" site_id="36625D/2468" xmltv_id="Canal+ International">Canal+ International</channel>
    <channel update="i" site="tvtv.ca" site_id="36625D/2470" xmltv_id="RTN+ - Russian Television Network">RTN+ - Russian Television Network</channel>
    <channel update="i" site="tvtv.ca" site_id="36625D/2532" xmltv_id="Rotana Khalijia">Rotana Khalijia</channel>
    <channel update="i" site="tvtv.ca" site_id="36625D/2538" xmltv_id="Rotana Aflam">Rotana Aflam</channel>
    <channel update="i" site="tvtv.ca" site_id="36625D/2539" xmltv_id="Rotana Cinema">Rotana Cinema</channel>
    <channel update="i" site="tvtv.ca" site_id="36625D/2541" xmltv_id="Rotana Classic">Rotana Classic</channel>
    <channel update="i" site="tvtv.ca" site_id="36625D/2542" xmltv_id="Rotana Clip">Rotana Clip</channel>
    <channel update="i" site="tvtv.ca" site_id="36625D/2549" xmltv_id="Al Nahar Drama">Al Nahar Drama</channel>
    <channel update="i" site="tvtv.ca" site_id="36625D/2550" xmltv_id="Al Nahar Canada">Al Nahar Canada</channel>
    <channel update="i" site="tvtv.ca" site_id="36625D/2553" xmltv_id="Al Resalah">Al Resalah</channel>
    <channel update="i" site="tvtv.ca" site_id="36625D/2567" xmltv_id="Sky News Arabia">Sky News Arabia</channel>
    <channel update="i" site="tvtv.ca" site_id="36625D/2595" xmltv_id="Nueve">Nueve</channel>
    <channel update="i" site="tvtv.ca" site_id="36625D/2608" xmltv_id="TV Rain">TV Rain</channel>
    <channel update="i" site="tvtv.ca" site_id="36625D/2633" xmltv_id="Canal Sur">Canal Sur</channel>
    <channel update="i" site="tvtv.ca" site_id="36625D/2639" xmltv_id="Teleritmo">Teleritmo</channel>
    <channel update="i" site="tvtv.ca" site_id="36625D/2652" xmltv_id="RCN Nuestra Tele">RCN Nuestra Tele</channel>
    <channel update="i" site="tvtv.ca" site_id="36625D/2762" xmltv_id="Star TV">Star TV</channel>
    <channel update="i" site="tvtv.ca" site_id="36625D/2779" xmltv_id="Radio">Radio</channel>
    <channel update="i" site="tvtv.ca" site_id="36625D/3001" xmltv_id="NFL Sunday Ticket HD 1">NFL Sunday Ticket HD 1</channel>
    <channel update="i" site="tvtv.ca" site_id="36625D/3002" xmltv_id="NFL Sunday Ticket HD 2">NFL Sunday Ticket HD 2</channel>
    <channel update="i" site="tvtv.ca" site_id="36625D/3003" xmltv_id="NFL Sunday Ticket HD 3">NFL Sunday Ticket HD 3</channel>
    <channel update="i" site="tvtv.ca" site_id="36625D/3004" xmltv_id="NFL Sunday Ticket HD 4">NFL Sunday Ticket HD 4</channel>
    <channel update="i" site="tvtv.ca" site_id="36625D/3005" xmltv_id="NFL Sunday Ticket HD 5">NFL Sunday Ticket HD 5</channel>
    <channel update="i" site="tvtv.ca" site_id="36625D/3006" xmltv_id="NFL Sunday Ticket HD 6">NFL Sunday Ticket HD 6</channel>
    <channel update="i" site="tvtv.ca" site_id="36625D/3007" xmltv_id="NFL Sunday Ticket HD 7">NFL Sunday Ticket HD 7</channel>
    <channel update="i" site="tvtv.ca" site_id="36625D/3008" xmltv_id="NFL Sunday Ticket HD 8">NFL Sunday Ticket HD 8</channel>
    <channel update="i" site="tvtv.ca" site_id="36625D/3009" xmltv_id="NFL Sunday Ticket HD 9">NFL Sunday Ticket HD 9</channel>
    <channel update="i" site="tvtv.ca" site_id="36625D/3010" xmltv_id="NFL Sunday Ticket HD 10">NFL Sunday Ticket HD 10</channel>
  </channels>
</site>