﻿<?xml version="1.0" encoding="UTF-8"?>
<site generator-info-name="WebGrab+Plus/w MDB &amp; REX Postprocess -- version V2.1.5 -- Jan van Straaten" site="tv.orange.fr">
  <channels>
    <channel update="i" site="tv.orange.fr" site_id="bfm-tv_CNT0000008o0y3.html" xmltv_id="BFM TV">BFM TV</channel>
    <channel update="i" site="tv.orange.fr" site_id="tf1_CNT0000008o0uz.html" xmltv_id="TF1">TF1</channel>
    <channel update="i" site="tv.orange.fr" site_id="canal_CNT0000008o0Cg.html" xmltv_id="CANAL+">CANAL+</channel>
    <channel update="i" site="tv.orange.fr" site_id="paris-premiere_CNT0000008o0qE.html" xmltv_id="PARIS PREMIERE">PARIS PREMIERE</channel>
    <channel update="i" site="tv.orange.fr" site_id="teva_CNT0000008o0hv.html" xmltv_id="TEVA">TEVA</channel>
    <channel update="i" site="tv.orange.fr" site_id="m6_CNT0000008o0rF.html" xmltv_id="M6">M6</channel>
    <channel update="i" site="tv.orange.fr" site_id="france-2_CNT0000008o0k7.html" xmltv_id="FRANCE 2">FRANCE 2</channel>
    <channel update="i" site="tv.orange.fr" site_id="arte_CNT0000008o0wB.html" xmltv_id="ARTE">ARTE</channel>
    <channel update="i" site="tv.orange.fr" site_id="france-3_CNT0000008o0q4.html" xmltv_id="FRANCE 3">FRANCE 3</channel>
    <channel update="i" site="tv.orange.fr" site_id="rtl9_CNT0000008o0xt.html" xmltv_id="RTL9">RTL9</channel>
    <channel update="i" site="tv.orange.fr" site_id="cnews_CNT0000008o0AO.html" xmltv_id="CNEWS">CNEWS</channel>
    <channel update="i" site="tv.orange.fr" site_id="tv5monde_CNT0000008o0JX.html" xmltv_id="TV5MONDE">TV5MONDE</channel>
    <channel update="i" site="tv.orange.fr" site_id="lci_CNT0000008o0qW.html" xmltv_id="LCI">LCI</channel>
    <channel update="i" site="tv.orange.fr" site_id="c8_CNT0000008o0Gb.html" xmltv_id="C8">C8</channel>
    <channel update="i" site="tv.orange.fr" site_id="france-5_CNT0000008o0zE.html" xmltv_id="FRANCE 5">FRANCE 5</channel>
    <channel update="i" site="tv.orange.fr" site_id="tv-breizh_CNT0000008o0EA.html" xmltv_id="TV BREIZH">TV BREIZH</channel>
    <channel update="i" site="tv.orange.fr" site_id="w9_CNT0000008o0fb.html" xmltv_id="W9">W9</channel>
    <channel update="i" site="tv.orange.fr" site_id="ab1_CNT0000008o0Bf.html" xmltv_id="AB1">AB1</channel>
    <channel update="i" site="tv.orange.fr" site_id="franceinfo_CNT000000tex6e.html" xmltv_id="FRANCEINFO:">FRANCEINFO:</channel>
    <channel update="i" site="tv.orange.fr" site_id="france-4_CNT0000008o0Kf.html" xmltv_id="FRANCE 4">FRANCE 4</channel>
    <channel update="i" site="tv.orange.fr" site_id="ocs-max_CNT0000008o0iw.html" xmltv_id="OCS MAX">OCS MAX</channel>
    <channel update="i" site="tv.orange.fr" site_id="ocs-choc_CNT0000008o0gD.html" xmltv_id="OCS CHOC">OCS CHOC</channel>
    <channel update="i" site="tv.orange.fr" site_id="ocs-city-generation-hbo_CNT0000008o0uq.html" xmltv_id="OCS CITY, génération HBO">OCS CITY, génération HBO</channel>
    <channel update="i" site="tv.orange.fr" site_id="c-cinema_CNT0000008o0fU.html" xmltv_id="C+ CINEMA">C+ CINEMA</channel>
    <channel update="i" site="tv.orange.fr" site_id="c-sport_CNT0000008o0eT.html" xmltv_id="C+ SPORT">C+ SPORT</channel>
    <channel update="i" site="tv.orange.fr" site_id="c-series_CNT0000008o0vi.html" xmltv_id="C+ SERIES">C+ SERIES</channel>
    <channel update="i" site="tv.orange.fr" site_id="ocs-geants_CNT0000008o0Cy.html" xmltv_id="OCS GEANTS">OCS GEANTS</channel>
    <channel update="i" site="tv.orange.fr" site_id="c-family_CNT0000008o0m9.html" xmltv_id="C+ FAMILY">C+ FAMILY</channel>
    <channel update="i" site="tv.orange.fr" site_id="c-decale_CNT0000008o0Hl.html" xmltv_id="C+ DECALE">C+ DECALE</channel>
    <channel update="i" site="tv.orange.fr" site_id="tcm-cinema_CNT0000008o0sf.html" xmltv_id="TCM CINEMA">TCM CINEMA</channel>
    <channel update="i" site="tv.orange.fr" site_id="paramount-channel_CNT0000008o0JO.html" xmltv_id="PARAMOUNT CHANNEL">PARAMOUNT CHANNEL</channel>
    <channel update="i" site="tv.orange.fr" site_id="action_CNT0000008o0pV.html" xmltv_id="ACTION">ACTION</channel>
    <channel update="i" site="tv.orange.fr" site_id="al-jazeera-anglais_CNT0000008o0FB.html" xmltv_id="AL JAZEERA  ANGLAIS">AL JAZEERA  ANGLAIS</channel>
    <channel update="i" site="tv.orange.fr" site_id="france-24-francais_CNT0000008o0Je.html" xmltv_id="FRANCE 24 FRANCAIS">FRANCE 24 FRANCAIS</channel>
    <channel update="i" site="tv.orange.fr" site_id="france-24-anglais_CNT0000008o0B6.html" xmltv_id="FRANCE 24 ANGLAIS">FRANCE 24 ANGLAIS</channel>
    <channel update="i" site="tv.orange.fr" site_id="bbc-world-news_CNT0000008o0HD.html" xmltv_id="BBC WORLD NEWS">BBC WORLD NEWS</channel>
    <channel update="i" site="tv.orange.fr" site_id="bein-sports-1_CNT0000008o0z4.html" xmltv_id="BEIN SPORTS 1">BEIN SPORTS 1</channel>
    <channel update="i" site="tv.orange.fr" site_id="bein-sports-2_CNT0000008o0pu.html" xmltv_id="BEIN SPORTS 2">BEIN SPORTS 2</channel>
    <channel update="i" site="tv.orange.fr" site_id="equidia_CNT0000008o0Fa.html" xmltv_id="EQUIDIA">EQUIDIA</channel>
    <channel update="i" site="tv.orange.fr" site_id="mtv_CNT000000uKMPA.html" xmltv_id="MTV">MTV</channel>
    <channel update="i" site="tv.orange.fr" site_id="mezzo_CNT0000008o0ns.html" xmltv_id="MEZZO">MEZZO</channel>
    <channel update="i" site="tv.orange.fr" site_id="mezzo-live-hd_CNT0000008o0vJ.html" xmltv_id="MEZZO LIVE HD">MEZZO LIVE HD</channel>
    <channel update="i" site="tv.orange.fr" site_id="mcm_CNT0000008o0qv.html" xmltv_id="MCM">MCM</channel>
    <channel update="i" site="tv.orange.fr" site_id="m6music_CNT0000008o0ob.html" xmltv_id="M6MUSIC">M6MUSIC</channel>
    <channel update="i" site="tv.orange.fr" site_id="planete_CNT000000uKMRt.html" xmltv_id="PLANETE+">PLANETE+</channel>
    <channel update="i" site="tv.orange.fr" site_id="chasse-peche_CNT0000008o0qN.html" xmltv_id="CHASSE PECHE">CHASSE PECHE</channel>
    <channel update="i" site="tv.orange.fr" site_id="planete-ci_CNT000000uKMOz.html" xmltv_id="PLANETE+ CI">PLANETE+ CI</channel>
    <channel update="i" site="tv.orange.fr" site_id="planete-aventure-experience_CNT000000uKMP9.html" xmltv_id="PLANETE+ Aventure Expérience">PLANETE+ Aventure Expérience</channel>
    <channel update="i" site="tv.orange.fr" site_id="ushuaia-tv_CNT0000008o0na.html" xmltv_id="USHUAIA TV">USHUAIA TV</channel>
    <channel update="i" site="tv.orange.fr" site_id="game-one_CNT0000008o0kZ.html" xmltv_id="GAME ONE">GAME ONE</channel>
    <channel update="i" site="tv.orange.fr" site_id="comedie_CNT000000uKMQK.html" xmltv_id="COMEDIE+">COMEDIE+</channel>
    <channel update="i" site="tv.orange.fr" site_id="baby-tv_CNT0000008o0HV.html" xmltv_id="BABY TV">BABY TV</channel>
    <channel update="i" site="tv.orange.fr" site_id="boomerang_CNT0000008o0yc.html" xmltv_id="BOOMERANG">BOOMERANG</channel>
    <channel update="i" site="tv.orange.fr" site_id="boing_CNT0000008o0vA.html" xmltv_id="BOING">BOING</channel>
    <channel update="i" site="tv.orange.fr" site_id="canal-j_CNT000000r80kk.html" xmltv_id="CANAL J">CANAL J</channel>
    <channel update="i" site="tv.orange.fr" site_id="cartoon-network_CNT000000uKMQT.html" xmltv_id="CARTOON NETWORK">CARTOON NETWORK</channel>
    <channel update="i" site="tv.orange.fr" site_id="disney-channel_CNT0000008o0FT.html" xmltv_id="DISNEY CHANNEL">DISNEY CHANNEL</channel>
    <channel update="i" site="tv.orange.fr" site_id="xxl_CNT0000008o0Jw.html" xmltv_id="XXL">XXL</channel>
    <channel update="i" site="tv.orange.fr" site_id="dorcel-tv_CNT0000008o0CQ.html" xmltv_id="DORCEL TV">DORCEL TV</channel>
    <channel update="i" site="tv.orange.fr" site_id="penthouse-hd-1_CNT0000008o0pM.html" xmltv_id="PENTHOUSE HD 1">PENTHOUSE HD 1</channel>
    <channel update="i" site="tv.orange.fr" site_id="pink-x_CNT0000008o0n1.html" xmltv_id="PINK X">PINK X</channel>
  </channels>
</site>