﻿<?xml version="1.0" encoding="UTF-8"?>
<site generator-info-name="WebGrab+Plus/w MDB &amp; REX Postprocess -- version V1.56.5 -- Jan van Straaten" site="oztivo.net">
  <channels>
    <channel update="i" site="oztivo.net" site_id="7TWO-ACT" xmltv_id="7TWO ACT">7TWO ACT</channel>
    <channel update="i" site="oztivo.net" site_id="7TWO-NSW" xmltv_id="7TWO NSW">7TWO NSW</channel>
    <channel update="i" site="oztivo.net" site_id="7TWO-NT" xmltv_id="7TWO NT">7TWO NT</channel>
    <channel update="i" site="oztivo.net" site_id="7TWO-Qld" xmltv_id="7TWO Queensland">7TWO Queensland</channel>
    <channel update="i" site="oztivo.net" site_id="7TWO-SA" xmltv_id="7TWO South Australia">7TWO South Australia</channel>
    <channel update="i" site="oztivo.net" site_id="7TWO-Tas" xmltv_id="7TWO Tasmania">7TWO Tasmania</channel>
    <channel update="i" site="oztivo.net" site_id="7TWO-Vic" xmltv_id="7TWO Victoria">7TWO Victoria</channel>
    <channel update="i" site="oztivo.net" site_id="7TWO-WA" xmltv_id="7TWO West Australia">7TWO West Australia</channel>
    <channel update="i" site="oztivo.net" site_id="7flix" xmltv_id="7flix">7flix</channel>
    <channel update="i" site="oztivo.net" site_id="7mate" xmltv_id="7mate">7mate</channel>
    <channel update="i" site="oztivo.net" site_id="9Life" xmltv_id="9Life">9Life</channel>
    <channel update="i" site="oztivo.net" site_id="13THST+2" xmltv_id="13th Street +2">13th Street +2</channel>
    <channel update="i" site="oztivo.net" site_id="13THST" xmltv_id="13th Street">13th Street</channel>
    <channel update="i" site="oztivo.net" site_id="31-Mel" xmltv_id="Channel 31 Melbourne">Channel 31 Melbourne</channel>
    <channel update="i" site="oztivo.net" site_id="111f+2" xmltv_id="111 funny +2">111 funny +2</channel>
    <channel update="i" site="oztivo.net" site_id="111f" xmltv_id="111 funny">111 funny</channel>
    <channel update="i" site="oztivo.net" site_id="ABC-Can" xmltv_id="ABC Canberra">ABC Canberra</channel>
    <channel update="i" site="oztivo.net" site_id="ABC-NSW" xmltv_id="ABC NSW">ABC NSW</channel>
    <channel update="i" site="oztivo.net" site_id="ABC-NT" xmltv_id="ABC NT">ABC NT</channel>
    <channel update="i" site="oztivo.net" site_id="ABC-News24" xmltv_id="ABC News 24">ABC News 24</channel>
    <channel update="i" site="oztivo.net" site_id="ABC-Qld" xmltv_id="ABC Queensland">ABC Queensland</channel>
    <channel update="i" site="oztivo.net" site_id="ABC-SA" xmltv_id="ABC South Australia">ABC South Australia</channel>
    <channel update="i" site="oztivo.net" site_id="ABC-Tas" xmltv_id="ABC Tasmania">ABC Tasmania</channel>
    <channel update="i" site="oztivo.net" site_id="ABC-Vic" xmltv_id="ABC Victora">ABC Victora</channel>
    <channel update="i" site="oztivo.net" site_id="ABC-WA" xmltv_id="ABC Western Australia">ABC Western Australia</channel>
    <channel update="i" site="oztivo.net" site_id="ABC2" xmltv_id="ABC 2">ABC 2</channel>
    <channel update="i" site="oztivo.net" site_id="ABC3" xmltv_id="ABC 3">ABC 3</channel>
    <channel update="i" site="oztivo.net" site_id="ACC" xmltv_id="Australian Christian Channel">Australian Christian Channel</channel>
    <channel update="i" site="oztivo.net" site_id="ALJA" xmltv_id="Al Jazeera">Al Jazeera</channel>
    <channel update="i" site="oztivo.net" site_id="ANIMAL" xmltv_id="Animal Planet">Animal Planet</channel>
    <channel update="i" site="oztivo.net" site_id="ANT" xmltv_id="Antenna">Antenna</channel>
    <channel update="i" site="oztivo.net" site_id="ARNA+2" xmltv_id="Arena +2">Arena +2</channel>
    <channel update="i" site="oztivo.net" site_id="ARNA" xmltv_id="Arena">Arena</channel>
    <channel update="i" site="oztivo.net" site_id="AUR" xmltv_id="Aurora Community Television">Aurora Community Television</channel>
    <channel update="i" site="oztivo.net" site_id="AandE" xmltv_id="A&amp;E">A&amp;E</channel>
    <channel update="i" site="oztivo.net" site_id="BBCF" xmltv_id="BBC First">BBC First</channel>
    <channel update="i" site="oztivo.net" site_id="BBCK" xmltv_id="BBC Knowledge">BBC Knowledge</channel>
    <channel update="i" site="oztivo.net" site_id="BBC" xmltv_id="BBC World">BBC World</channel>
    <channel update="i" site="oztivo.net" site_id="BLM" xmltv_id="Bloomberg Television">Bloomberg Television</channel>
    <channel update="i" site="oztivo.net" site_id="BOOM" xmltv_id="Boomerang">Boomerang</channel>
    <channel update="i" site="oztivo.net" site_id="BOXS" xmltv_id="BoxSets">BoxSets</channel>
    <channel update="i" site="oztivo.net" site_id="CART" xmltv_id="Cartoon Network">Cartoon Network</channel>
    <channel update="i" site="oztivo.net" site_id="CBEEB" xmltv_id="CBeebies">CBeebies</channel>
    <channel update="i" site="oztivo.net" site_id="CLAS+2" xmltv_id="Fox Classics +2">Fox Classics +2</channel>
    <channel update="i" site="oztivo.net" site_id="CLAS" xmltv_id="Fox Classics">Fox Classics</channel>
    <channel update="i" site="oztivo.net" site_id="CMC" xmltv_id="Country Music Channel">Country Music Channel</channel>
    <channel update="i" site="oztivo.net" site_id="CMDY+2" xmltv_id="thecomedychannel +2">thecomedychannel +2</channel>
    <channel update="i" site="oztivo.net" site_id="CMDY" xmltv_id="thecomedychannel">thecomedychannel</channel>
    <channel update="i" site="oztivo.net" site_id="CNBC" xmltv_id="CNBC Australia">CNBC Australia</channel>
    <channel update="i" site="oztivo.net" site_id="CNNI" xmltv_id="CNN International">CNN International</channel>
    <channel update="i" site="oztivo.net" site_id="CRIME" xmltv_id="Crime &amp; Investigation">Crime &amp; Investigation</channel>
    <channel update="i" site="oztivo.net" site_id="DISC+2" xmltv_id="Discovery Channel +2">Discovery Channel +2</channel>
    <channel update="i" site="oztivo.net" site_id="DISC" xmltv_id="Discovery Channel">Discovery Channel</channel>
    <channel update="i" site="oztivo.net" site_id="DISMOV" xmltv_id="Disney Movies">Disney Movies</channel>
    <channel update="i" site="oztivo.net" site_id="DISN" xmltv_id="Disney Channel">Disney Channel</channel>
    <channel update="i" site="oztivo.net" site_id="DJNR" xmltv_id="Disney Junior">Disney Junior</channel>
    <channel update="i" site="oztivo.net" site_id="DKIDS" xmltv_id="Discovery Kids">Discovery Kids</channel>
    <channel update="i" site="oztivo.net" site_id="DTM+2" xmltv_id="Discovery Turbo Max +2">Discovery Turbo Max +2</channel>
    <channel update="i" site="oztivo.net" site_id="DTM" xmltv_id="Discovery Turbo Max">Discovery Turbo Max</channel>
    <channel update="i" site="oztivo.net" site_id="E!" xmltv_id="Entertainment Channel">Entertainment Channel</channel>
    <channel update="i" site="oztivo.net" site_id="ELEVEN" xmltv_id="ELEVEN">ELEVEN</channel>
    <channel update="i" site="oztivo.net" site_id="ESNEWS" xmltv_id="European Sports News">European Sports News</channel>
    <channel update="i" site="oztivo.net" site_id="ESPN2" xmltv_id="ESPN2">ESPN2</channel>
    <channel update="i" site="oztivo.net" site_id="ESPN" xmltv_id="ESPN">ESPN</channel>
    <channel update="i" site="oztivo.net" site_id="EUROSPORT" xmltv_id="EUROSPORT">EUROSPORT</channel>
    <channel update="i" site="oztivo.net" site_id="FFC-WA" xmltv_id="Fox Footy Channel Western Australia">Fox Footy Channel Western Australia</channel>
    <channel update="i" site="oztivo.net" site_id="FFC" xmltv_id="Fox Footy Channel">Fox Footy Channel</channel>
    <channel update="i" site="oztivo.net" site_id="FMACT+2" xmltv_id="Foxtel Movies Action/Adventure +2">Foxtel Movies Action/Adventure +2</channel>
    <channel update="i" site="oztivo.net" site_id="FMACT" xmltv_id="Foxtel Movies Action/Adventure">Foxtel Movies Action/Adventure</channel>
    <channel update="i" site="oztivo.net" site_id="FMCOM" xmltv_id="Foxtel Movies Comedy">Foxtel Movies Comedy</channel>
    <channel update="i" site="oztivo.net" site_id="FMDRA" xmltv_id="Foxtel Movies Drama/Romance">Foxtel Movies Drama/Romance</channel>
    <channel update="i" site="oztivo.net" site_id="FMFAM+2" xmltv_id="Foxtel Movies Family +2">Foxtel Movies Family +2</channel>
    <channel update="i" site="oztivo.net" site_id="FMFAM" xmltv_id="Foxtel Movies Family">Foxtel Movies Family</channel>
    <channel update="i" site="oztivo.net" site_id="FMMAST" xmltv_id="Foxtel Movies Masterpiece">Foxtel Movies Masterpiece</channel>
    <channel update="i" site="oztivo.net" site_id="FMPREM+2" xmltv_id="Foxtel Movies Premiere +2">Foxtel Movies Premiere +2</channel>
    <channel update="i" site="oztivo.net" site_id="FMPREM" xmltv_id="Foxtel Movies Premiere">Foxtel Movies Premiere</channel>
    <channel update="i" site="oztivo.net" site_id="FMROM" xmltv_id="Foxtel Movies Romance">Foxtel Movies Romance</channel>
    <channel update="i" site="oztivo.net" site_id="FMTHR" xmltv_id="Foxtel Movies Thriller">Foxtel Movies Thriller</channel>
    <channel update="i" site="oztivo.net" site_id="FOOD+2" xmltv_id="LifeStyle Food +2">LifeStyle Food +2</channel>
    <channel update="i" site="oztivo.net" site_id="FOOD" xmltv_id="LifeStyle Food">LifeStyle Food</channel>
    <channel update="i" site="oztivo.net" site_id="FOX8+2" xmltv_id="FOX8 +2">FOX8 +2</channel>
    <channel update="i" site="oztivo.net" site_id="FOX8" xmltv_id="Fox8">Fox8</channel>
    <channel update="i" site="oztivo.net" site_id="FOXN" xmltv_id="Fox News Channel">Fox News Channel</channel>
    <channel update="i" site="oztivo.net" site_id="FS1" xmltv_id="Fox Sports One">Fox Sports One</channel>
    <channel update="i" site="oztivo.net" site_id="FS2" xmltv_id="Fox Sports Two">Fox Sports Two</channel>
    <channel update="i" site="oztivo.net" site_id="FS3" xmltv_id="Fox Sports Three">Fox Sports Three</channel>
    <channel update="i" site="oztivo.net" site_id="FS4" xmltv_id="Fox Sports Four">Fox Sports Four</channel>
    <channel update="i" site="oztivo.net" site_id="FS5" xmltv_id="Fox Sports Five">Fox Sports Five</channel>
    <channel update="i" site="oztivo.net" site_id="FSN" xmltv_id="Fox Sports News">Fox Sports News</channel>
    <channel update="i" site="oztivo.net" site_id="GEM-ACT" xmltv_id="GEM ACT">GEM ACT</channel>
    <channel update="i" site="oztivo.net" site_id="GEM-NSW" xmltv_id="GEM NSW">GEM NSW</channel>
    <channel update="i" site="oztivo.net" site_id="GEM-Qld" xmltv_id="GEM Queensland">GEM Queensland</channel>
    <channel update="i" site="oztivo.net" site_id="GEM-SA" xmltv_id="GEM South Australia">GEM South Australia</channel>
    <channel update="i" site="oztivo.net" site_id="GEM-Tas" xmltv_id="GEM Tasmania">GEM Tasmania</channel>
    <channel update="i" site="oztivo.net" site_id="GEM-Vic" xmltv_id="GEM Victoria">GEM Victoria</channel>
    <channel update="i" site="oztivo.net" site_id="GEM-WA" xmltv_id="GEM Western Australia">GEM Western Australia</channel>
    <channel update="i" site="oztivo.net" site_id="GO" xmltv_id="GO!">GO!</channel>
    <channel update="i" site="oztivo.net" site_id="HIST" xmltv_id="History Channel">History Channel</channel>
    <channel update="i" site="oztivo.net" site_id="HNKW" xmltv_id="HNK World">HNK World</channel>
    <channel update="i" site="oztivo.net" site_id="LHOME" xmltv_id="Lifestyle Home">Lifestyle Home</channel>
    <channel update="i" site="oztivo.net" site_id="LIFE+2" xmltv_id="LifeStyle Channel +2">LifeStyle Channel +2</channel>
    <channel update="i" site="oztivo.net" site_id="LIFE" xmltv_id="LifeStyle Channel">LifeStyle Channel</channel>
    <channel update="i" site="oztivo.net" site_id="MAIN" xmltv_id="Main Event">Main Event</channel>
    <channel update="i" site="oztivo.net" site_id="MOVG" xmltv_id="Movie Greats">Movie Greats</channel>
    <channel update="i" site="oztivo.net" site_id="MTVD" xmltv_id="MTV Dance">MTV Dance</channel>
    <channel update="i" site="oztivo.net" site_id="MTV" xmltv_id="MTV">MTV</channel>
    <channel update="i" site="oztivo.net" site_id="NBN" xmltv_id="NBN NSW">NBN NSW</channel>
    <channel update="i" site="oztivo.net" site_id="NGEO+2" xmltv_id="National Geographic Channel +2">National Geographic Channel +2</channel>
    <channel update="i" site="oztivo.net" site_id="NGEO" xmltv_id="National Geographic Channel">National Geographic Channel</channel>
    <channel update="i" site="oztivo.net" site_id="NGW" xmltv_id="National Geographic Wild">National Geographic Wild</channel>
    <channel update="i" site="oztivo.net" site_id="NICK" xmltv_id="Nickelodeon">Nickelodeon</channel>
    <channel update="i" site="oztivo.net" site_id="NICKJR" xmltv_id="Nick Jr">Nick Jr</channel>
    <channel update="i" site="oztivo.net" site_id="NITV" xmltv_id="National Indigenous TV">National Indigenous TV</channel>
    <channel update="i" site="oztivo.net" site_id="Nine-Mel" xmltv_id="Nine Melbourne">Nine Melbourne</channel>
    <channel update="i" site="oztivo.net" site_id="Nine-NT" xmltv_id="Nine NT">Nine NT</channel>
    <channel update="i" site="oztivo.net" site_id="Nine-Qld" xmltv_id="Nine Queensland">Nine Queensland</channel>
    <channel update="i" site="oztivo.net" site_id="Nine-SA" xmltv_id="Nine South Australia">Nine South Australia</channel>
    <channel update="i" site="oztivo.net" site_id="Nine-Syd" xmltv_id="Nine Sydney">Nine Sydney</channel>
    <channel update="i" site="oztivo.net" site_id="Nine-WA" xmltv_id="Nine West Australia">Nine West Australia</channel>
    <channel update="i" site="oztivo.net" site_id="One-Dar" xmltv_id="One Darwin">One Darwin</channel>
    <channel update="i" site="oztivo.net" site_id="One-NSW" xmltv_id="One NSW">One NSW</channel>
    <channel update="i" site="oztivo.net" site_id="One-Qld" xmltv_id="One Queensland">One Queensland</channel>
    <channel update="i" site="oztivo.net" site_id="One-SA" xmltv_id="One South Australia">One South Australia</channel>
    <channel update="i" site="oztivo.net" site_id="One-Tas" xmltv_id="One Tasmania">One Tasmania</channel>
    <channel update="i" site="oztivo.net" site_id="One-Vic" xmltv_id="One Victoria">One Victoria</channel>
    <channel update="i" site="oztivo.net" site_id="One-WA" xmltv_id="One West Australia">One West Australia</channel>
    <channel update="i" site="oztivo.net" site_id="Prime-Can" xmltv_id="Prime Canberra">Prime Canberra</channel>
    <channel update="i" site="oztivo.net" site_id="PrimeN" xmltv_id="Prime North">Prime North</channel>
    <channel update="i" site="oztivo.net" site_id="RAI" xmltv_id="RAI International">RAI International</channel>
    <channel update="i" site="oztivo.net" site_id="SBS-Can" xmltv_id="SBS Canberra">SBS Canberra</channel>
    <channel update="i" site="oztivo.net" site_id="SBS-NSW" xmltv_id="SBS NSW">SBS NSW</channel>
    <channel update="i" site="oztivo.net" site_id="SBS-NT" xmltv_id="SBS NT">SBS NT</channel>
    <channel update="i" site="oztivo.net" site_id="SBS-Qld" xmltv_id="SBS Queensland">SBS Queensland</channel>
    <channel update="i" site="oztivo.net" site_id="SBS-SA" xmltv_id="SBS South Australia">SBS South Australia</channel>
    <channel update="i" site="oztivo.net" site_id="SBS-Tas" xmltv_id="SBS Tasmania">SBS Tasmania</channel>
    <channel update="i" site="oztivo.net" site_id="SBS-Vic" xmltv_id="SBS Victoria">SBS Victoria</channel>
    <channel update="i" site="oztivo.net" site_id="SBS-WA" xmltv_id="SBS West Australia">SBS West Australia</channel>
    <channel update="i" site="oztivo.net" site_id="SBSF-Can" xmltv_id="SBS Food Canberra">SBS Food Canberra</channel>
    <channel update="i" site="oztivo.net" site_id="SBSF-NSW" xmltv_id="SBS Food NSW">SBS Food NSW</channel>
    <channel update="i" site="oztivo.net" site_id="SBSF-NT" xmltv_id="SBS Food NT">SBS Food NT</channel>
    <channel update="i" site="oztivo.net" site_id="SBSF-Qld" xmltv_id="SBS Food Queensland">SBS Food Queensland</channel>
    <channel update="i" site="oztivo.net" site_id="SBSF-SA" xmltv_id="SBS Food South Australia">SBS Food South Australia</channel>
    <channel update="i" site="oztivo.net" site_id="SBSF-Tas" xmltv_id="SBS Food Tasmania">SBS Food Tasmania</channel>
    <channel update="i" site="oztivo.net" site_id="SBSF-Vic" xmltv_id="SBS Food Victoria">SBS Food Victoria</channel>
    <channel update="i" site="oztivo.net" site_id="SBSF-WA" xmltv_id="SBS Food West Australia">SBS Food West Australia</channel>
    <channel update="i" site="oztivo.net" site_id="SBSTWO-NSW" xmltv_id="SBS Viceland NSW">SBS Viceland NSW</channel>
    <channel update="i" site="oztivo.net" site_id="SBSTWO-NT" xmltv_id="SBS Viceland NT">SBS Viceland NT</channel>
    <channel update="i" site="oztivo.net" site_id="SBSTWO-Qld" xmltv_id="SBS Viceland Queensland">SBS Viceland Queensland</channel>
    <channel update="i" site="oztivo.net" site_id="SBSTWO-SA" xmltv_id="SBS Viceland South Australia">SBS Viceland South Australia</channel>
    <channel update="i" site="oztivo.net" site_id="SBSTWO-Tas" xmltv_id="SBS Viceland Tasmania">SBS Viceland Tasmania</channel>
    <channel update="i" site="oztivo.net" site_id="SBSTWO-Vic" xmltv_id="SBS Viceland Victoria">SBS Viceland Victoria</channel>
    <channel update="i" site="oztivo.net" site_id="SBSTWO-WA" xmltv_id="SBS Viceland WA">SBS Viceland WA</channel>
    <channel update="i" site="oztivo.net" site_id="SCIENCE" xmltv_id="Discovery Science">Discovery Science</channel>
    <channel update="i" site="oztivo.net" site_id="SHWC+2" xmltv_id="Showcase +2">Showcase +2</channel>
    <channel update="i" site="oztivo.net" site_id="SHWC" xmltv_id="Showcase">Showcase</channel>
    <channel update="i" site="oztivo.net" site_id="STYLE" xmltv_id="The Style Network">The Style Network</channel>
    <channel update="i" site="oztivo.net" site_id="Seven-Dar" xmltv_id="Seven Darwin">Seven Darwin</channel>
    <channel update="i" site="oztivo.net" site_id="Seven-Mel" xmltv_id="Seven Melbourne">Seven Melbourne</channel>
    <channel update="i" site="oztivo.net" site_id="Seven-Qld" xmltv_id="Seven Queensland">Seven Queensland</channel>
    <channel update="i" site="oztivo.net" site_id="Seven-SA" xmltv_id="Seven South Australia">Seven South Australia</channel>
    <channel update="i" site="oztivo.net" site_id="Seven-Syd" xmltv_id="Seven Sydney">Seven Sydney</channel>
    <channel update="i" site="oztivo.net" site_id="Seven-WA" xmltv_id="Seven West Australia">Seven West Australia</channel>
    <channel update="i" site="oztivo.net" site_id="Syfy+2" xmltv_id="Syfy +2">Syfy +2</channel>
    <channel update="i" site="oztivo.net" site_id="Syfy" xmltv_id="Syfy">Syfy</channel>
    <channel update="i" site="oztivo.net" site_id="TLC+2" xmltv_id="TLC+2">TLC+2</channel>
    <channel update="i" site="oztivo.net" site_id="TLC" xmltv_id="TLC">TLC</channel>
    <channel update="i" site="oztivo.net" site_id="TVHITS+2" xmltv_id="TVHITS +2">TVHITS +2</channel>
    <channel update="i" site="oztivo.net" site_id="TVHITS" xmltv_id="TVHITS">TVHITS</channel>
    <channel update="i" site="oztivo.net" site_id="Ten-Can" xmltv_id="Ten Canberra">Ten Canberra</channel>
    <channel update="i" site="oztivo.net" site_id="Ten-Dar" xmltv_id="Ten Darwin">Ten Darwin</channel>
    <channel update="i" site="oztivo.net" site_id="Ten-NSW" xmltv_id="Ten NSW">Ten NSW</channel>
    <channel update="i" site="oztivo.net" site_id="Ten-Qld" xmltv_id="Ten Queensland">Ten Queensland</channel>
    <channel update="i" site="oztivo.net" site_id="Ten-SA" xmltv_id="Ten South Australia">Ten South Australia</channel>
    <channel update="i" site="oztivo.net" site_id="Ten-Vic" xmltv_id="Ten Victoria">Ten Victoria</channel>
    <channel update="i" site="oztivo.net" site_id="Ten-WA" xmltv_id="Ten West Australia">Ten West Australia</channel>
    <channel update="i" site="oztivo.net" site_id="UKTV+2" xmltv_id="BBC UKTV +2">BBC UKTV +2</channel>
    <channel update="i" site="oztivo.net" site_id="UKTV" xmltv_id="BBC UKTV">BBC UKTV</channel>
    <channel update="i" site="oztivo.net" site_id="UNIV+2" xmltv_id="Universal Channel +2">Universal Channel +2</channel>
    <channel update="i" site="oztivo.net" site_id="UNIV" xmltv_id="Universal Channel">Universal Channel</channel>
    <channel update="i" site="oztivo.net" site_id="VHITS" xmltv_id="V Hits">V Hits</channel>
    <channel update="i" site="oztivo.net" site_id="WIN-Can" xmltv_id="WIN Canberra">WIN Canberra</channel>
    <channel update="i" site="oztivo.net" site_id="WIN-NSW" xmltv_id="WIN NSW">WIN NSW</channel>
    <channel update="i" site="oztivo.net" site_id="WIN-Qld" xmltv_id="WIN Queensland">WIN Queensland</channel>
    <channel update="i" site="oztivo.net" site_id="WIN-Tas" xmltv_id="WIN Tasmania">WIN Tasmania</channel>
    <channel update="i" site="oztivo.net" site_id="WIN-WA" xmltv_id="WIN West Australia">WIN West Australia</channel>
    <channel update="i" site="oztivo.net" site_id="WTV" xmltv_id="WTV">WTV</channel>
  </channels>
</site>
