﻿<?xml version="1.0" encoding="UTF-8"?>
<site generator-info-name="WebGrab+Plus/w MDB &amp; REX Postprocess -- version V3.0.2.0 -- Jan van Straaten" site="tv.iskon.hr.EK">
  <channels>
    <channel update="i" site="tv.iskon.hr.EK" site_id="111268##hrt-1-hd2/271283-2-cro-HR/HRT-1-HD.png" xmltv_id="HRT 1 HD">HRT 1 HD</channel>
    <channel update="i" site="tv.iskon.hr.EK" site_id="111269##hrt-2-hd3/271285-2-cro-HR/HRT-2-HD.png" xmltv_id="HRT 2 HD">HRT 2 HD</channel>
    <channel update="i" site="tv.iskon.hr.EK" site_id="111270##hrt-3-hd2/271287-2-cro-HR/HRT-3-HD.png" xmltv_id="HRT 3 HD">HRT 3 HD</channel>
    <channel update="i" site="tv.iskon.hr.EK" site_id="111276##hrt-4-hd2/271289-2-cro-HR/HRT-4-HD.png" xmltv_id="HRT 4 HD">HRT 4 HD</channel>
    <channel update="i" site="tv.iskon.hr.EK" site_id="111271##rtl2/271291-2-cro-HR/RTL.png" xmltv_id="RTL">RTL</channel>
    <channel update="i" site="tv.iskon.hr.EK" site_id="111273##rtl-22/271293-2-cro-HR/RTL-2.png" xmltv_id="RTL 2">RTL 2</channel>
    <channel update="i" site="tv.iskon.hr.EK" site_id="111272##nova-tv2/271295-2-cro-HR/NOVA-TV.png" xmltv_id="NOVA TV">NOVA TV</channel>
    <channel update="i" site="tv.iskon.hr.EK" site_id="111275##doma-tv2/271297-3-cro-HR/Doma-TV.png" xmltv_id="Doma TV">Doma TV</channel>
    <channel update="i" site="tv.iskon.hr.EK" site_id="33130692##hrt-1-fhd/367407-2-cro-HR/HRT-1-FHD.png" xmltv_id="HRT 1 FHD">HRT 1 FHD</channel>
    <channel update="i" site="tv.iskon.hr.EK" site_id="33130704##hrt-2-fhd/367409-2-cro-HR/HRT-2-FHD.png" xmltv_id="HRT 2 FHD">HRT 2 FHD</channel>
    <channel update="i" site="tv.iskon.hr.EK" site_id="33130789##hrt-3-fhd/367411-2-cro-HR/HRT-3-FHD.png" xmltv_id="HRT 3 FHD">HRT 3 FHD</channel>
    <channel update="i" site="tv.iskon.hr.EK" site_id="33131070##hrt-4-fhd/367413-2-cro-HR/HRT-4-FHD.png" xmltv_id="HRT 4 FHD">HRT 4 FHD</channel>
    <channel update="i" site="tv.iskon.hr.EK" site_id="113464##novatv-fhd2/271299-3-cro-HR/NovaTV-FHD.png" xmltv_id="NovaTV FHD">NovaTV FHD</channel>
    <channel update="i" site="tv.iskon.hr.EK" site_id="4855465##n1-fhd/272561-2-cro-HR/N1-FHD.png" xmltv_id="N1 FHD">N1 FHD</channel>
    <channel update="i" site="tv.iskon.hr.EK" site_id="12836884#" xmltv_id="HTV 2 HD">HTV 2 HD</channel>
    <channel update="i" site="tv.iskon.hr.EK" site_id="111279##cinestar-tv-1/271301-3-cro-HR/CineStar-TV-1.png" xmltv_id="CineStar TV 1">CineStar TV 1</channel>
    <channel update="i" site="tv.iskon.hr.EK" site_id="111280##cinestar-tv-action2/271303-5-cro-HR/CineStar-TV-Action.png" xmltv_id="CineStar TV Action">CineStar TV Action</channel>
    <channel update="i" site="tv.iskon.hr.EK" site_id="108258##cinestar-tv-premiere-12/271305-3-cro-HR/CineStar-TV-Premiere-1.png" xmltv_id="CineStar TV Premiere 1">CineStar TV Premiere 1</channel>
    <channel update="i" site="tv.iskon.hr.EK" site_id="108259##cinestar-tv-premiere-22/271307-4-cro-HR/CineStar-TV-Premiere-2.png" xmltv_id="CineStar TV Premiere 2">CineStar TV Premiere 2</channel>
    <channel update="i" site="tv.iskon.hr.EK" site_id="111281##comedy-central2/271309-2-cro-HR/Comedy-Central.png" xmltv_id="Comedy Central">Comedy Central</channel>
    <channel update="i" site="tv.iskon.hr.EK" site_id="111282##fox-life2/271311-2-cro-HR/Fox-Life.png" xmltv_id="Fox Life">Fox Life</channel>
    <channel update="i" site="tv.iskon.hr.EK" site_id="111283##fox-crime2/271313-2-cro-HR/Fox-Crime.png" xmltv_id="Fox Crime">Fox Crime</channel>
    <channel update="i" site="tv.iskon.hr.EK" site_id="111284##fox2/271315-3-cro-HR/Fox.png" xmltv_id="Fox">Fox</channel>
    <channel update="i" site="tv.iskon.hr.EK" site_id="111285##fox-movies2/271317-2-cro-HR/Fox-Movies.png" xmltv_id="Fox Movies">Fox Movies</channel>
    <channel update="i" site="tv.iskon.hr.EK" site_id="111286##kinotv2/271319-2-cro-HR/KinoTV.png" xmltv_id="KinoTV">KinoTV</channel>
    <channel update="i" site="tv.iskon.hr.EK" site_id="111287##klasik-tv2/271321-3-cro-HR/Klasik-TV.png" xmltv_id="Klasik TV">Klasik TV</channel>
    <channel update="i" site="tv.iskon.hr.EK" site_id="114424##rtl-crime2/271323-2-cro-HR/RTL-Crime.png" xmltv_id="RTL Crime">RTL Crime</channel>
    <channel update="i" site="tv.iskon.hr.EK" site_id="116386##rtl-passion2/271325-2-cro-HR/RTL-Passion.png" xmltv_id="RTL Passion">RTL Passion</channel>
    <channel update="i" site="tv.iskon.hr.EK" site_id="111290##amc2/271327-2-cro-HR/AMC.png" xmltv_id="AMC">AMC</channel>
    <channel update="i" site="tv.iskon.hr.EK" site_id="111291##scifi-universal2/271329-3-cro-HR/SciFi-Universal.png" xmltv_id="SciFi Universal">SciFi Universal</channel>
    <channel update="i" site="tv.iskon.hr.EK" site_id="117537##diva2/271331-2-cro-HR/DIVA.png" xmltv_id="DIVA">DIVA</channel>
    <channel update="i" site="tv.iskon.hr.EK" site_id="111293##tv10002/271333-2-cro-HR/TV1000.png" xmltv_id="TV1000">TV1000</channel>
    <channel update="i" site="tv.iskon.hr.EK" site_id="10332377##epic-drama/296648-2-cro-HR/Epic-Drama.png" xmltv_id="Epic Drama">Epic Drama</channel>
    <channel update="i" site="tv.iskon.hr.EK" site_id="10332379##cinestar-tv-fantasy/296650-2-cro-HR/CineStar-TV-Fantasy.png" xmltv_id="CineStar TV Fantasy">CineStar TV Fantasy</channel>
    <channel update="i" site="tv.iskon.hr.EK" site_id="108260##cinestar-tv-premiere-1-fhd2/271335-4-cro-HR/CineStar-TV-Premiere-1-FHD.png" xmltv_id="CineStar TV Premiere 1 FHD">CineStar TV Premiere 1 FHD</channel>
    <channel update="i" site="tv.iskon.hr.EK" site_id="108261##cinestar-tv-premiere-2-fhd2/271337-4-cro-HR/CineStar-TV-Premiere-2-FHD.png" xmltv_id="CineStar TV Premiere 2 FHD">CineStar TV Premiere 2 FHD</channel>
    <channel update="i" site="tv.iskon.hr.EK" site_id="113463##kinotv-fhd/271339-2-cro-HR/KinoTV-FHD.png" xmltv_id="KinoTV FHD">KinoTV FHD</channel>
    <channel update="i" site="tv.iskon.hr.EK" site_id="18036417##axn/325324-2-cro-HR/AXN.png" xmltv_id="AXN">AXN</channel>
    <channel update="i" site="tv.iskon.hr.EK" site_id="18036460##axn-spin/325326-2-cro-HR/AXN-Spin.png" xmltv_id="AXN Spin">AXN Spin</channel>
    <channel update="i" site="tv.iskon.hr.EK" site_id="111292##hbo2/271341-2-cro-HR/HBO.png" xmltv_id="HBO">HBO</channel>
    <channel update="i" site="tv.iskon.hr.EK" site_id="113569##hbo-22/271343-2-cro-HR/HBO-2.png" xmltv_id="HBO 2">HBO 2</channel>
    <channel update="i" site="tv.iskon.hr.EK" site_id="384759##hbo-32/271345-2-cro-HR/HBO-3.png" xmltv_id="HBO 3">HBO 3</channel>
    <channel update="i" site="tv.iskon.hr.EK" site_id="111294##cinemax2/271347-2-cro-HR/Cinemax.png" xmltv_id="Cinemax">Cinemax</channel>
    <channel update="i" site="tv.iskon.hr.EK" site_id="111295##cinemax-22/271349-2-cro-HR/Cinemax-2.png" xmltv_id="Cinemax 2">Cinemax 2</channel>
    <channel update="i" site="tv.iskon.hr.EK" site_id="3650974##hbo-fhd/271351-2-cro-HR/HBO-FHD.png" xmltv_id="HBO FHD">HBO FHD</channel>
    <channel update="i" site="tv.iskon.hr.EK" site_id="3650976##hbo-2-fhd/271353-2-cro-HR/HBO-2-FHD.png" xmltv_id="HBO 2 FHD">HBO 2 FHD</channel>
    <channel update="i" site="tv.iskon.hr.EK" site_id="3650979##hbo-3-fhd/271355-2-cro-HR/HBO-3-FHD.png" xmltv_id="HBO 3 FHD">HBO 3 FHD</channel>
    <channel update="i" site="tv.iskon.hr.EK" site_id="3650982##cinemax-fhd/271357-2-cro-HR/Cinemax-FHD.png" xmltv_id="Cinemax FHD">Cinemax FHD</channel>
    <channel update="i" site="tv.iskon.hr.EK" site_id="3651013##cinemax-2-fhd/271359-2-cro-HR/Cinemax-2-FHD.png" xmltv_id="Cinemax 2 FHD">Cinemax 2 FHD</channel>
    <channel update="i" site="tv.iskon.hr.EK" site_id="111296##n.-geographic2/271361-2-cro-HR/N.-Geographic.png" xmltv_id="N. Geographic">N. Geographic</channel>
    <channel update="i" site="tv.iskon.hr.EK" site_id="111297##n.-geo.-wild2/271363-2-cro-HR/N.-Geo.-Wild.png" xmltv_id="N. Geo. Wild">N. Geo. Wild</channel>
    <channel update="i" site="tv.iskon.hr.EK" site_id="111298##history-channel2/271365-2-cro-HR/History-Channel.png" xmltv_id="History Channel">History Channel</channel>
    <channel update="i" site="tv.iskon.hr.EK" site_id="4855485##history-2/272563-4-cro-HR/History-2.png" xmltv_id="History 2">History 2</channel>
    <channel update="i" site="tv.iskon.hr.EK" site_id="111299##viasat-explore/271367-2-cro-HR/Viasat-Explore.png" xmltv_id="Viasat Explore">Viasat Explore</channel>
    <channel update="i" site="tv.iskon.hr.EK" site_id="111300##viasat-history2/271369-2-cro-HR/Viasat-History.png" xmltv_id="Viasat History">Viasat History</channel>
    <channel update="i" site="tv.iskon.hr.EK" site_id="3480393##crime-investigation2/271381-2-cro-HR/Crime-Investigation.png" xmltv_id="Crime &amp; Investigation">Crime &amp; Investigation</channel>
    <channel update="i" site="tv.iskon.hr.EK" site_id="10332380##bbc-earth/296652-2-cro-HR/BBC-Earth.png" xmltv_id="BBC Earth">BBC Earth</channel>
    <channel update="i" site="tv.iskon.hr.EK" site_id="10332382##viasat-nature/296654-2-cro-HR/Viasat-Nature.png" xmltv_id="Viasat Nature">Viasat Nature</channel>
    <channel update="i" site="tv.iskon.hr.EK" site_id="113466##ng-fhd2/271383-2-cro-HR/NG-FHD.png" xmltv_id="NG FHD">NG FHD</channel>
    <channel update="i" site="tv.iskon.hr.EK" site_id="113467##nat-geo-wild-fhd2/271385-2-cro-HR/Nat-Geo-Wild-FHD.png" xmltv_id="Nat Geo Wild FHD">Nat Geo Wild FHD</channel>
    <channel update="i" site="tv.iskon.hr.EK" site_id="113468##viasat-nature-fhd/271387-4-cro-HR/Viasat-Nature-FHD.png" xmltv_id="Viasat Nature FHD">Viasat Nature FHD</channel>
    <channel update="i" site="tv.iskon.hr.EK" site_id="4855625##history-channel-fhd/272565-2-cro-HR/History-Channel-FHD.png" xmltv_id="History Channel FHD">History Channel FHD</channel>
    <channel update="i" site="tv.iskon.hr.EK" site_id="4855628##history-2-fhd/272567-4-cro-HR/History-2-FHD.png" xmltv_id="History 2 FHD">History 2 FHD</channel>
    <channel update="i" site="tv.iskon.hr.EK" site_id="30904265#" xmltv_id="Arenasport 1">Arenasport 1</channel>
    <channel update="i" site="tv.iskon.hr.EK" site_id="30904271#" xmltv_id="Arenasport 2">Arenasport 2</channel>
    <channel update="i" site="tv.iskon.hr.EK" site_id="30904275#" xmltv_id="Arenasport 3">Arenasport 3</channel>
    <channel update="i" site="tv.iskon.hr.EK" site_id="30904279#" xmltv_id="Arenasport 4">Arenasport 4</channel>
    <channel update="i" site="tv.iskon.hr.EK" site_id="30904281#" xmltv_id="Arenasport 5">Arenasport 5</channel>
    <channel update="i" site="tv.iskon.hr.EK" site_id="30904282#" xmltv_id="Arenasport 6">Arenasport 6</channel>
    <channel update="i" site="tv.iskon.hr.EK" site_id="111325##sportska-tv2/271401-2-cro-HR/Sportska-TV.png" xmltv_id="Sportska TV">Sportska TV</channel>
    <channel update="i" site="tv.iskon.hr.EK" site_id="111328##extreme-sports2/271405-2-cro-HR/Extreme-Sports.png" xmltv_id="Extreme Sports">Extreme Sports</channel>
    <channel update="i" site="tv.iskon.hr.EK" site_id="111329##kreator-tv2/271407-2-cro-HR/Kreator-TV.png" xmltv_id="Kreator TV">Kreator TV</channel>
    <channel update="i" site="tv.iskon.hr.EK" site_id="111331##lov-i-ribolov2/271409-2-cro-HR/Lov-i-Ribolov.png" xmltv_id="Lov i Ribolov">Lov i Ribolov</channel>
    <channel update="i" site="tv.iskon.hr.EK" site_id="111333##sport-12/271413-2-cro-HR/Sport-1.png" xmltv_id="Sport 1">Sport 1</channel>
    <channel update="i" site="tv.iskon.hr.EK" site_id="547766##hntv2/271415-2-cro-HR/HNTV.png" xmltv_id="HNTV">HNTV</channel>
    <channel update="i" site="tv.iskon.hr.EK" site_id="30904283#" xmltv_id="Arenasport 1 FHD">Arenasport 1 FHD</channel>
    <channel update="i" site="tv.iskon.hr.EK" site_id="30904284#" xmltv_id="Arenasport 2 FHD">Arenasport 2 FHD</channel>
    <channel update="i" site="tv.iskon.hr.EK" site_id="30904286#" xmltv_id="Arenasport 3 FHD">Arenasport 3 FHD</channel>
    <channel update="i" site="tv.iskon.hr.EK" site_id="30904288#" xmltv_id="Arenasport 4 FHD">Arenasport 4 FHD</channel>
    <channel update="i" site="tv.iskon.hr.EK" site_id="30906134#" xmltv_id="Arenasport 5 FHD">Arenasport 5 FHD</channel>
    <channel update="i" site="tv.iskon.hr.EK" site_id="30906135#" xmltv_id="Arenasport 6 FHD">Arenasport 6 FHD</channel>
    <channel update="i" site="tv.iskon.hr.EK" site_id="111313##baby-tv2/271423-2-cro-HR/Baby-TV.png" xmltv_id="Baby TV">Baby TV</channel>
    <channel update="i" site="tv.iskon.hr.EK" site_id="288963##disney-channel2/271425-2-cro-HR/Disney-Channel.png" xmltv_id="Disney Channel">Disney Channel</channel>
    <channel update="i" site="tv.iskon.hr.EK" site_id="111314##boomerang2/271427-2-cro-HR/Boomerang.png" xmltv_id="Boomerang">Boomerang</channel>
    <channel update="i" site="tv.iskon.hr.EK" site_id="113567##cartoon-network-tcm2/271429-2-cro-HR/Cartoon-Network-TCM.png" xmltv_id="Cartoon Network / TCM">Cartoon Network / TCM</channel>
    <channel update="i" site="tv.iskon.hr.EK" site_id="111316##disney-junior2/271431-2-cro-HR/Disney-Junior.png" xmltv_id="Disney Junior">Disney Junior</channel>
    <channel update="i" site="tv.iskon.hr.EK" site_id="111317##disney-xd2/271433-2-cro-HR/Disney-XD.png" xmltv_id="Disney XD">Disney XD</channel>
    <channel update="i" site="tv.iskon.hr.EK" site_id="111318##da-vinci/271435-2-cro-HR/Da-Vinci.png" xmltv_id="Da Vinci">Da Vinci</channel>
    <channel update="i" site="tv.iskon.hr.EK" site_id="111319##nickelodeon-hr2/271437-2-cro-HR/Nickelodeon-HR.png" xmltv_id="Nickelodeon HR">Nickelodeon HR</channel>
    <channel update="i" site="tv.iskon.hr.EK" site_id="3480550##nickelodeon-junior-hr2/271439-2-cro-HR/Nickelodeon-Junior-HR.png" xmltv_id="Nickelodeon Junior HR">Nickelodeon Junior HR</channel>
    <channel update="i" site="tv.iskon.hr.EK" site_id="111320##mini-tv2/271441-2-cro-HR/Mini-TV.png" xmltv_id="Mini TV">Mini TV</channel>
    <channel update="i" site="tv.iskon.hr.EK" site_id="214052##rtl-kockica2/271443-2-cro-HR/RTL-Kockica.png" xmltv_id="RTL Kockica">RTL Kockica</channel>
    <channel update="i" site="tv.iskon.hr.EK" site_id="111321##nickelodeon2/271445-2-cro-HR/Nickelodeon.png" xmltv_id="Nickelodeon">Nickelodeon</channel>
    <channel update="i" site="tv.iskon.hr.EK" site_id="289009##nickelodeon-junior2/271447-2-cro-HR/Nickelodeon-Junior.png" xmltv_id="Nickelodeon Junior">Nickelodeon Junior</channel>
    <channel update="i" site="tv.iskon.hr.EK" site_id="436494##vavoom/271449-4-cro-HR/Vavoom.png" xmltv_id="Vavoom">Vavoom</channel>
    <channel update="i" site="tv.iskon.hr.EK" site_id="436500##pikaboo/271451-4-cro-HR/Pikaboo.png" xmltv_id="Pikaboo">Pikaboo</channel>
    <channel update="i" site="tv.iskon.hr.EK" site_id="4855690##nickelodeon-hr-fhd/272569-3-cro-HR/Nickelodeon-HR-FHD.png" xmltv_id="Nickelodeon HR FHD">Nickelodeon HR FHD</channel>
    <channel update="i" site="tv.iskon.hr.EK" site_id="111334##cmc2/271453-2-cro-HR/CMC.png" xmltv_id="CMC">CMC</channel>
    <channel update="i" site="tv.iskon.hr.EK" site_id="111335##jugoton2/271455-2-cro-HR/Jugoton.png" xmltv_id="Jugoton">Jugoton</channel>
    <channel update="i" site="tv.iskon.hr.EK" site_id="111337##mtv-dance2/271459-2-cro-HR/MTV-Dance.png" xmltv_id="MTV Dance">MTV Dance</channel>
    <channel update="i" site="tv.iskon.hr.EK" site_id="111338##mtv-hits2/271461-2-cro-HR/MTV-Hits.png" xmltv_id="MTV Hits">MTV Hits</channel>
    <channel update="i" site="tv.iskon.hr.EK" site_id="111339##vh12/271463-2-cro-HR/VH1.png" xmltv_id="VH1">VH1</channel>
    <channel update="i" site="tv.iskon.hr.EK" site_id="111340##vh1-classic2/271465-3-cro-HR/VH1-Classic.png" xmltv_id="VH1 Classic">VH1 Classic</channel>
    <channel update="i" site="tv.iskon.hr.EK" site_id="111341##hit-tv2/271467-2-cro-HR/Hit-TV.png" xmltv_id="Hit TV">Hit TV</channel>
    <channel update="i" site="tv.iskon.hr.EK" site_id="111342##stingray-iconcerts2/271469-2-cro-HR/Stingray-iConcerts.png" xmltv_id="Stingray iConcerts">Stingray iConcerts</channel>
    <channel update="i" site="tv.iskon.hr.EK" site_id="111343##mezzo-tv2/271471-2-cro-HR/Mezzo-TV.png" xmltv_id="Mezzo TV">Mezzo TV</channel>
    <channel update="i" site="tv.iskon.hr.EK" site_id="16727063##extra-tv/320947-2-cro-HR/Extra-TV.png" xmltv_id="Extra TV">Extra TV</channel>
    <channel update="i" site="tv.iskon.hr.EK" site_id="19396297##narodni-tv/330007-3-cro-HR/Narodni-TV.png" xmltv_id="Narodni TV">Narodni TV</channel>
    <channel update="i" site="tv.iskon.hr.EK" site_id="113465##stingray-iconcerts-fhd2/271473-2-cro-HR/Stingray-iConcerts-FHD.png" xmltv_id="Stingray iConcerts FHD">Stingray iConcerts FHD</channel>
    <channel update="i" site="tv.iskon.hr.EK" site_id="111308##24-kitchen2/271475-2-cro-HR/24-Kitchen.png" xmltv_id="24 Kitchen">24 Kitchen</channel>
    <channel update="i" site="tv.iskon.hr.EK" site_id="111310##kitchen-tv2/271477-2-cro-HR/Kitchen-TV.png" xmltv_id="Kitchen TV">Kitchen TV</channel>
    <channel update="i" site="tv.iskon.hr.EK" site_id="117538##e2/271479-3-cro-HR/E.png" xmltv_id="E!">E!</channel>
    <channel update="i" site="tv.iskon.hr.EK" site_id="111274##rtl-living2/271481-2-cro-HR/RTL-Living.png" xmltv_id="RTL Living">RTL Living</channel>
    <channel update="i" site="tv.iskon.hr.EK" site_id="111306##travel-xp/271483-3-cro-HR/Travel-XP.png" xmltv_id="Travel XP">Travel XP</channel>
    <channel update="i" site="tv.iskon.hr.EK" site_id="111309##myzen2/271485-2-cro-HR/MyZen.png" xmltv_id="MyZen">MyZen</channel>
    <channel update="i" site="tv.iskon.hr.EK" site_id="111311##fashion-tv2/271487-2-cro-HR/Fashion-TV.png" xmltv_id="Fashion TV">Fashion TV</channel>
    <channel update="i" site="tv.iskon.hr.EK" site_id="111307##cbs-reality2/271489-2-cro-HR/CBS-Reality.png" xmltv_id="CBS Reality">CBS Reality</channel>
    <channel update="i" site="tv.iskon.hr.EK" site_id="10332384##woman/296656-2-cro-HR/Woman.png" xmltv_id="Woman">Woman</channel>
    <channel update="i" site="tv.iskon.hr.EK" site_id="7444293##game-bar/288028-3-cro-HR/Game-Bar.png" xmltv_id="Game Bar">Game Bar</channel>
    <channel update="i" site="tv.iskon.hr.EK" site_id="4856005##e!-entertainment-fhd/272571-2-cro-HR/E!-Entertainment-FHD.png" xmltv_id="E! Entertainment FHD">E! Entertainment FHD</channel>
    <channel update="i" site="tv.iskon.hr.EK" site_id="111344##jabuka-tv2/271493-2-cro-HR/Jabuka-TV.png" xmltv_id="Jabuka TV">Jabuka TV</channel>
    <channel update="i" site="tv.iskon.hr.EK" site_id="111345##kanal-ri2/271495-2-cro-HR/Kanal-RI.png" xmltv_id="Kanal RI">Kanal RI</channel>
    <channel update="i" site="tv.iskon.hr.EK" site_id="300753##laudato-tv2/271497-2-cro-HR/Laudato-TV.png" xmltv_id="Laudato TV">Laudato TV</channel>
    <channel update="i" site="tv.iskon.hr.EK" site_id="111346##mreza-tv2/271499-2-cro-HR/Mreza-TV.png" xmltv_id="Mreža TV">Mreža TV</channel>
    <channel update="i" site="tv.iskon.hr.EK" site_id="111347##osjecka-tv2/271501-2-cro-HR/Osjecka-TV.png" xmltv_id="Osječka TV">Osječka TV</channel>
    <channel update="i" site="tv.iskon.hr.EK" site_id="111348##sb-tv2/271503-2-cro-HR/SB-TV.png" xmltv_id="SB TV">SB TV</channel>
    <channel update="i" site="tv.iskon.hr.EK" site_id="111349##tv-jadran2/271505-2-cro-HR/TV-Jadran.png" xmltv_id="TV Jadran">TV Jadran</channel>
    <channel update="i" site="tv.iskon.hr.EK" site_id="111350##tv-student2/271507-2-cro-HR/TV-Student.png" xmltv_id="TV Student">TV Student</channel>
    <channel update="i" site="tv.iskon.hr.EK" site_id="111351##z12/271509-2-cro-HR/Z1.png" xmltv_id="Z1">Z1</channel>
    <channel update="i" site="tv.iskon.hr.EK" site_id="2369884##poljoprivredna-tv2/271511-2-cro-HR/Poljoprivredna-TV.png" xmltv_id="Poljoprivredna TV">Poljoprivredna TV</channel>
    <channel update="i" site="tv.iskon.hr.EK" site_id="4855959##du-tv/272573-2-cro-HR/Du-TV.png" xmltv_id="Du TV">Du TV</channel>
    <channel update="i" site="tv.iskon.hr.EK" site_id="4855963##varazdinska-tv/272575-2-cro-HR/Varazdinska-TV.png" xmltv_id="Varaždinska TV">Varaždinska TV</channel>
    <channel update="i" site="tv.iskon.hr.EK" site_id="4855969##tv-nova-pula/272577-2-cro-HR/TV-Nova-Pula.png" xmltv_id="TV Nova Pula">TV Nova Pula</channel>
    <channel update="i" site="tv.iskon.hr.EK" site_id="6565927##tv-zapad/282372-2-cro-HR/TV-Zapad.png" xmltv_id="TV Zapad">TV Zapad</channel>
    <channel update="i" site="tv.iskon.hr.EK" site_id="7444294##libertas-tv/288030-2-cro-HR/Libertas-TV.png" xmltv_id="Libertas TV">Libertas TV</channel>
    <channel update="i" site="tv.iskon.hr.EK" site_id="111353##ftv2/271513-2-cro-HR/FTV.png" xmltv_id="FTV">FTV</channel>
    <channel update="i" site="tv.iskon.hr.EK" site_id="111354##hayat2/271515-2-cro-HR/Hayat.png" xmltv_id="Hayat">Hayat</channel>
    <channel update="i" site="tv.iskon.hr.EK" site_id="111355##obn2/271517-2-cro-HR/OBN.png" xmltv_id="OBN">OBN</channel>
    <channel update="i" site="tv.iskon.hr.EK" site_id="436534##grand-tv2/271521-2-cro-HR/Grand-TV.png" xmltv_id="Grand TV">Grand TV</channel>
    <channel update="i" site="tv.iskon.hr.EK" site_id="111357##rai-12/271523-2-cro-HR/RAI-1.png" xmltv_id="RAI 1">RAI 1</channel>
    <channel update="i" site="tv.iskon.hr.EK" site_id="111358##rai-22/271525-2-cro-HR/RAI-2.png" xmltv_id="RAI 2">RAI 2</channel>
    <channel update="i" site="tv.iskon.hr.EK" site_id="111361##mediaset2/271531-2-cro-HR/Mediaset.png" xmltv_id="Mediaset">Mediaset</channel>
    <channel update="i" site="tv.iskon.hr.EK" site_id="4855985##tg-com-24/272579-2-cro-HR/TG-COM-24.png" xmltv_id="TG COM 24">TG COM 24</channel>
    <channel update="i" site="tv.iskon.hr.EK" site_id="4855998##happy-tv/272581-2-cro-HR/Happy-TV.png" xmltv_id="Happy TV">Happy TV</channel>
    <channel update="i" site="tv.iskon.hr.EK" site_id="111362##slo12/271533-2-cro-HR/SLO1.png" xmltv_id="SLO1">SLO1</channel>
    <channel update="i" site="tv.iskon.hr.EK" site_id="111363##pro-sieben2/271535-2-cro-HR/Pro-Sieben.png" xmltv_id="Pro Sieben">Pro Sieben</channel>
    <channel update="i" site="tv.iskon.hr.EK" site_id="111364##rtl-television2/271537-2-cro-HR/RTL-Television.png" xmltv_id="RTL Television">RTL Television</channel>
    <channel update="i" site="tv.iskon.hr.EK" site_id="111365##sat12/271539-2-cro-HR/SAT1.png" xmltv_id="SAT1">SAT1</channel>
    <channel update="i" site="tv.iskon.hr.EK" site_id="113452##pink2/271541-2-cro-HR/PINK.png" xmltv_id="PINK">PINK</channel>
    <channel update="i" site="tv.iskon.hr.EK" site_id="113453##pink-m2/271543-2-cro-HR/PINK-M.png" xmltv_id="PINK M">PINK M</channel>
    <channel update="i" site="tv.iskon.hr.EK" site_id="113454##pink-bh2/271545-2-cro-HR/PINK-BH.png" xmltv_id="PINK BH">PINK BH</channel>
    <channel update="i" site="tv.iskon.hr.EK" site_id="113455##pink-plus2/271547-2-cro-HR/PINK-Plus.png" xmltv_id="PINK Plus">PINK Plus</channel>
    <channel update="i" site="tv.iskon.hr.EK" site_id="113456##pink-extra2/271549-2-cro-HR/PINK-Extra.png" xmltv_id="PINK Extra">PINK Extra</channel>
    <channel update="i" site="tv.iskon.hr.EK" site_id="113469##blue-hustler2/271567-2-cro-HR/Blue-Hustler.png" xmltv_id="Blue Hustler">Blue Hustler</channel>
    <channel update="i" site="tv.iskon.hr.EK" site_id="113470##superone2/271569-2-cro-HR/SuperOne.png" xmltv_id="SuperOne">SuperOne</channel>
    <channel update="i" site="tv.iskon.hr.EK" site_id="113471##hustler2/271571-2-cro-HR/Hustler.png" xmltv_id="Hustler">Hustler</channel>
    <channel update="i" site="tv.iskon.hr.EK" site_id="113431##private-tv2/271573-3-cro-HR/Private-TV.png" xmltv_id="Dorcel TV">Dorcel TV</channel>
    <channel update="i" site="tv.iskon.hr.EK" site_id="113520##pink-koncert2/271559-2-cro-HR/PINK-Koncert.jpg" xmltv_id="PINK Koncert">PINK Koncert</channel>
    <channel update="i" site="tv.iskon.hr.EK" site_id="4856000##vivid-red-xxx-fhd/272583-3-cro-HR/Vivid-Red-XXX-FHD.png" xmltv_id="Dorcel XXX HD">Dorcel XXX HD</channel>
    <channel update="i" site="tv.iskon.hr.EK" site_id="113461##pink-world2/271563-2-cro-HR/PINK-World.png" xmltv_id="PINK World">PINK World</channel>
    <channel update="i" site="tv.iskon.hr.EK" site_id="111366##cnn2/271577-2-cro-HR/CNN.png" xmltv_id="CNN">CNN</channel>
    <channel update="i" site="tv.iskon.hr.EK" site_id="111367##cnbc2/271579-2-cro-HR/CNBC.png" xmltv_id="CNBC">CNBC</channel>
    <channel update="i" site="tv.iskon.hr.EK" site_id="111368##bbc-world2/271581-2-cro-HR/BBC-World.png" xmltv_id="BBC World">BBC World</channel>
    <channel update="i" site="tv.iskon.hr.EK" site_id="113568##france-242/271583-2-cro-HR/France-24.png" xmltv_id="France 24">France 24</channel>
    <channel update="i" site="tv.iskon.hr.EK" site_id="436535##n12/271589-2-cro-HR/N1.png" xmltv_id="N1">N1</channel>
  </channels>
</site>