﻿<?xml version="1.0" encoding="UTF-8"?>
<site generator-info-name="WebGrab+Plus/w MDB &amp; REX Postprocess -- version  V3.1.0.0 -- Jan van Straaten" site="yelotv.be">
  <channels>
    <channel update="i" site="yelotv.be" site_id="7" xmltv_id="Vitaya">Vitaya</channel>
    <channel update="i" site="yelotv.be" site_id="8" xmltv_id="KanaalZ">KanaalZ</channel>
    <channel update="i" site="yelotv.be" site_id="10" xmltv_id="AVS Gent">AVS Gent</channel>
    <channel update="i" site="yelotv.be" site_id="11" xmltv_id="Focus">Focus</channel>
    <channel update="i" site="yelotv.be" site_id="12" xmltv_id="TV Oost Dend">TV Oost Dend</channel>
    <channel update="i" site="yelotv.be" site_id="13" xmltv_id="Ring-TV">Ring-TV</channel>
    <channel update="i" site="yelotv.be" site_id="14" xmltv_id="ROB">ROB</channel>
    <channel update="i" site="yelotv.be" site_id="15" xmltv_id="RTV Geel">RTV Geel</channel>
    <channel update="i" site="yelotv.be" site_id="16" xmltv_id="BRUZZ">BRUZZ</channel>
    <channel update="i" site="yelotv.be" site_id="17" xmltv_id="TV Limburg">TV Limburg</channel>
    <channel update="i" site="yelotv.be" site_id="18" xmltv_id="WTV">WTV</channel>
    <channel update="i" site="yelotv.be" site_id="21" xmltv_id="Comedy Central">Comedy Central</channel>
    <channel update="i" site="yelotv.be" site_id="22" xmltv_id="NPO 1">NPO 1</channel>
    <channel update="i" site="yelotv.be" site_id="23" xmltv_id="NPO 2">NPO 2</channel>
    <channel update="i" site="yelotv.be" site_id="24" xmltv_id="NPO 3">NPO 3</channel>
    <channel update="i" site="yelotv.be" site_id="26" xmltv_id="BBC 2">BBC 2</channel>
    <channel update="i" site="yelotv.be" site_id="31" xmltv_id="AB3">AB3</channel>
    <channel update="i" site="yelotv.be" site_id="34" xmltv_id="France 3">France 3</channel>
    <channel update="i" site="yelotv.be" site_id="35" xmltv_id="France 4">France 4</channel>
    <channel update="i" site="yelotv.be" site_id="36" xmltv_id="France 5">France 5</channel>
    <channel update="i" site="yelotv.be" site_id="37" xmltv_id="TV5 Monde">TV5 Monde</channel>
    <channel update="i" site="yelotv.be" site_id="38" xmltv_id="ARD">ARD</channel>
    <channel update="i" site="yelotv.be" site_id="39" xmltv_id="Rai Uno">Rai Uno</channel>
    <channel update="i" site="yelotv.be" site_id="40" xmltv_id="TVE">TVE</channel>
    <channel update="i" site="yelotv.be" site_id="44" xmltv_id="Eurosport 2 HD">Eurosport 2 HD</channel>
    <channel update="i" site="yelotv.be" site_id="47" xmltv_id="Extreme Sports">Extreme Sports</channel>
    <channel update="i" site="yelotv.be" site_id="51" xmltv_id="Play More Kicks">Play More Kicks</channel>
    <channel update="i" site="yelotv.be" site_id="55" xmltv_id="vlaamsparlement.tv">vlaamsparlement.tv</channel>
    <channel update="i" site="yelotv.be" site_id="56" xmltv_id="CNN">CNN</channel>
    <channel update="i" site="yelotv.be" site_id="57" xmltv_id="CNBC Europe">CNBC Europe</channel>
    <channel update="i" site="yelotv.be" site_id="58" xmltv_id="BBC World">BBC World</channel>
    <channel update="i" site="yelotv.be" site_id="59" xmltv_id="Euronews">Euronews</channel>
    <channel update="i" site="yelotv.be" site_id="63" xmltv_id="Discovery Science">Discovery Science</channel>
    <channel update="i" site="yelotv.be" site_id="66" xmltv_id="Fashion TV">Fashion TV</channel>
    <channel update="i" site="yelotv.be" site_id="67" xmltv_id="E! Entertainment">E! Entertainment</channel>
    <channel update="i" site="yelotv.be" site_id="74" xmltv_id="Boomerang">Boomerang</channel>
    <channel update="i" site="yelotv.be" site_id="75" xmltv_id="Nick Jr">Nick Jr</channel>
    <channel update="i" site="yelotv.be" site_id="81" xmltv_id="VOO Sport World 2">VOO Sport World 2</channel>
    <channel update="i" site="yelotv.be" site_id="82" xmltv_id="Playboy TV">Playboy TV</channel>
    <channel update="i" site="yelotv.be" site_id="89" xmltv_id="ZDF">ZDF</channel>
    <channel update="i" site="yelotv.be" site_id="90" xmltv_id="notélé">notélé</channel>
    <channel update="i" site="yelotv.be" site_id="93" xmltv_id="Al Jazeera Int">Al Jazeera Int</channel>
    <channel update="i" site="yelotv.be" site_id="94" xmltv_id="Discovery World">Discovery World</channel>
    <channel update="i" site="yelotv.be" site_id="96" xmltv_id="Plug RTL">Plug RTL</channel>
    <channel update="i" site="yelotv.be" site_id="99" xmltv_id="Al Jazeera Eng">Al Jazeera Eng</channel>
    <channel update="i" site="yelotv.be" site_id="100" xmltv_id="Be 1+1h">Be 1+1h</channel>
    <channel update="i" site="yelotv.be" site_id="101" xmltv_id="Canal J">Canal J</channel>
    <channel update="i" site="yelotv.be" site_id="104" xmltv_id="LCI">LCI</channel>
    <channel update="i" site="yelotv.be" site_id="105" xmltv_id="TV Breizh">TV Breizh</channel>
    <channel update="i" site="yelotv.be" site_id="107" xmltv_id="ABXPLORE">ABXPLORE</channel>
    <channel update="i" site="yelotv.be" site_id="108" xmltv_id="Arte Belgique">Arte Belgique</channel>
    <channel update="i" site="yelotv.be" site_id="109" xmltv_id="Canal Z">Canal Z</channel>
    <channel update="i" site="yelotv.be" site_id="112" xmltv_id="RTPi">RTPi</channel>
    <channel update="i" site="yelotv.be" site_id="113" xmltv_id="TRT">TRT</channel>
    <channel update="i" site="yelotv.be" site_id="114" xmltv_id="France 24">France 24</channel>
    <channel update="i" site="yelotv.be" site_id="116" xmltv_id="France O">France O</channel>
    <channel update="i" site="yelotv.be" site_id="117" xmltv_id="Rai Due">Rai Due</channel>
    <channel update="i" site="yelotv.be" site_id="118" xmltv_id="Rai Tre">Rai Tre</channel>
    <channel update="i" site="yelotv.be" site_id="122" xmltv_id="BX1">BX1</channel>
    <channel update="i" site="yelotv.be" site_id="124" xmltv_id="RFM">RFM</channel>
    <channel update="i" site="yelotv.be" site_id="135" xmltv_id="ACTION">ACTION</channel>
    <channel update="i" site="yelotv.be" site_id="136" xmltv_id="Animaux">Animaux</channel>
    <channel update="i" site="yelotv.be" site_id="138" xmltv_id="BFM TV">BFM TV</channel>
    <channel update="i" site="yelotv.be" site_id="139" xmltv_id="Bloomberg">Bloomberg</channel>
    <channel update="i" site="yelotv.be" site_id="140" xmltv_id="Chasse &amp; Pêche">Chasse &amp; Pêche</channel>
    <channel update="i" site="yelotv.be" site_id="141" xmltv_id="Cartoon">Cartoon</channel>
    <channel update="i" site="yelotv.be" site_id="148" xmltv_id="Discovery FR">Discovery FR</channel>
    <channel update="i" site="yelotv.be" site_id="152" xmltv_id="E! FR">E! FR</channel>
    <channel update="i" site="yelotv.be" site_id="155" xmltv_id="Trek">Trek</channel>
    <channel update="i" site="yelotv.be" site_id="156" xmltv_id="VICEtv FR">VICEtv FR</channel>
    <channel update="i" site="yelotv.be" site_id="159" xmltv_id="Game One">Game One</channel>
    <channel update="i" site="yelotv.be" site_id="160" xmltv_id="Histoire">Histoire</channel>
    <channel update="i" site="yelotv.be" site_id="161" xmltv_id="HustlerTV">HustlerTV</channel>
    <channel update="i" site="yelotv.be" site_id="163" xmltv_id="CNEWS">CNEWS</channel>
    <channel update="i" site="yelotv.be" site_id="165" xmltv_id="Mangas">Mangas</channel>
    <channel update="i" site="yelotv.be" site_id="168" xmltv_id="AUTOMOTO">AUTOMOTO</channel>
    <channel update="i" site="yelotv.be" site_id="173" xmltv_id="Man-X">Man-X</channel>
    <channel update="i" site="yelotv.be" site_id="177" xmltv_id="DJazz TV">DJazz TV</channel>
    <channel update="i" site="yelotv.be" site_id="180" xmltv_id="TCM Cinéma">TCM Cinéma</channel>
    <channel update="i" site="yelotv.be" site_id="183" xmltv_id="Tiji">Tiji</channel>
    <channel update="i" site="yelotv.be" site_id="184" xmltv_id="toute L HISTOIRE">toute L HISTOIRE</channel>
    <channel update="i" site="yelotv.be" site_id="187" xmltv_id="voyage">voyage</channel>
    <channel update="i" site="yelotv.be" site_id="188" xmltv_id="XXL">XXL</channel>
    <channel update="i" site="yelotv.be" site_id="191" xmltv_id="National Geographic">National Geographic</channel>
    <channel update="i" site="yelotv.be" site_id="193" xmltv_id="TF1 HD">TF1 HD</channel>
    <channel update="i" site="yelotv.be" site_id="198" xmltv_id="één">één</channel>
    <channel update="i" site="yelotv.be" site_id="207" xmltv_id="VTM">VTM</channel>
    <channel update="i" site="yelotv.be" site_id="213" xmltv_id="History">History</channel>
    <channel update="i" site="yelotv.be" site_id="214" xmltv_id="2M Monde">2M Monde</channel>
    <channel update="i" site="yelotv.be" site_id="215" xmltv_id="TVP Polonia">TVP Polonia</channel>
    <channel update="i" site="yelotv.be" site_id="216" xmltv_id="Al Aoula Europe">Al Aoula Europe</channel>
    <channel update="i" site="yelotv.be" site_id="234" xmltv_id="Play More Cinema">Play More Cinema</channel>
    <channel update="i" site="yelotv.be" site_id="236" xmltv_id="Canvas">Canvas</channel>
    <channel update="i" site="yelotv.be" site_id="258" xmltv_id="CAZ">CAZ</channel>
    <channel update="i" site="yelotv.be" site_id="262" xmltv_id="Nat Geo Wild FR">Nat Geo Wild FR</channel>
    <channel update="i" site="yelotv.be" site_id="263" xmltv_id="Animal Planet">Animal Planet</channel>
    <channel update="i" site="yelotv.be" site_id="264" xmltv_id="BBC One HD">BBC One HD</channel>
    <channel update="i" site="yelotv.be" site_id="265" xmltv_id="Discovery Vlaanderen">Discovery Vlaanderen</channel>
    <channel update="i" site="yelotv.be" site_id="270" xmltv_id="Gulli">Gulli</channel>
    <channel update="i" site="yelotv.be" site_id="272" xmltv_id="Nat Geo HD FR">Nat Geo HD FR</channel>
    <channel update="i" site="yelotv.be" site_id="275" xmltv_id="Ushuaïa HD">Ushuaïa HD</channel>
    <channel update="i" site="yelotv.be" site_id="280" xmltv_id="RTL Tele">RTL Tele</channel>
    <channel update="i" site="yelotv.be" site_id="283" xmltv_id="VTM KIDS">VTM KIDS</channel>
    <channel update="i" site="yelotv.be" site_id="288" xmltv_id="Mediaset Italia">Mediaset Italia</channel>
    <channel update="i" site="yelotv.be" site_id="290" xmltv_id="Disney FR">Disney FR</channel>
    <channel update="i" site="yelotv.be" site_id="291" xmltv_id="Disney VL">Disney VL</channel>
    <channel update="i" site="yelotv.be" site_id="293" xmltv_id="BBC Entertainment">BBC Entertainment</channel>
    <channel update="i" site="yelotv.be" site_id="294" xmltv_id="Eclipse TV">Eclipse TV</channel>
    <channel update="i" site="yelotv.be" site_id="297" xmltv_id="Stories">Stories</channel>
    <channel update="i" site="yelotv.be" site_id="298" xmltv_id="Syfy FR">Syfy FR</channel>
    <channel update="i" site="yelotv.be" site_id="301" xmltv_id="Eurosport HD">Eurosport HD</channel>
    <channel update="i" site="yelotv.be" site_id="302" xmltv_id="Eurosport HD FR">Eurosport HD FR</channel>
    <channel update="i" site="yelotv.be" site_id="308" xmltv_id="VH1 music">VH1 music</channel>
    <channel update="i" site="yelotv.be" site_id="310" xmltv_id="Cartoon.Network">Cartoon.Network</channel>
    <channel update="i" site="yelotv.be" site_id="313" xmltv_id="Disney JR">Disney JR</channel>
    <channel update="i" site="yelotv.be" site_id="314" xmltv_id="Mezzo">Mezzo</channel>
    <channel update="i" site="yelotv.be" site_id="365" xmltv_id="La Deux HD">La Deux HD</channel>
    <channel update="i" site="yelotv.be" site_id="366" xmltv_id="La Trois">La Trois</channel>
    <channel update="i" site="yelotv.be" site_id="367" xmltv_id="La Une HD">La Une HD</channel>
    <channel update="i" site="yelotv.be" site_id="370" xmltv_id="AVS Eeklo">AVS Eeklo</channel>
    <channel update="i" site="yelotv.be" site_id="371" xmltv_id="AVS Oudenaarde">AVS Oudenaarde</channel>
    <channel update="i" site="yelotv.be" site_id="372" xmltv_id="RTV Herenthout">RTV Herenthout</channel>
    <channel update="i" site="yelotv.be" site_id="373" xmltv_id="RTV Mechelen">RTV Mechelen</channel>
    <channel update="i" site="yelotv.be" site_id="374" xmltv_id="RTV Turnhout">RTV Turnhout</channel>
    <channel update="i" site="yelotv.be" site_id="375" xmltv_id="TV Oost Sint-Niklaas">TV Oost Sint-Niklaas</channel>
    <channel update="i" site="yelotv.be" site_id="376" xmltv_id="Be 1">Be 1</channel>
    <channel update="i" site="yelotv.be" site_id="377" xmltv_id="njam">njam</channel>
    <channel update="i" site="yelotv.be" site_id="380" xmltv_id="CGTN">CGTN</channel>
    <channel update="i" site="yelotv.be" site_id="383" xmltv_id="Russia Today">Russia Today</channel>
    <channel update="i" site="yelotv.be" site_id="385" xmltv_id="Xite">Xite</channel>
    <channel update="i" site="yelotv.be" site_id="391" xmltv_id="OUT TV">OUT TV</channel>
    <channel update="i" site="yelotv.be" site_id="393" xmltv_id="Discovery ID">Discovery ID</channel>
    <channel update="i" site="yelotv.be" site_id="394" xmltv_id="MTV Live">MTV Live</channel>
    <channel update="i" site="yelotv.be" site_id="395" xmltv_id="Ciné+ Frisson">Ciné+ Frisson</channel>
    <channel update="i" site="yelotv.be" site_id="396" xmltv_id="Ciné+ Classic">Ciné+ Classic</channel>
    <channel update="i" site="yelotv.be" site_id="398" xmltv_id="Comédie+">Comédie+</channel>
    <channel update="i" site="yelotv.be" site_id="401" xmltv_id="Planète+">Planète+</channel>
    <channel update="i" site="yelotv.be" site_id="404" xmltv_id="Play Sports Golf">Play Sports Golf</channel>
    <channel update="i" site="yelotv.be" site_id="406" xmltv_id="Play Sports 1">Play Sports 1</channel>
    <channel update="i" site="yelotv.be" site_id="408" xmltv_id="Play Sports 3">Play Sports 3</channel>
    <channel update="i" site="yelotv.be" site_id="409" xmltv_id="Play Sports 2">Play Sports 2</channel>
    <channel update="i" site="yelotv.be" site_id="410" xmltv_id="Trace Urban">Trace Urban</channel>
    <channel update="i" site="yelotv.be" site_id="411" xmltv_id="Télétoon+">Télétoon+</channel>
    <channel update="i" site="yelotv.be" site_id="508" xmltv_id="ATV">ATV</channel>
    <channel update="i" site="yelotv.be" site_id="509" xmltv_id="Ciné+ Premier">Ciné+ Premier</channel>
    <channel update="i" site="yelotv.be" site_id="511" xmltv_id="MENT TV">MENT TV</channel>
    <channel update="i" site="yelotv.be" site_id="514" xmltv_id="MTV">MTV</channel>
    <channel update="i" site="yelotv.be" site_id="515" xmltv_id="MTV FR">MTV FR</channel>
    <channel update="i" site="yelotv.be" site_id="516" xmltv_id="Nick Jr. FR">Nick Jr. FR</channel>
    <channel update="i" site="yelotv.be" site_id="517" xmltv_id="NickToons">NickToons</channel>
    <channel update="i" site="yelotv.be" site_id="518" xmltv_id="Nickelodeon Spike">Nickelodeon Spike</channel>
    <channel update="i" site="yelotv.be" site_id="519" xmltv_id="Nickelodeon FR">Nickelodeon FR</channel>
    <channel update="i" site="yelotv.be" site_id="526" xmltv_id="Seasons">Seasons</channel>
    <channel update="i" site="yelotv.be" site_id="527" xmltv_id="Q-music">Q-music</channel>
    <channel update="i" site="yelotv.be" site_id="528" xmltv_id="Play Sports 4">Play Sports 4</channel>
    <channel update="i" site="yelotv.be" site_id="529" xmltv_id="Play Sports 5">Play Sports 5</channel>
    <channel update="i" site="yelotv.be" site_id="530" xmltv_id="RTL TVI HD">RTL TVI HD</channel>
    <channel update="i" site="yelotv.be" site_id="531" xmltv_id="Club RTL HD">Club RTL HD</channel>
    <channel update="i" site="yelotv.be" site_id="532" xmltv_id="VOX">VOX</channel>
    <channel update="i" site="yelotv.be" site_id="534" xmltv_id="Ketnet">Ketnet</channel>
    <channel update="i" site="yelotv.be" site_id="535" xmltv_id="n-tv">n-tv</channel>
    <channel update="i" site="yelotv.be" site_id="536" xmltv_id="Play Sports 6">Play Sports 6</channel>
    <channel update="i" site="yelotv.be" site_id="537" xmltv_id="Play Sports 7">Play Sports 7</channel>
    <channel update="i" site="yelotv.be" site_id="538" xmltv_id="Play Sports 8">Play Sports 8</channel>
    <channel update="i" site="yelotv.be" site_id="540" xmltv_id="VOO Sport World 1">VOO Sport World 1</channel>
    <channel update="i" site="yelotv.be" site_id="541" xmltv_id="VOO Sport 1">VOO Sport 1</channel>
    <channel update="i" site="yelotv.be" site_id="542" xmltv_id="VOO Sport 2">VOO Sport 2</channel>
    <channel update="i" site="yelotv.be" site_id="543" xmltv_id="VOO Sport 3">VOO Sport 3</channel>
    <channel update="i" site="yelotv.be" site_id="544" xmltv_id="VOO Sport 4">VOO Sport 4</channel>
    <channel update="i" site="yelotv.be" site_id="545" xmltv_id="VOO Sport 5">VOO Sport 5</channel>
    <channel update="i" site="yelotv.be" site_id="548" xmltv_id="M6 Boutique">M6 Boutique</channel>
    <channel update="i" site="yelotv.be" site_id="549" xmltv_id="VOO Sport World 3">VOO Sport World 3</channel>
    <channel update="i" site="yelotv.be" site_id="550" xmltv_id="Be Séries">Be Séries</channel>
    <channel update="i" site="yelotv.be" site_id="551" xmltv_id="Be Ciné">Be Ciné</channel>
    <channel update="i" site="yelotv.be" site_id="554" xmltv_id="VIER">VIER</channel>
    <channel update="i" site="yelotv.be" site_id="555" xmltv_id="VIJF">VIJF</channel>
    <channel update="i" site="yelotv.be" site_id="559" xmltv_id="ShortsTV">ShortsTV</channel>
    <channel update="i" site="yelotv.be" site_id="560" xmltv_id="Baby TV">Baby TV</channel>
    <channel update="i" site="yelotv.be" site_id="562" xmltv_id="Penthouse Passion">Penthouse Passion</channel>
    <channel update="i" site="yelotv.be" site_id="567" xmltv_id="Q2">Q2</channel>
    <channel update="i" site="yelotv.be" site_id="572" xmltv_id="DOBBIT TV">DOBBIT TV</channel>
    <channel update="i" site="yelotv.be" site_id="581" xmltv_id="Nick Music Global">Nick Music Global</channel>
    <channel update="i" site="yelotv.be" site_id="583" xmltv_id="PlattelandsTv">PlattelandsTv</channel>
    <channel update="i" site="yelotv.be" site_id="585" xmltv_id="Play time">Play time</channel>
    <channel update="i" site="yelotv.be" site_id="587" xmltv_id="Boing">Boing</channel>
    <channel update="i" site="yelotv.be" site_id="589" xmltv_id="BBC 1">BBC 1</channel>
    <channel update="i" site="yelotv.be" site_id="591" xmltv_id="France 2">France 2</channel>
    <channel update="i" site="yelotv.be" site_id="595" xmltv_id="Eurosport.FR">Eurosport.FR</channel>
    <channel update="i" site="yelotv.be" site_id="597" xmltv_id="RMC Sports 4">RMC Sports 4</channel>
    <channel update="i" site="yelotv.be" site_id="605" xmltv_id="Penthouse Gold">Penthouse Gold</channel>
    <channel update="i" site="yelotv.be" site_id="613" xmltv_id="Planète+ C&amp;I">Planète+ C&amp;I</channel>
    <channel update="i" site="yelotv.be" site_id="615" xmltv_id="TLC">TLC</channel>
    <channel update="i" site="yelotv.be" site_id="617" xmltv_id="Melody">Melody</channel>
    <channel update="i" site="yelotv.be" site_id="619" xmltv_id="BBCFirst">BBCFirst</channel>
    <channel update="i" site="yelotv.be" site_id="621" xmltv_id="TF1 Séries Films">TF1 Séries Films</channel>
    <channel update="i" site="yelotv.be" site_id="623" xmltv_id="PureVision">PureVision</channel>
    <channel update="i" site="yelotv.be" site_id="625" xmltv_id="FOX">FOX</channel>
    <channel update="i" site="yelotv.be" site_id="627" xmltv_id="Nat Geo Wild">Nat Geo Wild</channel>
    <channel update="i" site="yelotv.be" site_id="631" xmltv_id="Bel Vision">Bel Vision</channel>
    <channel update="i" site="yelotv.be" site_id="633" xmltv_id="Stingray Classica">Stingray Classica</channel>
    <channel update="i" site="yelotv.be" site_id="635" xmltv_id="1LIVE">1LIVE</channel>
    <channel update="i" site="yelotv.be" site_id="637" xmltv_id="NPO 3FM">NPO 3FM</channel>
    <channel update="i" site="yelotv.be" site_id="639" xmltv_id="BBC Radio 1">BBC Radio 1</channel>
    <channel update="i" site="yelotv.be" site_id="641" xmltv_id="BBC Radio 2">BBC Radio 2</channel>
    <channel update="i" site="yelotv.be" site_id="643" xmltv_id="BBC Radio 3">BBC Radio 3</channel>
    <channel update="i" site="yelotv.be" site_id="645" xmltv_id="BBC World Service">BBC World Service</channel>
    <channel update="i" site="yelotv.be" site_id="647" xmltv_id="BRF 1">BRF 1</channel>
    <channel update="i" site="yelotv.be" site_id="649" xmltv_id="Bel RTL">Bel RTL</channel>
    <channel update="i" site="yelotv.be" site_id="651" xmltv_id="Contact">Contact</channel>
    <channel update="i" site="yelotv.be" site_id="653" xmltv_id="Radio Maria">Radio Maria</channel>
    <channel update="i" site="yelotv.be" site_id="655" xmltv_id="France Culture">France Culture</channel>
    <channel update="i" site="yelotv.be" site_id="657" xmltv_id="France International">France International</channel>
    <channel update="i" site="yelotv.be" site_id="659" xmltv_id="France Musique">France Musique</channel>
    <channel update="i" site="yelotv.be" site_id="661" xmltv_id="JOE fm">JOE fm</channel>
    <channel update="i" site="yelotv.be" site_id="663" xmltv_id="La Première">La Première</channel>
    <channel update="i" site="yelotv.be" site_id="665" xmltv_id="Classical Calm">Classical Calm</channel>
    <channel update="i" site="yelotv.be" site_id="667" xmltv_id="Classical Greats">Classical Greats</channel>
    <channel update="i" site="yelotv.be" site_id="669" xmltv_id="Classical Orchestral">Classical Orchestral</channel>
    <channel update="i" site="yelotv.be" site_id="671" xmltv_id="Strictly 60s">Strictly 60s</channel>
    <channel update="i" site="yelotv.be" site_id="673" xmltv_id="70s">70s</channel>
    <channel update="i" site="yelotv.be" site_id="675" xmltv_id="80s">80s</channel>
    <channel update="i" site="yelotv.be" site_id="677" xmltv_id="90s">90s</channel>
    <channel update="i" site="yelotv.be" site_id="679" xmltv_id="All Day Party">All Day Party</channel>
    <channel update="i" site="yelotv.be" site_id="681" xmltv_id="Bass, Breaks &amp; Beats">Bass, Breaks &amp; Beats</channel>
    <channel update="i" site="yelotv.be" site_id="683" xmltv_id="Belpop">Belpop</channel>
    <channel update="i" site="yelotv.be" site_id="685" xmltv_id="Blues">Blues</channel>
    <channel update="i" site="yelotv.be" site_id="687" xmltv_id="Chansons">Chansons</channel>
    <channel update="i" site="yelotv.be" site_id="689" xmltv_id="Chillout">Chillout</channel>
    <channel update="i" site="yelotv.be" site_id="691" xmltv_id="Classic RnB &amp; Soul">Classic RnB &amp; Soul</channel>
    <channel update="i" site="yelotv.be" site_id="693" xmltv_id="Classic Rock">Classic Rock</channel>
    <channel update="i" site="yelotv.be" site_id="695" xmltv_id="Cocktail Lounge">Cocktail Lounge</channel>
    <channel update="i" site="yelotv.be" site_id="697" xmltv_id="Cool Jazz">Cool Jazz</channel>
    <channel update="i" site="yelotv.be" site_id="699" xmltv_id="Hot Country">Hot Country</channel>
    <channel update="i" site="yelotv.be" site_id="701" xmltv_id="Dancefloor Fillers">Dancefloor Fillers</channel>
    <channel update="i" site="yelotv.be" site_id="703" xmltv_id="Drive">Drive</channel>
    <channel update="i" site="yelotv.be" site_id="705" xmltv_id="Freedom">Freedom</channel>
    <channel update="i" site="yelotv.be" site_id="707" xmltv_id="Groove (Disco&amp;Funk)">Groove (Disco&amp;Funk)</channel>
    <channel update="i" site="yelotv.be" site_id="709" xmltv_id="Headbangers">Headbangers</channel>
    <channel update="i" site="yelotv.be" site_id="711" xmltv_id="Hip Hop">Hip Hop</channel>
    <channel update="i" site="yelotv.be" site_id="713" xmltv_id="Indie Classics">Indie Classics</channel>
    <channel update="i" site="yelotv.be" site_id="715" xmltv_id="Jazz Classics">Jazz Classics</channel>
    <channel update="i" site="yelotv.be" site_id="717" xmltv_id="Reggae Vibra">Reggae Vibra</channel>
    <channel update="i" site="yelotv.be" site_id="719" xmltv_id="Revival">Revival</channel>
    <channel update="i" site="yelotv.be" site_id="721" xmltv_id="Rock Anthems">Rock Anthems</channel>
    <channel update="i" site="yelotv.be" site_id="723" xmltv_id="Rock n Roll">Rock n Roll</channel>
    <channel update="i" site="yelotv.be" site_id="725" xmltv_id="Schlager">Schlager</channel>
    <channel update="i" site="yelotv.be" site_id="727" xmltv_id="Silk">Silk</channel>
    <channel update="i" site="yelotv.be" site_id="729" xmltv_id="Stingray Specials">Stingray Specials</channel>
    <channel update="i" site="yelotv.be" site_id="731" xmltv_id="Total Hits - France">Total Hits - France</channel>
    <channel update="i" site="yelotv.be" site_id="733" xmltv_id="Total Hits - German">Total Hits - German</channel>
    <channel update="i" site="yelotv.be" site_id="735" xmltv_id="Total Hits - Italy">Total Hits - Italy</channel>
    <channel update="i" site="yelotv.be" site_id="737" xmltv_id="Total Hits - Nordic">Total Hits - Nordic</channel>
    <channel update="i" site="yelotv.be" site_id="739" xmltv_id="Total Hits - Spain">Total Hits - Spain</channel>
    <channel update="i" site="yelotv.be" site_id="741" xmltv_id="Total Hits - UK">Total Hits - UK</channel>
    <channel update="i" site="yelotv.be" site_id="743" xmltv_id="MC TÃ¼rk MÃ¼zigi">MC TÃ¼rk MÃ¼zigi</channel>
    <channel update="i" site="yelotv.be" site_id="745" xmltv_id="Ultimate Urban">Ultimate Urban</channel>
    <channel update="i" site="yelotv.be" site_id="747" xmltv_id="World Carnival">World Carnival</channel>
    <channel update="i" site="yelotv.be" site_id="749" xmltv_id="MNM">MNM</channel>
    <channel update="i" site="yelotv.be" site_id="751" xmltv_id="MNM Hits">MNM Hits</channel>
    <channel update="i" site="yelotv.be" site_id="753" xmltv_id="Mint">Mint</channel>
    <channel update="i" site="yelotv.be" site_id="755" xmltv_id="Nostalgie">Nostalgie</channel>
    <channel update="i" site="yelotv.be" site_id="757" xmltv_id="Q-music radio">Q-music radio</channel>
    <channel update="i" site="yelotv.be" site_id="759" xmltv_id="RFI">RFI</channel>
    <channel update="i" site="yelotv.be" site_id="761" xmltv_id="NPO Radio 1">NPO Radio 1</channel>
    <channel update="i" site="yelotv.be" site_id="763" xmltv_id="NPO Radio 2">NPO Radio 2</channel>
    <channel update="i" site="yelotv.be" site_id="765" xmltv_id="Radio 2 Antw">Radio 2 Antw</channel>
    <channel update="i" site="yelotv.be" site_id="767" xmltv_id="Radio 2 Limb">Radio 2 Limb</channel>
    <channel update="i" site="yelotv.be" site_id="769" xmltv_id="Radio 2 O. Vl">Radio 2 O. Vl</channel>
    <channel update="i" site="yelotv.be" site_id="771" xmltv_id="Radio 2 Vl. Br">Radio 2 Vl. Br</channel>
    <channel update="i" site="yelotv.be" site_id="773" xmltv_id="Radio 2 W. Vl">Radio 2 W. Vl</channel>
    <channel update="i" site="yelotv.be" site_id="775" xmltv_id="NPO Radio 4">NPO Radio 4</channel>
    <channel update="i" site="yelotv.be" site_id="777" xmltv_id="TOPradio">TOPradio</channel>
    <channel update="i" site="yelotv.be" site_id="779" xmltv_id="VivaCitÃ©">VivaCitÃ©</channel>
    <channel update="i" site="yelotv.be" site_id="781" xmltv_id="WDR 2">WDR 2</channel>
    <channel update="i" site="yelotv.be" site_id="783" xmltv_id="WDR 3">WDR 3</channel>
    <channel update="i" site="yelotv.be" site_id="785" xmltv_id="WDR 4">WDR 4</channel>
    <channel update="i" site="yelotv.be" site_id="787" xmltv_id="WDR 5">WDR 5</channel>
    <channel update="i" site="yelotv.be" site_id="789" xmltv_id="Family Radio">Family Radio</channel>
    <channel update="i" site="yelotv.be" site_id="791" xmltv_id="Eleven Sports 1">Eleven Sports 1</channel>
    <channel update="i" site="yelotv.be" site_id="793" xmltv_id="Eleven Sports 2">Eleven Sports 2</channel>
    <channel update="i" site="yelotv.be" site_id="795" xmltv_id="Eleven FR">Eleven FR</channel>
    <channel update="i" site="yelotv.be" site_id="797" xmltv_id="Eleven Sports FR">Eleven Sports FR</channel>
    <channel update="i" site="yelotv.be" site_id="799" xmltv_id="Dorcel TV">Dorcel TV</channel>
    <channel update="i" site="yelotv.be" site_id="801" xmltv_id="ZES">ZES</channel>
    <channel update="i" site="yelotv.be" site_id="805" xmltv_id="Play More Black">Play More Black</channel>
    <channel update="i" site="yelotv.be" site_id="807" xmltv_id="zen">zen</channel>
    <channel update="i" site="yelotv.be" site_id="809" xmltv_id="VICEtv">VICEtv</channel>
    <channel update="i" site="yelotv.be" site_id="813" xmltv_id="RTL 4">RTL 4</channel>
    <channel update="i" site="yelotv.be" site_id="815" xmltv_id="RTL 5">RTL 5</channel>
    <channel update="i" site="yelotv.be" site_id="817" xmltv_id="RTL 7">RTL 7</channel>
    <channel update="i" site="yelotv.be" site_id="821" xmltv_id="Omroep Brabant">Omroep Brabant</channel>
    <channel update="i" site="yelotv.be" site_id="823" xmltv_id="SBS 6">SBS 6</channel>
    <channel update="i" site="yelotv.be" site_id="825" xmltv_id="NET 5">NET 5</channel>
    <channel update="i" site="yelotv.be" site_id="827" xmltv_id="Veronica">Veronica</channel>
    <channel update="i" site="yelotv.be" site_id="829" xmltv_id="Euronews FR">Euronews FR</channel>
    <channel update="i" site="yelotv.be" site_id="833" xmltv_id="MyZen TV">MyZen TV</channel>
    <channel update="i" site="yelotv.be" site_id="834" xmltv_id="Classic21">Classic21</channel>
    <channel update="i" site="yelotv.be" site_id="838" xmltv_id="Disney Junior FR">Disney Junior FR</channel>
    <channel update="i" site="yelotv.be" site_id="842" xmltv_id="Klara">Klara</channel>
    <channel update="i" site="yelotv.be" site_id="846" xmltv_id="M6 Music Hits">M6 Music Hits</channel>
    <channel update="i" site="yelotv.be" site_id="850" xmltv_id="Musiq3">Musiq3</channel>
    <channel update="i" site="yelotv.be" site_id="852" xmltv_id="Nat Geo FR">Nat Geo FR</channel>
    <channel update="i" site="yelotv.be" site_id="854" xmltv_id="nieuws+">nieuws+</channel>
    <channel update="i" site="yelotv.be" site_id="860" xmltv_id="Radio Judaïca">Radio Judaïca</channel>
    <channel update="i" site="yelotv.be" site_id="862" xmltv_id="Play Sports Info">Play Sports Info</channel>
    <channel update="i" site="yelotv.be" site_id="866" xmltv_id="StuBru">StuBru</channel>
    <channel update="i" site="yelotv.be" site_id="874" xmltv_id="Yelo TV-channel">Yelo TV-channel</channel>
    <channel update="i" site="yelotv.be" site_id="878" xmltv_id="Télésambre">Télésambre</channel>
    <channel update="i" site="yelotv.be" site_id="880" xmltv_id="Canal C">Canal C</channel>
    <channel update="i" site="yelotv.be" site_id="882" xmltv_id="TMC">TMC</channel>
    <channel update="i" site="yelotv.be" site_id="884" xmltv_id="Eleven Sports 3">Eleven Sports 3</channel>
    <channel update="i" site="yelotv.be" site_id="886" xmltv_id="Baraem">Baraem</channel>
    <channel update="i" site="yelotv.be" site_id="888" xmltv_id="Jeem TV">Jeem TV</channel>
    <channel update="i" site="yelotv.be" site_id="890" xmltv_id="A+">A+</channel>
    <channel update="i" site="yelotv.be" site_id="898" xmltv_id="B-One">B-One</channel>
    <channel update="i" site="yelotv.be" site_id="900" xmltv_id="CRTV">CRTV</channel>
    <channel update="i" site="yelotv.be" site_id="902" xmltv_id="MCM">MCM</channel>
    <channel update="i" site="yelotv.be" site_id="906" xmltv_id="Nollywood TV">Nollywood TV</channel>
    <channel update="i" site="yelotv.be" site_id="908" xmltv_id="Rotana Cinéma">Rotana Cinéma</channel>
    <channel update="i" site="yelotv.be" site_id="910" xmltv_id="RTi1">RTi1</channel>
    <channel update="i" site="yelotv.be" site_id="920" xmltv_id="Eleven Sports 3 FR">Eleven Sports 3 FR</channel>
    <channel update="i" site="yelotv.be" site_id="922" xmltv_id="Dobbit TV FR">Dobbit TV FR</channel>
    <channel update="i" site="yelotv.be" site_id="924" xmltv_id="NRJ">NRJ</channel>
    <channel update="i" site="yelotv.be" site_id="927" xmltv_id="AraBel">AraBel</channel>
    <channel update="i" site="yelotv.be" site_id="929" xmltv_id="Gold FM">Gold FM</channel>
    <channel update="i" site="yelotv.be" site_id="931" xmltv_id="Motorvision">Motorvision</channel>
    <channel update="i" site="yelotv.be" site_id="933" xmltv_id="LN24">LN24</channel>
    <channel update="i" site="yelotv.be" site_id="935" xmltv_id="KTO TV">KTO TV</channel>
    <channel update="i" site="yelotv.be" site_id="939" xmltv_id="Iqraa">Iqraa</channel>
    <channel update="i" site="yelotv.be" site_id="945" xmltv_id="CAZ2">CAZ2</channel>
    <channel update="i" site="yelotv.be" site_id="947" xmltv_id="TFX">TFX</channel>
    <channel update="i" site="yelotv.be" site_id="949" xmltv_id="C8">C8</channel>
    <channel update="i" site="yelotv.be" site_id="951" xmltv_id="Comedy Central FR">Comedy Central FR</channel>
    <channel update="i" site="yelotv.be" site_id="953" xmltv_id="Paramount Channel">Paramount Channel</channel>
    <channel update="i" site="yelotv.be" site_id="955" xmltv_id="Willy">Willy</channel>
    <channel update="i" site="yelotv.be" site_id="957" xmltv_id="Q-Maximum Hits">Q-Maximum Hits</channel>
    <channel update="i" site="yelotv.be" site_id="959" xmltv_id="Q-Foute Radio">Q-Foute Radio</channel>
    <channel update="i" site="yelotv.be" site_id="961" xmltv_id="Joe 60’s-70s">Joe 60’s-70s</channel>
    <channel update="i" site="yelotv.be" site_id="963" xmltv_id="Joe 80’s">Joe 80’s</channel>
    <channel update="i" site="yelotv.be" site_id="965" xmltv_id="Joe 90’s">Joe 90’s</channel>
    <channel update="i" site="yelotv.be" site_id="967" xmltv_id="Joe Easy">Joe Easy</channel>
    <channel update="i" site="yelotv.be" site_id="969" xmltv_id="Tarmac">Tarmac</channel>
    <channel update="i" site="yelotv.be" site_id="971" xmltv_id="Jam">Jam</channel>
    <channel update="i" site="yelotv.be" site_id="973" xmltv_id="Viva+">Viva+</channel>
    <channel update="i" site="yelotv.be" site_id="975" xmltv_id="RTBF Mix">RTBF Mix</channel>
    <channel update="i" site="yelotv.be" site_id="977" xmltv_id="SBS9">SBS9</channel>
    <channel update="i" site="yelotv.be" site_id="979" xmltv_id="ES1">ES1</channel>
    <channel update="i" site="yelotv.be" site_id="981" xmltv_id="hustlerhd">hustlerhd</channel>
  </channels>
</site>