﻿<?xml version="1.0" encoding="UTF-8"?>
<site generator-info-name="WebGrab+Plus/w MDB &amp; REX Postprocess -- version V1.56.24 -- Jan van Straaten" site="klack.de">
  <channels>
    <channel update="i" site="klack.de" site_id="5/ard" xmltv_id="ARD">ARD</channel>
    <channel update="i" site="klack.de" site_id="129/zdf" xmltv_id="ZDF">ZDF</channel>
    <channel update="i" site="klack.de" site_id="86/rtl" xmltv_id="RTL">RTL</channel>
    <channel update="i" site="klack.de" site_id="92/sat-1" xmltv_id="SAT.1">SAT.1</channel>
    <channel update="i" site="klack.de" site_id="79/pro7" xmltv_id="Pro7">Pro7</channel>
    <channel update="i" site="klack.de" site_id="87/rtl-2" xmltv_id="RTL 2">RTL 2</channel>
    <channel update="i" site="klack.de" site_id="126/vox" xmltv_id="VOX">VOX</channel>
    <channel update="i" site="klack.de" site_id="51/kabel-eins" xmltv_id="Kabel eins">Kabel eins</channel>
    <channel update="i" site="klack.de" site_id="118/tele-5" xmltv_id="TELE 5">TELE 5</channel>
    <channel update="i" site="klack.de" site_id="6/arte" xmltv_id="ARTE">ARTE</channel>
    <channel update="i" site="klack.de" site_id="1/3sat" xmltv_id="3sat">3sat</channel>
    <channel update="i" site="klack.de" site_id="113/super-rtl" xmltv_id="Super RTL">Super RTL</channel>
    <channel update="i" site="klack.de" site_id="127/wdr" xmltv_id="WDR">WDR</channel>
    <channel update="i" site="klack.de" site_id="67/ndr" xmltv_id="NDR">NDR</channel>
    <channel update="i" site="klack.de" site_id="12/bayern" xmltv_id="Bayern">Bayern</channel>
    <channel update="i" site="klack.de" site_id="90/swr-bw" xmltv_id="SWR BW">SWR BW</channel>
    <channel update="i" site="klack.de" site_id="49/hr" xmltv_id="HR">HR</channel>
    <channel update="i" site="klack.de" site_id="55/mdr" xmltv_id="MDR">MDR</channel>
    <channel update="i" site="klack.de" site_id="83/rbb" xmltv_id="RBB">RBB</channel>
    <channel update="i" site="klack.de" site_id="172/swr-rp" xmltv_id="SWR RP">SWR RP</channel>
    <channel update="i" site="klack.de" site_id="154/nrw-tv" xmltv_id="NRW.TV">NRW.TV</channel>
    <channel update="i" site="klack.de" site_id="2/ard-alpha" xmltv_id="ARD ALPHA">ARD ALPHA</channel>
    <channel update="i" site="klack.de" site_id="111/spreekanal" xmltv_id="Spreekanal">Spreekanal</channel>
    <channel update="i" site="klack.de" site_id="58/muenchen-tv" xmltv_id="München TV">München TV</channel>
    <channel update="i" site="klack.de" site_id="117/tide-tv" xmltv_id="Tide TV">Tide TV</channel>
    <channel update="i" site="klack.de" site_id="123/tv-berlin" xmltv_id="TV Berlin">TV Berlin</channel>
    <channel update="i" site="klack.de" site_id="39/franken-tv" xmltv_id="Franken TV">Franken TV</channel>
    <channel update="i" site="klack.de" site_id="148/hamburg1" xmltv_id="Hamburg1">Hamburg1</channel>
    <channel update="i" site="klack.de" site_id="131/zdf-neo" xmltv_id="ZDF neo">ZDF neo</channel>
    <channel update="i" site="klack.de" site_id="133/sixx" xmltv_id="sixx">sixx</channel>
    <channel update="i" site="klack.de" site_id="153/pro7-maxx" xmltv_id="Pro7 MAXX">Pro7 MAXX</channel>
    <channel update="i" site="klack.de" site_id="142/rtl-nitro" xmltv_id="RTL NITRO">RTL NITRO</channel>
    <channel update="i" site="klack.de" site_id="151/sat-1-gold" xmltv_id="SAT.1 Gold">SAT.1 Gold</channel>
    <channel update="i" site="klack.de" site_id="135/servus-tv" xmltv_id="Servus TV">Servus TV</channel>
    <channel update="i" site="klack.de" site_id="4/anixe-hd" xmltv_id="Anixe HD">Anixe HD</channel>
    <channel update="i" site="klack.de" site_id="64/nick" xmltv_id="NICK">NICK</channel>
    <channel update="i" site="klack.de" site_id="54/kika" xmltv_id="KiKa">KiKa</channel>
    <channel update="i" site="klack.de" site_id="23/comedy-central" xmltv_id="Comedy Central">Comedy Central</channel>
    <channel update="i" site="klack.de" site_id="25/disney" xmltv_id="Disney">Disney</channel>
    <channel update="i" site="klack.de" site_id="30/dmax" xmltv_id="DMAX">DMAX</channel>
    <channel update="i" site="klack.de" site_id="155/tlc" xmltv_id="TLC">TLC</channel>
    <channel update="i" site="klack.de" site_id="59/eins-plus" xmltv_id="Eins Plus">Eins Plus</channel>
    <channel update="i" site="klack.de" site_id="38/einsfestival" xmltv_id="EinsFestival">EinsFestival</channel>
    <channel update="i" site="klack.de" site_id="132/zdfkultur" xmltv_id="ZDFkultur">ZDFkultur</channel>
    <channel update="i" site="klack.de" site_id="77/phoenix" xmltv_id="Phoenix">Phoenix</channel>
    <channel update="i" site="klack.de" site_id="60/n24" xmltv_id="N24">N24</channel>
    <channel update="i" site="klack.de" site_id="68/n-tv" xmltv_id="N-TV">N-TV</channel>
    <channel update="i" site="klack.de" site_id="37/tagesschau24" xmltv_id="Tagesschau24">Tagesschau24</channel>
    <channel update="i" site="klack.de" site_id="130/zdf-info" xmltv_id="ZDF info">ZDF info</channel>
    <channel update="i" site="klack.de" site_id="34/dw-europe" xmltv_id="DW (Europe)">DW (Europe)</channel>
    <channel update="i" site="klack.de" site_id="14/bbc-world" xmltv_id="BBC World">BBC World</channel>
    <channel update="i" site="klack.de" site_id="35/euronews" xmltv_id="Euronews">Euronews</channel>
    <channel update="i" site="klack.de" site_id="22/cnn" xmltv_id="CNN">CNN</channel>
    <channel update="i" site="klack.de" site_id="16/bibel-tv" xmltv_id="Bibel TV">Bibel TV</channel>
    <channel update="i" site="klack.de" site_id="48/hse24" xmltv_id="HSE24">HSE24</channel>
    <channel update="i" site="klack.de" site_id="81/qvc" xmltv_id="QVC">QVC</channel>
    <channel update="i" site="klack.de" site_id="109/sonnenklar-tv" xmltv_id="Sonnenklar TV">Sonnenklar TV</channel>
    <channel update="i" site="klack.de" site_id="71/orf-1" xmltv_id="ORF 1">ORF 1</channel>
    <channel update="i" site="klack.de" site_id="72/orf-2" xmltv_id="ORF 2">ORF 2</channel>
    <channel update="i" site="klack.de" site_id="137/orf-3" xmltv_id="ORF 3">ORF 3</channel>
    <channel update="i" site="klack.de" site_id="7/atv" xmltv_id="ATV">ATV</channel>
    <channel update="i" site="klack.de" site_id="138/atv-2" xmltv_id="ATV 2">ATV 2</channel>
    <channel update="i" site="klack.de" site_id="80/puls-4" xmltv_id="Puls 4">Puls 4</channel>
    <channel update="i" site="klack.de" site_id="32/schweiz-1" xmltv_id="Schweiz 1">Schweiz 1</channel>
    <channel update="i" site="klack.de" site_id="144/schweiz-2" xmltv_id="Schweiz 2">Schweiz 2</channel>
    <channel update="i" site="klack.de" site_id="145/france-2" xmltv_id="France 2">France 2</channel>
    <channel update="i" site="klack.de" site_id="42/france-3" xmltv_id="France 3">France 3</channel>
    <channel update="i" site="klack.de" site_id="15/bbc-entertainment" xmltv_id="BBC Entertainment">BBC Entertainment</channel>
    <channel update="i" site="klack.de" site_id="96/sky-cinema" xmltv_id="Sky Cinema">Sky Cinema</channel>
    <channel update="i" site="klack.de" site_id="97/sky-cinema-1" xmltv_id="Sky Cinema +1">Sky Cinema +1</channel>
    <channel update="i" site="klack.de" site_id="98/sky-cinema-24" xmltv_id="Sky Cinema +24">Sky Cinema +24</channel>
    <channel update="i" site="klack.de" site_id="99/sky-cinema-hits" xmltv_id="Sky Cinema Hits">Sky Cinema Hits</channel>
    <channel update="i" site="klack.de" site_id="94/sky-action" xmltv_id="Sky Action">Sky Action</channel>
    <channel update="i" site="klack.de" site_id="100/sky-comedy" xmltv_id="Sky Comedy">Sky Comedy</channel>
    <channel update="i" site="klack.de" site_id="101/sky-emotion" xmltv_id="Sky Emotion">Sky Emotion</channel>
    <channel update="i" site="klack.de" site_id="103/sky-nostalgie" xmltv_id="Sky Nostalgie">Sky Nostalgie</channel>
    <channel update="i" site="klack.de" site_id="102/sky-krimi" xmltv_id="Sky Krimi">Sky Krimi</channel>
    <channel update="i" site="klack.de" site_id="95/sky-fussball-bundesliga" xmltv_id="Sky Fußball Bundesliga">Sky Fußball Bundesliga</channel>
    <channel update="i" site="klack.de" site_id="104/sky-sport-1" xmltv_id="Sky Sport 1">Sky Sport 1</channel>
    <channel update="i" site="klack.de" site_id="105/sky-sport-2" xmltv_id="Sky Sport 2">Sky Sport 2</channel>
    <channel update="i" site="klack.de" site_id="106/sky-sport-austria" xmltv_id="Sky Sport Austria">Sky Sport Austria</channel>
    <channel update="i" site="klack.de" site_id="136/tnt-film" xmltv_id="TNT Film">TNT Film</channel>
    <channel update="i" site="klack.de" site_id="173/tnt-glitz" xmltv_id="TNT Glitz">TNT Glitz</channel>
    <channel update="i" site="klack.de" site_id="52/kabel-eins-classics" xmltv_id="Kabel eins Classics">Kabel eins Classics</channel>
    <channel update="i" site="klack.de" site_id="163/sky-3d" xmltv_id="Sky 3D">Sky 3D</channel>
    <channel update="i" site="klack.de" site_id="56/mgm" xmltv_id="MGM">MGM</channel>
    <channel update="i" site="klack.de" site_id="41/fox" xmltv_id="FOX">FOX</channel>
    <channel update="i" site="klack.de" site_id="120/tnt-serie" xmltv_id="TNT Serie">TNT Serie</channel>
    <channel update="i" site="klack.de" site_id="88/rtl-crime" xmltv_id="RTL Crime">RTL Crime</channel>
    <channel update="i" site="klack.de" site_id="162/sky-atlantic-hd" xmltv_id="Sky Atlantic HD">Sky Atlantic HD</channel>
    <channel update="i" site="klack.de" site_id="53/kinowelt" xmltv_id="Kinowelt">Kinowelt</channel>
    <channel update="i" site="klack.de" site_id="9/axn" xmltv_id="AXN">AXN</channel>
    <channel update="i" site="klack.de" site_id="170/a-e" xmltv_id="A&amp;E">A&amp;E</channel>
    <channel update="i" site="klack.de" site_id="112/13th-street" xmltv_id="13th Street">13th Street</channel>
    <channel update="i" site="klack.de" site_id="75/syfy" xmltv_id="Syfy">Syfy</channel>
    <channel update="i" site="klack.de" site_id="164/universal-channel" xmltv_id="Universal Channel">Universal Channel</channel>
    <channel update="i" site="klack.de" site_id="73/animal-planet" xmltv_id="Animal Planet">Animal Planet</channel>
    <channel update="i" site="klack.de" site_id="62/national-geographic" xmltv_id="National Geographic">National Geographic</channel>
    <channel update="i" site="klack.de" site_id="149/nat-geo-wild" xmltv_id="NAT GEO Wild">NAT GEO Wild</channel>
    <channel update="i" site="klack.de" site_id="27/discovery-channel" xmltv_id="Discovery Channel">Discovery Channel</channel>
    <channel update="i" site="klack.de" site_id="128/spiegel-tv-wissen" xmltv_id="Spiegel TV Wissen">Spiegel TV Wissen</channel>
    <channel update="i" site="klack.de" site_id="152/spiegel-tv-geschichte" xmltv_id="Spiegel TV Geschichte">Spiegel TV Geschichte</channel>
    <channel update="i" site="klack.de" site_id="47/history" xmltv_id="history">history</channel>
    <channel update="i" site="klack.de" site_id="174/planet" xmltv_id="Planet">Planet</channel>
    <channel update="i" site="klack.de" site_id="26/disney-cinemagic" xmltv_id="Disney Cinemagic">Disney Cinemagic</channel>
    <channel update="i" site="klack.de" site_id="28/disney-xd" xmltv_id="Disney XD">Disney XD</channel>
    <channel update="i" site="klack.de" site_id="178/disney-junior" xmltv_id="Disney Junior">Disney Junior</channel>
    <channel update="i" site="klack.de" site_id="50/junior" xmltv_id="Junior">Junior</channel>
    <channel update="i" site="klack.de" site_id="171/animax" xmltv_id="Animax">Animax</channel>
    <channel update="i" site="klack.de" site_id="175/boomerang" xmltv_id="Boomerang">Boomerang</channel>
    <channel update="i" site="klack.de" site_id="150/sat-1-emotions" xmltv_id="SAT.1 emotions">SAT.1 emotions</channel>
    <channel update="i" site="klack.de" site_id="134/rtl-passion" xmltv_id="RTL Passion">RTL Passion</channel>
    <channel update="i" site="klack.de" site_id="45/heimatkanal" xmltv_id="Heimatkanal">Heimatkanal</channel>
    <channel update="i" site="klack.de" site_id="93/silverline" xmltv_id="Silverline">Silverline</channel>
    <channel update="i" site="klack.de" site_id="57/mtv" xmltv_id="MTV">MTV</channel>
    <channel update="i" site="klack.de" site_id="21/classica" xmltv_id="Classica">Classica</channel>
    <channel update="i" site="klack.de" site_id="160/sport1-us-hd" xmltv_id="Sport1+ US HD">Sport1+ US HD</channel>
    <channel update="i" site="klack.de" site_id="157/pro7-fun" xmltv_id="Pro7 FUN">Pro7 FUN</channel>
    <channel update="i" site="klack.de" site_id="158/romance-tv" xmltv_id="Romance TV">Romance TV</channel>
    <channel update="i" site="klack.de" site_id="159/rtl-living" xmltv_id="RTL Living">RTL Living</channel>
    <channel update="i" site="klack.de" site_id="156/cartoon-network" xmltv_id="Cartoon Network">Cartoon Network</channel>
    <channel update="i" site="klack.de" site_id="44/goldstar-tv" xmltv_id="Goldstar TV">Goldstar TV</channel>
    <channel update="i" site="klack.de" site_id="176/e" xmltv_id="E!">E!</channel>
    <channel update="i" site="klack.de" site_id="74/playboy-tv" xmltv_id="Playboy TV">Playboy TV</channel>
    <channel update="i" site="klack.de" site_id="18/beate-uhse-tv" xmltv_id="Beate Uhse TV">Beate Uhse TV</channel>
    <channel update="i" site="klack.de" site_id="36/eurosport" xmltv_id="Eurosport">Eurosport</channel>
    <channel update="i" site="klack.de" site_id="33/sport-1" xmltv_id="Sport 1">Sport 1</channel>
    <channel update="i" site="klack.de" site_id="177/sport1" xmltv_id="Sport1+">Sport1+</channel>
    <channel update="i" site="klack.de" site_id="143/eurosport-2" xmltv_id="Eurosport 2">Eurosport 2</channel>
    <channel update="i" site="klack.de" site_id="139/orf-sport" xmltv_id="ORF Sport +">ORF Sport +</channel>
    <channel update="i" site="klack.de" site_id="125/viva" xmltv_id="VIVA">VIVA</channel>
    <channel update="i" site="klack.de" site_id="5/ard" xmltv_id="ARD">ARD</channel>
    <channel update="i" site="klack.de" site_id="129/zdf" xmltv_id="ZDF">ZDF</channel>
    <channel update="i" site="klack.de" site_id="86/rtl" xmltv_id="RTL">RTL</channel>
    <channel update="i" site="klack.de" site_id="92/sat-1" xmltv_id="SAT.1">SAT.1</channel>
    <channel update="i" site="klack.de" site_id="79/pro7" xmltv_id="Pro7">Pro7</channel>
    <channel update="i" site="klack.de" site_id="87/rtl-2" xmltv_id="RTL 2">RTL 2</channel>
    <channel update="i" site="klack.de" site_id="126/vox" xmltv_id="VOX">VOX</channel>
    <channel update="i" site="klack.de" site_id="51/kabel-eins" xmltv_id="Kabel eins">Kabel eins</channel>
    <channel update="i" site="klack.de" site_id="118/tele-5" xmltv_id="TELE 5">TELE 5</channel>
    <channel update="i" site="klack.de" site_id="6/arte" xmltv_id="ARTE">ARTE</channel>
    <channel update="i" site="klack.de" site_id="1/3sat" xmltv_id="3sat">3sat</channel>
    <channel update="i" site="klack.de" site_id="113/super-rtl" xmltv_id="Super RTL">Super RTL</channel>
    <channel update="i" site="klack.de" site_id="127/wdr" xmltv_id="WDR">WDR</channel>
    <channel update="i" site="klack.de" site_id="67/ndr" xmltv_id="NDR">NDR</channel>
    <channel update="i" site="klack.de" site_id="12/bayern" xmltv_id="Bayern">Bayern</channel>
    <channel update="i" site="klack.de" site_id="90/swr-bw" xmltv_id="SWR BW">SWR BW</channel>
    <channel update="i" site="klack.de" site_id="49/hr" xmltv_id="HR">HR</channel>
    <channel update="i" site="klack.de" site_id="55/mdr" xmltv_id="MDR">MDR</channel>
    <channel update="i" site="klack.de" site_id="83/rbb" xmltv_id="RBB">RBB</channel>
    <channel update="i" site="klack.de" site_id="172/swr-rp" xmltv_id="SWR RP">SWR RP</channel>
    <channel update="i" site="klack.de" site_id="154/nrw-tv" xmltv_id="NRW.TV">NRW.TV</channel>
    <channel update="i" site="klack.de" site_id="2/ard-alpha" xmltv_id="ARD ALPHA">ARD ALPHA</channel>
    <channel update="i" site="klack.de" site_id="111/spreekanal" xmltv_id="Spreekanal">Spreekanal</channel>
    <channel update="i" site="klack.de" site_id="58/muenchen-tv" xmltv_id="München TV">München TV</channel>
    <channel update="i" site="klack.de" site_id="117/tide-tv" xmltv_id="Tide TV">Tide TV</channel>
    <channel update="i" site="klack.de" site_id="123/tv-berlin" xmltv_id="TV Berlin">TV Berlin</channel>
    <channel update="i" site="klack.de" site_id="39/franken-tv" xmltv_id="Franken TV">Franken TV</channel>
    <channel update="i" site="klack.de" site_id="148/hamburg1" xmltv_id="Hamburg1">Hamburg1</channel>
    <channel update="i" site="klack.de" site_id="131/zdf-neo" xmltv_id="ZDF neo">ZDF neo</channel>
    <channel update="i" site="klack.de" site_id="133/sixx" xmltv_id="sixx">sixx</channel>
    <channel update="i" site="klack.de" site_id="153/pro7-maxx" xmltv_id="Pro7 MAXX">Pro7 MAXX</channel>
    <channel update="i" site="klack.de" site_id="142/rtl-nitro" xmltv_id="RTL NITRO">RTL NITRO</channel>
    <channel update="i" site="klack.de" site_id="151/sat-1-gold" xmltv_id="SAT.1 Gold">SAT.1 Gold</channel>
    <channel update="i" site="klack.de" site_id="135/servus-tv" xmltv_id="Servus TV">Servus TV</channel>
    <channel update="i" site="klack.de" site_id="4/anixe-hd" xmltv_id="Anixe HD">Anixe HD</channel>
    <channel update="i" site="klack.de" site_id="64/nick" xmltv_id="NICK">NICK</channel>
    <channel update="i" site="klack.de" site_id="54/kika" xmltv_id="KiKa">KiKa</channel>
    <channel update="i" site="klack.de" site_id="23/comedy-central" xmltv_id="Comedy Central">Comedy Central</channel>
    <channel update="i" site="klack.de" site_id="25/disney" xmltv_id="Disney">Disney</channel>
    <channel update="i" site="klack.de" site_id="30/dmax" xmltv_id="DMAX">DMAX</channel>
    <channel update="i" site="klack.de" site_id="155/tlc" xmltv_id="TLC">TLC</channel>
    <channel update="i" site="klack.de" site_id="59/eins-plus" xmltv_id="Eins Plus">Eins Plus</channel>
    <channel update="i" site="klack.de" site_id="38/einsfestival" xmltv_id="EinsFestival">EinsFestival</channel>
    <channel update="i" site="klack.de" site_id="132/zdfkultur" xmltv_id="ZDFkultur">ZDFkultur</channel>
    <channel update="i" site="klack.de" site_id="77/phoenix" xmltv_id="Phoenix">Phoenix</channel>
    <channel update="i" site="klack.de" site_id="60/n24" xmltv_id="N24">N24</channel>
    <channel update="i" site="klack.de" site_id="68/n-tv" xmltv_id="N-TV">N-TV</channel>
    <channel update="i" site="klack.de" site_id="37/tagesschau24" xmltv_id="Tagesschau24">Tagesschau24</channel>
    <channel update="i" site="klack.de" site_id="130/zdf-info" xmltv_id="ZDF info">ZDF info</channel>
    <channel update="i" site="klack.de" site_id="34/dw-europe" xmltv_id="DW (Europe)">DW (Europe)</channel>
    <channel update="i" site="klack.de" site_id="14/bbc-world" xmltv_id="BBC World">BBC World</channel>
    <channel update="i" site="klack.de" site_id="35/euronews" xmltv_id="Euronews">Euronews</channel>
    <channel update="i" site="klack.de" site_id="22/cnn" xmltv_id="CNN">CNN</channel>
    <channel update="i" site="klack.de" site_id="16/bibel-tv" xmltv_id="Bibel TV">Bibel TV</channel>
    <channel update="i" site="klack.de" site_id="48/hse24" xmltv_id="HSE24">HSE24</channel>
    <channel update="i" site="klack.de" site_id="81/qvc" xmltv_id="QVC">QVC</channel>
    <channel update="i" site="klack.de" site_id="109/sonnenklar-tv" xmltv_id="Sonnenklar TV">Sonnenklar TV</channel>
    <channel update="i" site="klack.de" site_id="71/orf-1" xmltv_id="ORF 1">ORF 1</channel>
    <channel update="i" site="klack.de" site_id="72/orf-2" xmltv_id="ORF 2">ORF 2</channel>
    <channel update="i" site="klack.de" site_id="137/orf-3" xmltv_id="ORF 3">ORF 3</channel>
    <channel update="i" site="klack.de" site_id="7/atv" xmltv_id="ATV">ATV</channel>
    <channel update="i" site="klack.de" site_id="138/atv-2" xmltv_id="ATV 2">ATV 2</channel>
    <channel update="i" site="klack.de" site_id="80/puls-4" xmltv_id="Puls 4">Puls 4</channel>
    <channel update="i" site="klack.de" site_id="32/schweiz-1" xmltv_id="Schweiz 1">Schweiz 1</channel>
    <channel update="i" site="klack.de" site_id="144/schweiz-2" xmltv_id="Schweiz 2">Schweiz 2</channel>
    <channel update="i" site="klack.de" site_id="145/france-2" xmltv_id="France 2">France 2</channel>
    <channel update="i" site="klack.de" site_id="42/france-3" xmltv_id="France 3">France 3</channel>
    <channel update="i" site="klack.de" site_id="15/bbc-entertainment" xmltv_id="BBC Entertainment">BBC Entertainment</channel>
    <channel update="i" site="klack.de" site_id="96/sky-cinema" xmltv_id="Sky Cinema">Sky Cinema</channel>
    <channel update="i" site="klack.de" site_id="97/sky-cinema-1" xmltv_id="Sky Cinema +1">Sky Cinema +1</channel>
    <channel update="i" site="klack.de" site_id="98/sky-cinema-24" xmltv_id="Sky Cinema +24">Sky Cinema +24</channel>
    <channel update="i" site="klack.de" site_id="99/sky-cinema-hits" xmltv_id="Sky Cinema Hits">Sky Cinema Hits</channel>
    <channel update="i" site="klack.de" site_id="94/sky-action" xmltv_id="Sky Action">Sky Action</channel>
    <channel update="i" site="klack.de" site_id="100/sky-comedy" xmltv_id="Sky Comedy">Sky Comedy</channel>
    <channel update="i" site="klack.de" site_id="101/sky-emotion" xmltv_id="Sky Emotion">Sky Emotion</channel>
    <channel update="i" site="klack.de" site_id="103/sky-nostalgie" xmltv_id="Sky Nostalgie">Sky Nostalgie</channel>
    <channel update="i" site="klack.de" site_id="102/sky-krimi" xmltv_id="Sky Krimi">Sky Krimi</channel>
    <channel update="i" site="klack.de" site_id="95/sky-fussball-bundesliga" xmltv_id="Sky Fußball Bundesliga">Sky Fußball Bundesliga</channel>
    <channel update="i" site="klack.de" site_id="104/sky-sport-1" xmltv_id="Sky Sport 1">Sky Sport 1</channel>
    <channel update="i" site="klack.de" site_id="105/sky-sport-2" xmltv_id="Sky Sport 2">Sky Sport 2</channel>
    <channel update="i" site="klack.de" site_id="106/sky-sport-austria" xmltv_id="Sky Sport Austria">Sky Sport Austria</channel>
    <channel update="i" site="klack.de" site_id="136/tnt-film" xmltv_id="TNT Film">TNT Film</channel>
    <channel update="i" site="klack.de" site_id="173/tnt-glitz" xmltv_id="TNT Glitz">TNT Glitz</channel>
    <channel update="i" site="klack.de" site_id="52/kabel-eins-classics" xmltv_id="Kabel eins Classics">Kabel eins Classics</channel>
    <channel update="i" site="klack.de" site_id="163/sky-3d" xmltv_id="Sky 3D">Sky 3D</channel>
    <channel update="i" site="klack.de" site_id="56/mgm" xmltv_id="MGM">MGM</channel>
    <channel update="i" site="klack.de" site_id="41/fox" xmltv_id="FOX">FOX</channel>
    <channel update="i" site="klack.de" site_id="120/tnt-serie" xmltv_id="TNT Serie">TNT Serie</channel>
    <channel update="i" site="klack.de" site_id="88/rtl-crime" xmltv_id="RTL Crime">RTL Crime</channel>
    <channel update="i" site="klack.de" site_id="162/sky-atlantic-hd" xmltv_id="Sky Atlantic HD">Sky Atlantic HD</channel>
    <channel update="i" site="klack.de" site_id="53/kinowelt" xmltv_id="Kinowelt">Kinowelt</channel>
    <channel update="i" site="klack.de" site_id="9/axn" xmltv_id="AXN">AXN</channel>
    <channel update="i" site="klack.de" site_id="170/a-e" xmltv_id="A&amp;E">A&amp;E</channel>
    <channel update="i" site="klack.de" site_id="112/13th-street" xmltv_id="13th Street">13th Street</channel>
    <channel update="i" site="klack.de" site_id="75/syfy" xmltv_id="Syfy">Syfy</channel>
    <channel update="i" site="klack.de" site_id="164/universal-channel" xmltv_id="Universal Channel">Universal Channel</channel>
    <channel update="i" site="klack.de" site_id="73/animal-planet" xmltv_id="Animal Planet">Animal Planet</channel>
    <channel update="i" site="klack.de" site_id="62/national-geographic" xmltv_id="National Geographic">National Geographic</channel>
    <channel update="i" site="klack.de" site_id="149/nat-geo-wild" xmltv_id="NAT GEO Wild">NAT GEO Wild</channel>
    <channel update="i" site="klack.de" site_id="27/discovery-channel" xmltv_id="Discovery Channel">Discovery Channel</channel>
    <channel update="i" site="klack.de" site_id="128/spiegel-tv-wissen" xmltv_id="Spiegel TV Wissen">Spiegel TV Wissen</channel>
    <channel update="i" site="klack.de" site_id="152/spiegel-tv-geschichte" xmltv_id="Spiegel TV Geschichte">Spiegel TV Geschichte</channel>
    <channel update="i" site="klack.de" site_id="47/history" xmltv_id="history">history</channel>
    <channel update="i" site="klack.de" site_id="174/planet" xmltv_id="Planet">Planet</channel>
    <channel update="i" site="klack.de" site_id="26/disney-cinemagic" xmltv_id="Disney Cinemagic">Disney Cinemagic</channel>
    <channel update="i" site="klack.de" site_id="28/disney-xd" xmltv_id="Disney XD">Disney XD</channel>
    <channel update="i" site="klack.de" site_id="178/disney-junior" xmltv_id="Disney Junior">Disney Junior</channel>
    <channel update="i" site="klack.de" site_id="50/junior" xmltv_id="Junior">Junior</channel>
    <channel update="i" site="klack.de" site_id="171/animax" xmltv_id="Animax">Animax</channel>
    <channel update="i" site="klack.de" site_id="175/boomerang" xmltv_id="Boomerang">Boomerang</channel>
    <channel update="i" site="klack.de" site_id="150/sat-1-emotions" xmltv_id="SAT.1 emotions">SAT.1 emotions</channel>
    <channel update="i" site="klack.de" site_id="134/rtl-passion" xmltv_id="RTL Passion">RTL Passion</channel>
    <channel update="i" site="klack.de" site_id="45/heimatkanal" xmltv_id="Heimatkanal">Heimatkanal</channel>
    <channel update="i" site="klack.de" site_id="93/silverline" xmltv_id="Silverline">Silverline</channel>
    <channel update="i" site="klack.de" site_id="57/mtv" xmltv_id="MTV">MTV</channel>
    <channel update="i" site="klack.de" site_id="21/classica" xmltv_id="Classica">Classica</channel>
    <channel update="i" site="klack.de" site_id="160/sport1-us-hd" xmltv_id="Sport1+ US HD">Sport1+ US HD</channel>
    <channel update="i" site="klack.de" site_id="157/pro7-fun" xmltv_id="Pro7 FUN">Pro7 FUN</channel>
    <channel update="i" site="klack.de" site_id="158/romance-tv" xmltv_id="Romance TV">Romance TV</channel>
    <channel update="i" site="klack.de" site_id="159/rtl-living" xmltv_id="RTL Living">RTL Living</channel>
    <channel update="i" site="klack.de" site_id="156/cartoon-network" xmltv_id="Cartoon Network">Cartoon Network</channel>
    <channel update="i" site="klack.de" site_id="44/goldstar-tv" xmltv_id="Goldstar TV">Goldstar TV</channel>
    <channel update="i" site="klack.de" site_id="176/e" xmltv_id="E!">E!</channel>
    <channel update="i" site="klack.de" site_id="74/playboy-tv" xmltv_id="Playboy TV">Playboy TV</channel>
    <channel update="i" site="klack.de" site_id="18/beate-uhse-tv" xmltv_id="Beate Uhse TV">Beate Uhse TV</channel>
    <channel update="i" site="klack.de" site_id="36/eurosport" xmltv_id="Eurosport">Eurosport</channel>
    <channel update="i" site="klack.de" site_id="33/sport-1" xmltv_id="Sport 1">Sport 1</channel>
    <channel update="i" site="klack.de" site_id="177/sport1" xmltv_id="Sport1+">Sport1+</channel>
    <channel update="i" site="klack.de" site_id="143/eurosport-2" xmltv_id="Eurosport 2">Eurosport 2</channel>
    <channel update="i" site="klack.de" site_id="139/orf-sport" xmltv_id="ORF Sport +">ORF Sport +</channel>
    <channel update="i" site="klack.de" site_id="125/viva" xmltv_id="VIVA">VIVA</channel>
    <channel update="i" site="klack.de" site_id="5/ard" xmltv_id="ARD">ARD</channel>
    <channel update="i" site="klack.de" site_id="129/zdf" xmltv_id="ZDF">ZDF</channel>
    <channel update="i" site="klack.de" site_id="86/rtl" xmltv_id="RTL">RTL</channel>
    <channel update="i" site="klack.de" site_id="92/sat-1" xmltv_id="SAT.1">SAT.1</channel>
    <channel update="i" site="klack.de" site_id="79/pro7" xmltv_id="Pro7">Pro7</channel>
    <channel update="i" site="klack.de" site_id="87/rtl-2" xmltv_id="RTL 2">RTL 2</channel>
    <channel update="i" site="klack.de" site_id="126/vox" xmltv_id="VOX">VOX</channel>
    <channel update="i" site="klack.de" site_id="51/kabel-eins" xmltv_id="Kabel eins">Kabel eins</channel>
    <channel update="i" site="klack.de" site_id="118/tele-5" xmltv_id="TELE 5">TELE 5</channel>
    <channel update="i" site="klack.de" site_id="6/arte" xmltv_id="ARTE">ARTE</channel>
    <channel update="i" site="klack.de" site_id="1/3sat" xmltv_id="3sat">3sat</channel>
    <channel update="i" site="klack.de" site_id="113/super-rtl" xmltv_id="Super RTL">Super RTL</channel>
    <channel update="i" site="klack.de" site_id="127/wdr" xmltv_id="WDR">WDR</channel>
    <channel update="i" site="klack.de" site_id="67/ndr" xmltv_id="NDR">NDR</channel>
    <channel update="i" site="klack.de" site_id="12/bayern" xmltv_id="Bayern">Bayern</channel>
    <channel update="i" site="klack.de" site_id="90/swr-bw" xmltv_id="SWR BW">SWR BW</channel>
    <channel update="i" site="klack.de" site_id="49/hr" xmltv_id="HR">HR</channel>
    <channel update="i" site="klack.de" site_id="55/mdr" xmltv_id="MDR">MDR</channel>
    <channel update="i" site="klack.de" site_id="83/rbb" xmltv_id="RBB">RBB</channel>
    <channel update="i" site="klack.de" site_id="172/swr-rp" xmltv_id="SWR RP">SWR RP</channel>
    <channel update="i" site="klack.de" site_id="154/nrw-tv" xmltv_id="NRW.TV">NRW.TV</channel>
    <channel update="i" site="klack.de" site_id="2/ard-alpha" xmltv_id="ARD ALPHA">ARD ALPHA</channel>
    <channel update="i" site="klack.de" site_id="111/spreekanal" xmltv_id="Spreekanal">Spreekanal</channel>
    <channel update="i" site="klack.de" site_id="58/muenchen-tv" xmltv_id="München TV">München TV</channel>
    <channel update="i" site="klack.de" site_id="117/tide-tv" xmltv_id="Tide TV">Tide TV</channel>
    <channel update="i" site="klack.de" site_id="123/tv-berlin" xmltv_id="TV Berlin">TV Berlin</channel>
    <channel update="i" site="klack.de" site_id="39/franken-tv" xmltv_id="Franken TV">Franken TV</channel>
    <channel update="i" site="klack.de" site_id="148/hamburg1" xmltv_id="Hamburg1">Hamburg1</channel>
    <channel update="i" site="klack.de" site_id="131/zdf-neo" xmltv_id="ZDF neo">ZDF neo</channel>
    <channel update="i" site="klack.de" site_id="133/sixx" xmltv_id="sixx">sixx</channel>
    <channel update="i" site="klack.de" site_id="153/pro7-maxx" xmltv_id="Pro7 MAXX">Pro7 MAXX</channel>
    <channel update="i" site="klack.de" site_id="142/rtl-nitro" xmltv_id="RTL NITRO">RTL NITRO</channel>
    <channel update="i" site="klack.de" site_id="151/sat-1-gold" xmltv_id="SAT.1 Gold">SAT.1 Gold</channel>
    <channel update="i" site="klack.de" site_id="135/servus-tv" xmltv_id="Servus TV">Servus TV</channel>
    <channel update="i" site="klack.de" site_id="4/anixe-hd" xmltv_id="Anixe HD">Anixe HD</channel>
    <channel update="i" site="klack.de" site_id="64/nick" xmltv_id="NICK">NICK</channel>
    <channel update="i" site="klack.de" site_id="54/kika" xmltv_id="KiKa">KiKa</channel>
    <channel update="i" site="klack.de" site_id="23/comedy-central" xmltv_id="Comedy Central">Comedy Central</channel>
    <channel update="i" site="klack.de" site_id="25/disney" xmltv_id="Disney">Disney</channel>
    <channel update="i" site="klack.de" site_id="30/dmax" xmltv_id="DMAX">DMAX</channel>
    <channel update="i" site="klack.de" site_id="155/tlc" xmltv_id="TLC">TLC</channel>
    <channel update="i" site="klack.de" site_id="59/eins-plus" xmltv_id="Eins Plus">Eins Plus</channel>
    <channel update="i" site="klack.de" site_id="38/einsfestival" xmltv_id="EinsFestival">EinsFestival</channel>
    <channel update="i" site="klack.de" site_id="132/zdfkultur" xmltv_id="ZDFkultur">ZDFkultur</channel>
    <channel update="i" site="klack.de" site_id="77/phoenix" xmltv_id="Phoenix">Phoenix</channel>
    <channel update="i" site="klack.de" site_id="60/n24" xmltv_id="N24">N24</channel>
    <channel update="i" site="klack.de" site_id="68/n-tv" xmltv_id="N-TV">N-TV</channel>
    <channel update="i" site="klack.de" site_id="37/tagesschau24" xmltv_id="Tagesschau24">Tagesschau24</channel>
    <channel update="i" site="klack.de" site_id="130/zdf-info" xmltv_id="ZDF info">ZDF info</channel>
    <channel update="i" site="klack.de" site_id="34/dw-europe" xmltv_id="DW (Europe)">DW (Europe)</channel>
    <channel update="i" site="klack.de" site_id="14/bbc-world" xmltv_id="BBC World">BBC World</channel>
    <channel update="i" site="klack.de" site_id="35/euronews" xmltv_id="Euronews">Euronews</channel>
    <channel update="i" site="klack.de" site_id="22/cnn" xmltv_id="CNN">CNN</channel>
    <channel update="i" site="klack.de" site_id="16/bibel-tv" xmltv_id="Bibel TV">Bibel TV</channel>
    <channel update="i" site="klack.de" site_id="48/hse24" xmltv_id="HSE24">HSE24</channel>
    <channel update="i" site="klack.de" site_id="81/qvc" xmltv_id="QVC">QVC</channel>
    <channel update="i" site="klack.de" site_id="109/sonnenklar-tv" xmltv_id="Sonnenklar TV">Sonnenklar TV</channel>
    <channel update="i" site="klack.de" site_id="71/orf-1" xmltv_id="ORF 1">ORF 1</channel>
    <channel update="i" site="klack.de" site_id="72/orf-2" xmltv_id="ORF 2">ORF 2</channel>
    <channel update="i" site="klack.de" site_id="137/orf-3" xmltv_id="ORF 3">ORF 3</channel>
    <channel update="i" site="klack.de" site_id="7/atv" xmltv_id="ATV">ATV</channel>
    <channel update="i" site="klack.de" site_id="138/atv-2" xmltv_id="ATV 2">ATV 2</channel>
    <channel update="i" site="klack.de" site_id="80/puls-4" xmltv_id="Puls 4">Puls 4</channel>
    <channel update="i" site="klack.de" site_id="32/schweiz-1" xmltv_id="Schweiz 1">Schweiz 1</channel>
    <channel update="i" site="klack.de" site_id="144/schweiz-2" xmltv_id="Schweiz 2">Schweiz 2</channel>
    <channel update="i" site="klack.de" site_id="145/france-2" xmltv_id="France 2">France 2</channel>
    <channel update="i" site="klack.de" site_id="42/france-3" xmltv_id="France 3">France 3</channel>
    <channel update="i" site="klack.de" site_id="15/bbc-entertainment" xmltv_id="BBC Entertainment">BBC Entertainment</channel>
    <channel update="i" site="klack.de" site_id="96/sky-cinema" xmltv_id="Sky Cinema">Sky Cinema</channel>
    <channel update="i" site="klack.de" site_id="97/sky-cinema-1" xmltv_id="Sky Cinema +1">Sky Cinema +1</channel>
    <channel update="i" site="klack.de" site_id="98/sky-cinema-24" xmltv_id="Sky Cinema +24">Sky Cinema +24</channel>
    <channel update="i" site="klack.de" site_id="99/sky-cinema-hits" xmltv_id="Sky Cinema Hits">Sky Cinema Hits</channel>
    <channel update="i" site="klack.de" site_id="94/sky-action" xmltv_id="Sky Action">Sky Action</channel>
    <channel update="i" site="klack.de" site_id="100/sky-comedy" xmltv_id="Sky Comedy">Sky Comedy</channel>
    <channel update="i" site="klack.de" site_id="101/sky-emotion" xmltv_id="Sky Emotion">Sky Emotion</channel>
    <channel update="i" site="klack.de" site_id="103/sky-nostalgie" xmltv_id="Sky Nostalgie">Sky Nostalgie</channel>
    <channel update="i" site="klack.de" site_id="102/sky-krimi" xmltv_id="Sky Krimi">Sky Krimi</channel>
    <channel update="i" site="klack.de" site_id="95/sky-fussball-bundesliga" xmltv_id="Sky Fußball Bundesliga">Sky Fußball Bundesliga</channel>
    <channel update="i" site="klack.de" site_id="104/sky-sport-1" xmltv_id="Sky Sport 1">Sky Sport 1</channel>
    <channel update="i" site="klack.de" site_id="105/sky-sport-2" xmltv_id="Sky Sport 2">Sky Sport 2</channel>
    <channel update="i" site="klack.de" site_id="106/sky-sport-austria" xmltv_id="Sky Sport Austria">Sky Sport Austria</channel>
    <channel update="i" site="klack.de" site_id="136/tnt-film" xmltv_id="TNT Film">TNT Film</channel>
    <channel update="i" site="klack.de" site_id="173/tnt-glitz" xmltv_id="TNT Glitz">TNT Glitz</channel>
    <channel update="i" site="klack.de" site_id="52/kabel-eins-classics" xmltv_id="Kabel eins Classics">Kabel eins Classics</channel>
    <channel update="i" site="klack.de" site_id="163/sky-3d" xmltv_id="Sky 3D">Sky 3D</channel>
    <channel update="i" site="klack.de" site_id="56/mgm" xmltv_id="MGM">MGM</channel>
    <channel update="i" site="klack.de" site_id="41/fox" xmltv_id="FOX">FOX</channel>
    <channel update="i" site="klack.de" site_id="120/tnt-serie" xmltv_id="TNT Serie">TNT Serie</channel>
    <channel update="i" site="klack.de" site_id="88/rtl-crime" xmltv_id="RTL Crime">RTL Crime</channel>
    <channel update="i" site="klack.de" site_id="162/sky-atlantic-hd" xmltv_id="Sky Atlantic HD">Sky Atlantic HD</channel>
    <channel update="i" site="klack.de" site_id="53/kinowelt" xmltv_id="Kinowelt">Kinowelt</channel>
    <channel update="i" site="klack.de" site_id="9/axn" xmltv_id="AXN">AXN</channel>
    <channel update="i" site="klack.de" site_id="170/a-e" xmltv_id="A&amp;E">A&amp;E</channel>
    <channel update="i" site="klack.de" site_id="112/13th-street" xmltv_id="13th Street">13th Street</channel>
    <channel update="i" site="klack.de" site_id="75/syfy" xmltv_id="Syfy">Syfy</channel>
    <channel update="i" site="klack.de" site_id="164/universal-channel" xmltv_id="Universal Channel">Universal Channel</channel>
    <channel update="i" site="klack.de" site_id="73/animal-planet" xmltv_id="Animal Planet">Animal Planet</channel>
    <channel update="i" site="klack.de" site_id="62/national-geographic" xmltv_id="National Geographic">National Geographic</channel>
    <channel update="i" site="klack.de" site_id="149/nat-geo-wild" xmltv_id="NAT GEO Wild">NAT GEO Wild</channel>
    <channel update="i" site="klack.de" site_id="27/discovery-channel" xmltv_id="Discovery Channel">Discovery Channel</channel>
    <channel update="i" site="klack.de" site_id="128/spiegel-tv-wissen" xmltv_id="Spiegel TV Wissen">Spiegel TV Wissen</channel>
    <channel update="i" site="klack.de" site_id="152/spiegel-tv-geschichte" xmltv_id="Spiegel TV Geschichte">Spiegel TV Geschichte</channel>
    <channel update="i" site="klack.de" site_id="47/history" xmltv_id="history">history</channel>
    <channel update="i" site="klack.de" site_id="174/planet" xmltv_id="Planet">Planet</channel>
    <channel update="i" site="klack.de" site_id="26/disney-cinemagic" xmltv_id="Disney Cinemagic">Disney Cinemagic</channel>
    <channel update="i" site="klack.de" site_id="28/disney-xd" xmltv_id="Disney XD">Disney XD</channel>
    <channel update="i" site="klack.de" site_id="178/disney-junior" xmltv_id="Disney Junior">Disney Junior</channel>
    <channel update="i" site="klack.de" site_id="50/junior" xmltv_id="Junior">Junior</channel>
    <channel update="i" site="klack.de" site_id="171/animax" xmltv_id="Animax">Animax</channel>
    <channel update="i" site="klack.de" site_id="175/boomerang" xmltv_id="Boomerang">Boomerang</channel>
    <channel update="i" site="klack.de" site_id="150/sat-1-emotions" xmltv_id="SAT.1 emotions">SAT.1 emotions</channel>
    <channel update="i" site="klack.de" site_id="134/rtl-passion" xmltv_id="RTL Passion">RTL Passion</channel>
    <channel update="i" site="klack.de" site_id="45/heimatkanal" xmltv_id="Heimatkanal">Heimatkanal</channel>
    <channel update="i" site="klack.de" site_id="93/silverline" xmltv_id="Silverline">Silverline</channel>
    <channel update="i" site="klack.de" site_id="57/mtv" xmltv_id="MTV">MTV</channel>
    <channel update="i" site="klack.de" site_id="21/classica" xmltv_id="Classica">Classica</channel>
    <channel update="i" site="klack.de" site_id="160/sport1-us-hd" xmltv_id="Sport1+ US HD">Sport1+ US HD</channel>
    <channel update="i" site="klack.de" site_id="157/pro7-fun" xmltv_id="Pro7 FUN">Pro7 FUN</channel>
    <channel update="i" site="klack.de" site_id="158/romance-tv" xmltv_id="Romance TV">Romance TV</channel>
    <channel update="i" site="klack.de" site_id="159/rtl-living" xmltv_id="RTL Living">RTL Living</channel>
    <channel update="i" site="klack.de" site_id="156/cartoon-network" xmltv_id="Cartoon Network">Cartoon Network</channel>
    <channel update="i" site="klack.de" site_id="44/goldstar-tv" xmltv_id="Goldstar TV">Goldstar TV</channel>
    <channel update="i" site="klack.de" site_id="176/e" xmltv_id="E!">E!</channel>
    <channel update="i" site="klack.de" site_id="74/playboy-tv" xmltv_id="Playboy TV">Playboy TV</channel>
    <channel update="i" site="klack.de" site_id="18/beate-uhse-tv" xmltv_id="Beate Uhse TV">Beate Uhse TV</channel>
    <channel update="i" site="klack.de" site_id="36/eurosport" xmltv_id="Eurosport">Eurosport</channel>
    <channel update="i" site="klack.de" site_id="33/sport-1" xmltv_id="Sport 1">Sport 1</channel>
    <channel update="i" site="klack.de" site_id="177/sport1" xmltv_id="Sport1+">Sport1+</channel>
    <channel update="i" site="klack.de" site_id="143/eurosport-2" xmltv_id="Eurosport 2">Eurosport 2</channel>
    <channel update="i" site="klack.de" site_id="139/orf-sport" xmltv_id="ORF Sport +">ORF Sport +</channel>
    <channel update="i" site="klack.de" site_id="125/viva" xmltv_id="VIVA">VIVA</channel>
    <channel update="i" site="klack.de" site_id="5/ard" xmltv_id="ARD">ARD</channel>
    <channel update="i" site="klack.de" site_id="129/zdf" xmltv_id="ZDF">ZDF</channel>
    <channel update="i" site="klack.de" site_id="86/rtl" xmltv_id="RTL">RTL</channel>
    <channel update="i" site="klack.de" site_id="92/sat-1" xmltv_id="SAT.1">SAT.1</channel>
    <channel update="i" site="klack.de" site_id="79/pro7" xmltv_id="Pro7">Pro7</channel>
    <channel update="i" site="klack.de" site_id="87/rtl-2" xmltv_id="RTL 2">RTL 2</channel>
    <channel update="i" site="klack.de" site_id="126/vox" xmltv_id="VOX">VOX</channel>
    <channel update="i" site="klack.de" site_id="51/kabel-eins" xmltv_id="Kabel eins">Kabel eins</channel>
    <channel update="i" site="klack.de" site_id="118/tele-5" xmltv_id="TELE 5">TELE 5</channel>
    <channel update="i" site="klack.de" site_id="6/arte" xmltv_id="ARTE">ARTE</channel>
    <channel update="i" site="klack.de" site_id="1/3sat" xmltv_id="3sat">3sat</channel>
    <channel update="i" site="klack.de" site_id="113/super-rtl" xmltv_id="Super RTL">Super RTL</channel>
    <channel update="i" site="klack.de" site_id="127/wdr" xmltv_id="WDR">WDR</channel>
    <channel update="i" site="klack.de" site_id="67/ndr" xmltv_id="NDR">NDR</channel>
    <channel update="i" site="klack.de" site_id="12/bayern" xmltv_id="Bayern">Bayern</channel>
    <channel update="i" site="klack.de" site_id="90/swr-bw" xmltv_id="SWR BW">SWR BW</channel>
    <channel update="i" site="klack.de" site_id="49/hr" xmltv_id="HR">HR</channel>
    <channel update="i" site="klack.de" site_id="55/mdr" xmltv_id="MDR">MDR</channel>
    <channel update="i" site="klack.de" site_id="83/rbb" xmltv_id="RBB">RBB</channel>
    <channel update="i" site="klack.de" site_id="172/swr-rp" xmltv_id="SWR RP">SWR RP</channel>
    <channel update="i" site="klack.de" site_id="154/nrw-tv" xmltv_id="NRW.TV">NRW.TV</channel>
    <channel update="i" site="klack.de" site_id="2/ard-alpha" xmltv_id="ARD ALPHA">ARD ALPHA</channel>
    <channel update="i" site="klack.de" site_id="111/spreekanal" xmltv_id="Spreekanal">Spreekanal</channel>
    <channel update="i" site="klack.de" site_id="58/muenchen-tv" xmltv_id="München TV">München TV</channel>
    <channel update="i" site="klack.de" site_id="117/tide-tv" xmltv_id="Tide TV">Tide TV</channel>
    <channel update="i" site="klack.de" site_id="123/tv-berlin" xmltv_id="TV Berlin">TV Berlin</channel>
    <channel update="i" site="klack.de" site_id="39/franken-tv" xmltv_id="Franken TV">Franken TV</channel>
    <channel update="i" site="klack.de" site_id="148/hamburg1" xmltv_id="Hamburg1">Hamburg1</channel>
    <channel update="i" site="klack.de" site_id="131/zdf-neo" xmltv_id="ZDF neo">ZDF neo</channel>
    <channel update="i" site="klack.de" site_id="133/sixx" xmltv_id="sixx">sixx</channel>
    <channel update="i" site="klack.de" site_id="153/pro7-maxx" xmltv_id="Pro7 MAXX">Pro7 MAXX</channel>
    <channel update="i" site="klack.de" site_id="142/rtl-nitro" xmltv_id="RTL NITRO">RTL NITRO</channel>
    <channel update="i" site="klack.de" site_id="151/sat-1-gold" xmltv_id="SAT.1 Gold">SAT.1 Gold</channel>
    <channel update="i" site="klack.de" site_id="135/servus-tv" xmltv_id="Servus TV">Servus TV</channel>
    <channel update="i" site="klack.de" site_id="4/anixe-hd" xmltv_id="Anixe HD">Anixe HD</channel>
    <channel update="i" site="klack.de" site_id="64/nick" xmltv_id="NICK">NICK</channel>
    <channel update="i" site="klack.de" site_id="54/kika" xmltv_id="KiKa">KiKa</channel>
    <channel update="i" site="klack.de" site_id="23/comedy-central" xmltv_id="Comedy Central">Comedy Central</channel>
    <channel update="i" site="klack.de" site_id="25/disney" xmltv_id="Disney">Disney</channel>
    <channel update="i" site="klack.de" site_id="30/dmax" xmltv_id="DMAX">DMAX</channel>
    <channel update="i" site="klack.de" site_id="155/tlc" xmltv_id="TLC">TLC</channel>
    <channel update="i" site="klack.de" site_id="59/eins-plus" xmltv_id="Eins Plus">Eins Plus</channel>
    <channel update="i" site="klack.de" site_id="38/einsfestival" xmltv_id="EinsFestival">EinsFestival</channel>
    <channel update="i" site="klack.de" site_id="132/zdfkultur" xmltv_id="ZDFkultur">ZDFkultur</channel>
    <channel update="i" site="klack.de" site_id="77/phoenix" xmltv_id="Phoenix">Phoenix</channel>
    <channel update="i" site="klack.de" site_id="60/n24" xmltv_id="N24">N24</channel>
    <channel update="i" site="klack.de" site_id="68/n-tv" xmltv_id="N-TV">N-TV</channel>
    <channel update="i" site="klack.de" site_id="37/tagesschau24" xmltv_id="Tagesschau24">Tagesschau24</channel>
    <channel update="i" site="klack.de" site_id="130/zdf-info" xmltv_id="ZDF info">ZDF info</channel>
    <channel update="i" site="klack.de" site_id="34/dw-europe" xmltv_id="DW (Europe)">DW (Europe)</channel>
    <channel update="i" site="klack.de" site_id="14/bbc-world" xmltv_id="BBC World">BBC World</channel>
    <channel update="i" site="klack.de" site_id="35/euronews" xmltv_id="Euronews">Euronews</channel>
    <channel update="i" site="klack.de" site_id="22/cnn" xmltv_id="CNN">CNN</channel>
    <channel update="i" site="klack.de" site_id="16/bibel-tv" xmltv_id="Bibel TV">Bibel TV</channel>
    <channel update="i" site="klack.de" site_id="48/hse24" xmltv_id="HSE24">HSE24</channel>
    <channel update="i" site="klack.de" site_id="81/qvc" xmltv_id="QVC">QVC</channel>
    <channel update="i" site="klack.de" site_id="109/sonnenklar-tv" xmltv_id="Sonnenklar TV">Sonnenklar TV</channel>
    <channel update="i" site="klack.de" site_id="71/orf-1" xmltv_id="ORF 1">ORF 1</channel>
    <channel update="i" site="klack.de" site_id="72/orf-2" xmltv_id="ORF 2">ORF 2</channel>
    <channel update="i" site="klack.de" site_id="137/orf-3" xmltv_id="ORF 3">ORF 3</channel>
    <channel update="i" site="klack.de" site_id="7/atv" xmltv_id="ATV">ATV</channel>
    <channel update="i" site="klack.de" site_id="138/atv-2" xmltv_id="ATV 2">ATV 2</channel>
    <channel update="i" site="klack.de" site_id="80/puls-4" xmltv_id="Puls 4">Puls 4</channel>
    <channel update="i" site="klack.de" site_id="32/schweiz-1" xmltv_id="Schweiz 1">Schweiz 1</channel>
    <channel update="i" site="klack.de" site_id="144/schweiz-2" xmltv_id="Schweiz 2">Schweiz 2</channel>
    <channel update="i" site="klack.de" site_id="145/france-2" xmltv_id="France 2">France 2</channel>
    <channel update="i" site="klack.de" site_id="42/france-3" xmltv_id="France 3">France 3</channel>
    <channel update="i" site="klack.de" site_id="15/bbc-entertainment" xmltv_id="BBC Entertainment">BBC Entertainment</channel>
    <channel update="i" site="klack.de" site_id="96/sky-cinema" xmltv_id="Sky Cinema">Sky Cinema</channel>
    <channel update="i" site="klack.de" site_id="97/sky-cinema-1" xmltv_id="Sky Cinema +1">Sky Cinema +1</channel>
    <channel update="i" site="klack.de" site_id="98/sky-cinema-24" xmltv_id="Sky Cinema +24">Sky Cinema +24</channel>
    <channel update="i" site="klack.de" site_id="99/sky-cinema-hits" xmltv_id="Sky Cinema Hits">Sky Cinema Hits</channel>
    <channel update="i" site="klack.de" site_id="94/sky-action" xmltv_id="Sky Action">Sky Action</channel>
    <channel update="i" site="klack.de" site_id="100/sky-comedy" xmltv_id="Sky Comedy">Sky Comedy</channel>
    <channel update="i" site="klack.de" site_id="101/sky-emotion" xmltv_id="Sky Emotion">Sky Emotion</channel>
    <channel update="i" site="klack.de" site_id="103/sky-nostalgie" xmltv_id="Sky Nostalgie">Sky Nostalgie</channel>
    <channel update="i" site="klack.de" site_id="102/sky-krimi" xmltv_id="Sky Krimi">Sky Krimi</channel>
    <channel update="i" site="klack.de" site_id="95/sky-fussball-bundesliga" xmltv_id="Sky Fußball Bundesliga">Sky Fußball Bundesliga</channel>
    <channel update="i" site="klack.de" site_id="104/sky-sport-1" xmltv_id="Sky Sport 1">Sky Sport 1</channel>
    <channel update="i" site="klack.de" site_id="105/sky-sport-2" xmltv_id="Sky Sport 2">Sky Sport 2</channel>
    <channel update="i" site="klack.de" site_id="106/sky-sport-austria" xmltv_id="Sky Sport Austria">Sky Sport Austria</channel>
    <channel update="i" site="klack.de" site_id="136/tnt-film" xmltv_id="TNT Film">TNT Film</channel>
    <channel update="i" site="klack.de" site_id="173/tnt-glitz" xmltv_id="TNT Glitz">TNT Glitz</channel>
    <channel update="i" site="klack.de" site_id="52/kabel-eins-classics" xmltv_id="Kabel eins Classics">Kabel eins Classics</channel>
    <channel update="i" site="klack.de" site_id="163/sky-3d" xmltv_id="Sky 3D">Sky 3D</channel>
    <channel update="i" site="klack.de" site_id="56/mgm" xmltv_id="MGM">MGM</channel>
    <channel update="i" site="klack.de" site_id="41/fox" xmltv_id="FOX">FOX</channel>
    <channel update="i" site="klack.de" site_id="120/tnt-serie" xmltv_id="TNT Serie">TNT Serie</channel>
    <channel update="i" site="klack.de" site_id="88/rtl-crime" xmltv_id="RTL Crime">RTL Crime</channel>
    <channel update="i" site="klack.de" site_id="162/sky-atlantic-hd" xmltv_id="Sky Atlantic HD">Sky Atlantic HD</channel>
    <channel update="i" site="klack.de" site_id="53/kinowelt" xmltv_id="Kinowelt">Kinowelt</channel>
    <channel update="i" site="klack.de" site_id="9/axn" xmltv_id="AXN">AXN</channel>
    <channel update="i" site="klack.de" site_id="170/a-e" xmltv_id="A&amp;E">A&amp;E</channel>
    <channel update="i" site="klack.de" site_id="112/13th-street" xmltv_id="13th Street">13th Street</channel>
    <channel update="i" site="klack.de" site_id="75/syfy" xmltv_id="Syfy">Syfy</channel>
    <channel update="i" site="klack.de" site_id="164/universal-channel" xmltv_id="Universal Channel">Universal Channel</channel>
    <channel update="i" site="klack.de" site_id="73/animal-planet" xmltv_id="Animal Planet">Animal Planet</channel>
    <channel update="i" site="klack.de" site_id="62/national-geographic" xmltv_id="National Geographic">National Geographic</channel>
    <channel update="i" site="klack.de" site_id="149/nat-geo-wild" xmltv_id="NAT GEO Wild">NAT GEO Wild</channel>
    <channel update="i" site="klack.de" site_id="27/discovery-channel" xmltv_id="Discovery Channel">Discovery Channel</channel>
    <channel update="i" site="klack.de" site_id="128/spiegel-tv-wissen" xmltv_id="Spiegel TV Wissen">Spiegel TV Wissen</channel>
    <channel update="i" site="klack.de" site_id="152/spiegel-tv-geschichte" xmltv_id="Spiegel TV Geschichte">Spiegel TV Geschichte</channel>
    <channel update="i" site="klack.de" site_id="47/history" xmltv_id="history">history</channel>
    <channel update="i" site="klack.de" site_id="174/planet" xmltv_id="Planet">Planet</channel>
    <channel update="i" site="klack.de" site_id="26/disney-cinemagic" xmltv_id="Disney Cinemagic">Disney Cinemagic</channel>
    <channel update="i" site="klack.de" site_id="28/disney-xd" xmltv_id="Disney XD">Disney XD</channel>
    <channel update="i" site="klack.de" site_id="178/disney-junior" xmltv_id="Disney Junior">Disney Junior</channel>
    <channel update="i" site="klack.de" site_id="50/junior" xmltv_id="Junior">Junior</channel>
    <channel update="i" site="klack.de" site_id="171/animax" xmltv_id="Animax">Animax</channel>
    <channel update="i" site="klack.de" site_id="175/boomerang" xmltv_id="Boomerang">Boomerang</channel>
    <channel update="i" site="klack.de" site_id="150/sat-1-emotions" xmltv_id="SAT.1 emotions">SAT.1 emotions</channel>
    <channel update="i" site="klack.de" site_id="134/rtl-passion" xmltv_id="RTL Passion">RTL Passion</channel>
    <channel update="i" site="klack.de" site_id="45/heimatkanal" xmltv_id="Heimatkanal">Heimatkanal</channel>
    <channel update="i" site="klack.de" site_id="93/silverline" xmltv_id="Silverline">Silverline</channel>
    <channel update="i" site="klack.de" site_id="57/mtv" xmltv_id="MTV">MTV</channel>
    <channel update="i" site="klack.de" site_id="21/classica" xmltv_id="Classica">Classica</channel>
    <channel update="i" site="klack.de" site_id="160/sport1-us-hd" xmltv_id="Sport1+ US HD">Sport1+ US HD</channel>
    <channel update="i" site="klack.de" site_id="157/pro7-fun" xmltv_id="Pro7 FUN">Pro7 FUN</channel>
    <channel update="i" site="klack.de" site_id="158/romance-tv" xmltv_id="Romance TV">Romance TV</channel>
    <channel update="i" site="klack.de" site_id="159/rtl-living" xmltv_id="RTL Living">RTL Living</channel>
    <channel update="i" site="klack.de" site_id="156/cartoon-network" xmltv_id="Cartoon Network">Cartoon Network</channel>
    <channel update="i" site="klack.de" site_id="44/goldstar-tv" xmltv_id="Goldstar TV">Goldstar TV</channel>
    <channel update="i" site="klack.de" site_id="176/e" xmltv_id="E!">E!</channel>
    <channel update="i" site="klack.de" site_id="74/playboy-tv" xmltv_id="Playboy TV">Playboy TV</channel>
    <channel update="i" site="klack.de" site_id="18/beate-uhse-tv" xmltv_id="Beate Uhse TV">Beate Uhse TV</channel>
    <channel update="i" site="klack.de" site_id="36/eurosport" xmltv_id="Eurosport">Eurosport</channel>
    <channel update="i" site="klack.de" site_id="33/sport-1" xmltv_id="Sport 1">Sport 1</channel>
    <channel update="i" site="klack.de" site_id="177/sport1" xmltv_id="Sport1+">Sport1+</channel>
    <channel update="i" site="klack.de" site_id="143/eurosport-2" xmltv_id="Eurosport 2">Eurosport 2</channel>
    <channel update="i" site="klack.de" site_id="139/orf-sport" xmltv_id="ORF Sport +">ORF Sport +</channel>
    <channel update="i" site="klack.de" site_id="125/viva" xmltv_id="VIVA">VIVA</channel>
    <channel update="i" site="klack.de" site_id="5/ard" xmltv_id="ARD">ARD</channel>
    <channel update="i" site="klack.de" site_id="129/zdf" xmltv_id="ZDF">ZDF</channel>
    <channel update="i" site="klack.de" site_id="86/rtl" xmltv_id="RTL">RTL</channel>
    <channel update="i" site="klack.de" site_id="92/sat-1" xmltv_id="SAT.1">SAT.1</channel>
    <channel update="i" site="klack.de" site_id="79/pro7" xmltv_id="Pro7">Pro7</channel>
    <channel update="i" site="klack.de" site_id="87/rtl-2" xmltv_id="RTL 2">RTL 2</channel>
    <channel update="i" site="klack.de" site_id="126/vox" xmltv_id="VOX">VOX</channel>
    <channel update="i" site="klack.de" site_id="51/kabel-eins" xmltv_id="Kabel eins">Kabel eins</channel>
    <channel update="i" site="klack.de" site_id="118/tele-5" xmltv_id="TELE 5">TELE 5</channel>
    <channel update="i" site="klack.de" site_id="6/arte" xmltv_id="ARTE">ARTE</channel>
    <channel update="i" site="klack.de" site_id="1/3sat" xmltv_id="3sat">3sat</channel>
    <channel update="i" site="klack.de" site_id="113/super-rtl" xmltv_id="Super RTL">Super RTL</channel>
    <channel update="i" site="klack.de" site_id="127/wdr" xmltv_id="WDR">WDR</channel>
    <channel update="i" site="klack.de" site_id="67/ndr" xmltv_id="NDR">NDR</channel>
    <channel update="i" site="klack.de" site_id="12/bayern" xmltv_id="Bayern">Bayern</channel>
    <channel update="i" site="klack.de" site_id="90/swr-bw" xmltv_id="SWR BW">SWR BW</channel>
    <channel update="i" site="klack.de" site_id="49/hr" xmltv_id="HR">HR</channel>
    <channel update="i" site="klack.de" site_id="55/mdr" xmltv_id="MDR">MDR</channel>
    <channel update="i" site="klack.de" site_id="83/rbb" xmltv_id="RBB">RBB</channel>
    <channel update="i" site="klack.de" site_id="172/swr-rp" xmltv_id="SWR RP">SWR RP</channel>
    <channel update="i" site="klack.de" site_id="154/nrw-tv" xmltv_id="NRW.TV">NRW.TV</channel>
    <channel update="i" site="klack.de" site_id="2/ard-alpha" xmltv_id="ARD ALPHA">ARD ALPHA</channel>
    <channel update="i" site="klack.de" site_id="111/spreekanal" xmltv_id="Spreekanal">Spreekanal</channel>
    <channel update="i" site="klack.de" site_id="58/muenchen-tv" xmltv_id="München TV">München TV</channel>
    <channel update="i" site="klack.de" site_id="117/tide-tv" xmltv_id="Tide TV">Tide TV</channel>
    <channel update="i" site="klack.de" site_id="123/tv-berlin" xmltv_id="TV Berlin">TV Berlin</channel>
    <channel update="i" site="klack.de" site_id="39/franken-tv" xmltv_id="Franken TV">Franken TV</channel>
    <channel update="i" site="klack.de" site_id="148/hamburg1" xmltv_id="Hamburg1">Hamburg1</channel>
    <channel update="i" site="klack.de" site_id="131/zdf-neo" xmltv_id="ZDF neo">ZDF neo</channel>
    <channel update="i" site="klack.de" site_id="133/sixx" xmltv_id="sixx">sixx</channel>
    <channel update="i" site="klack.de" site_id="153/pro7-maxx" xmltv_id="Pro7 MAXX">Pro7 MAXX</channel>
    <channel update="i" site="klack.de" site_id="142/rtl-nitro" xmltv_id="RTL NITRO">RTL NITRO</channel>
    <channel update="i" site="klack.de" site_id="151/sat-1-gold" xmltv_id="SAT.1 Gold">SAT.1 Gold</channel>
    <channel update="i" site="klack.de" site_id="135/servus-tv" xmltv_id="Servus TV">Servus TV</channel>
    <channel update="i" site="klack.de" site_id="4/anixe-hd" xmltv_id="Anixe HD">Anixe HD</channel>
    <channel update="i" site="klack.de" site_id="64/nick" xmltv_id="NICK">NICK</channel>
    <channel update="i" site="klack.de" site_id="54/kika" xmltv_id="KiKa">KiKa</channel>
    <channel update="i" site="klack.de" site_id="23/comedy-central" xmltv_id="Comedy Central">Comedy Central</channel>
    <channel update="i" site="klack.de" site_id="25/disney" xmltv_id="Disney">Disney</channel>
    <channel update="i" site="klack.de" site_id="30/dmax" xmltv_id="DMAX">DMAX</channel>
    <channel update="i" site="klack.de" site_id="155/tlc" xmltv_id="TLC">TLC</channel>
    <channel update="i" site="klack.de" site_id="59/eins-plus" xmltv_id="Eins Plus">Eins Plus</channel>
    <channel update="i" site="klack.de" site_id="38/einsfestival" xmltv_id="EinsFestival">EinsFestival</channel>
    <channel update="i" site="klack.de" site_id="132/zdfkultur" xmltv_id="ZDFkultur">ZDFkultur</channel>
    <channel update="i" site="klack.de" site_id="77/phoenix" xmltv_id="Phoenix">Phoenix</channel>
    <channel update="i" site="klack.de" site_id="60/n24" xmltv_id="N24">N24</channel>
    <channel update="i" site="klack.de" site_id="68/n-tv" xmltv_id="N-TV">N-TV</channel>
    <channel update="i" site="klack.de" site_id="37/tagesschau24" xmltv_id="Tagesschau24">Tagesschau24</channel>
    <channel update="i" site="klack.de" site_id="130/zdf-info" xmltv_id="ZDF info">ZDF info</channel>
    <channel update="i" site="klack.de" site_id="34/dw-europe" xmltv_id="DW (Europe)">DW (Europe)</channel>
    <channel update="i" site="klack.de" site_id="14/bbc-world" xmltv_id="BBC World">BBC World</channel>
    <channel update="i" site="klack.de" site_id="35/euronews" xmltv_id="Euronews">Euronews</channel>
    <channel update="i" site="klack.de" site_id="22/cnn" xmltv_id="CNN">CNN</channel>
    <channel update="i" site="klack.de" site_id="16/bibel-tv" xmltv_id="Bibel TV">Bibel TV</channel>
    <channel update="i" site="klack.de" site_id="48/hse24" xmltv_id="HSE24">HSE24</channel>
    <channel update="i" site="klack.de" site_id="81/qvc" xmltv_id="QVC">QVC</channel>
    <channel update="i" site="klack.de" site_id="109/sonnenklar-tv" xmltv_id="Sonnenklar TV">Sonnenklar TV</channel>
    <channel update="i" site="klack.de" site_id="71/orf-1" xmltv_id="ORF 1">ORF 1</channel>
    <channel update="i" site="klack.de" site_id="72/orf-2" xmltv_id="ORF 2">ORF 2</channel>
    <channel update="i" site="klack.de" site_id="137/orf-3" xmltv_id="ORF 3">ORF 3</channel>
    <channel update="i" site="klack.de" site_id="7/atv" xmltv_id="ATV">ATV</channel>
    <channel update="i" site="klack.de" site_id="138/atv-2" xmltv_id="ATV 2">ATV 2</channel>
    <channel update="i" site="klack.de" site_id="80/puls-4" xmltv_id="Puls 4">Puls 4</channel>
    <channel update="i" site="klack.de" site_id="32/schweiz-1" xmltv_id="Schweiz 1">Schweiz 1</channel>
    <channel update="i" site="klack.de" site_id="144/schweiz-2" xmltv_id="Schweiz 2">Schweiz 2</channel>
    <channel update="i" site="klack.de" site_id="145/france-2" xmltv_id="France 2">France 2</channel>
    <channel update="i" site="klack.de" site_id="42/france-3" xmltv_id="France 3">France 3</channel>
    <channel update="i" site="klack.de" site_id="15/bbc-entertainment" xmltv_id="BBC Entertainment">BBC Entertainment</channel>
    <channel update="i" site="klack.de" site_id="96/sky-cinema" xmltv_id="Sky Cinema">Sky Cinema</channel>
    <channel update="i" site="klack.de" site_id="97/sky-cinema-1" xmltv_id="Sky Cinema +1">Sky Cinema +1</channel>
    <channel update="i" site="klack.de" site_id="98/sky-cinema-24" xmltv_id="Sky Cinema +24">Sky Cinema +24</channel>
    <channel update="i" site="klack.de" site_id="99/sky-cinema-hits" xmltv_id="Sky Cinema Hits">Sky Cinema Hits</channel>
    <channel update="i" site="klack.de" site_id="94/sky-action" xmltv_id="Sky Action">Sky Action</channel>
    <channel update="i" site="klack.de" site_id="100/sky-comedy" xmltv_id="Sky Comedy">Sky Comedy</channel>
    <channel update="i" site="klack.de" site_id="101/sky-emotion" xmltv_id="Sky Emotion">Sky Emotion</channel>
    <channel update="i" site="klack.de" site_id="103/sky-nostalgie" xmltv_id="Sky Nostalgie">Sky Nostalgie</channel>
    <channel update="i" site="klack.de" site_id="102/sky-krimi" xmltv_id="Sky Krimi">Sky Krimi</channel>
    <channel update="i" site="klack.de" site_id="95/sky-fussball-bundesliga" xmltv_id="Sky Fußball Bundesliga">Sky Fußball Bundesliga</channel>
    <channel update="i" site="klack.de" site_id="104/sky-sport-1" xmltv_id="Sky Sport 1">Sky Sport 1</channel>
    <channel update="i" site="klack.de" site_id="105/sky-sport-2" xmltv_id="Sky Sport 2">Sky Sport 2</channel>
    <channel update="i" site="klack.de" site_id="106/sky-sport-austria" xmltv_id="Sky Sport Austria">Sky Sport Austria</channel>
    <channel update="i" site="klack.de" site_id="136/tnt-film" xmltv_id="TNT Film">TNT Film</channel>
    <channel update="i" site="klack.de" site_id="173/tnt-glitz" xmltv_id="TNT Glitz">TNT Glitz</channel>
    <channel update="i" site="klack.de" site_id="52/kabel-eins-classics" xmltv_id="Kabel eins Classics">Kabel eins Classics</channel>
    <channel update="i" site="klack.de" site_id="163/sky-3d" xmltv_id="Sky 3D">Sky 3D</channel>
    <channel update="i" site="klack.de" site_id="56/mgm" xmltv_id="MGM">MGM</channel>
    <channel update="i" site="klack.de" site_id="41/fox" xmltv_id="FOX">FOX</channel>
    <channel update="i" site="klack.de" site_id="120/tnt-serie" xmltv_id="TNT Serie">TNT Serie</channel>
    <channel update="i" site="klack.de" site_id="88/rtl-crime" xmltv_id="RTL Crime">RTL Crime</channel>
    <channel update="i" site="klack.de" site_id="162/sky-atlantic-hd" xmltv_id="Sky Atlantic HD">Sky Atlantic HD</channel>
    <channel update="i" site="klack.de" site_id="53/kinowelt" xmltv_id="Kinowelt">Kinowelt</channel>
    <channel update="i" site="klack.de" site_id="9/axn" xmltv_id="AXN">AXN</channel>
    <channel update="i" site="klack.de" site_id="170/a-e" xmltv_id="A&amp;E">A&amp;E</channel>
    <channel update="i" site="klack.de" site_id="112/13th-street" xmltv_id="13th Street">13th Street</channel>
    <channel update="i" site="klack.de" site_id="75/syfy" xmltv_id="Syfy">Syfy</channel>
    <channel update="i" site="klack.de" site_id="164/universal-channel" xmltv_id="Universal Channel">Universal Channel</channel>
    <channel update="i" site="klack.de" site_id="73/animal-planet" xmltv_id="Animal Planet">Animal Planet</channel>
    <channel update="i" site="klack.de" site_id="62/national-geographic" xmltv_id="National Geographic">National Geographic</channel>
    <channel update="i" site="klack.de" site_id="149/nat-geo-wild" xmltv_id="NAT GEO Wild">NAT GEO Wild</channel>
    <channel update="i" site="klack.de" site_id="27/discovery-channel" xmltv_id="Discovery Channel">Discovery Channel</channel>
    <channel update="i" site="klack.de" site_id="128/spiegel-tv-wissen" xmltv_id="Spiegel TV Wissen">Spiegel TV Wissen</channel>
    <channel update="i" site="klack.de" site_id="152/spiegel-tv-geschichte" xmltv_id="Spiegel TV Geschichte">Spiegel TV Geschichte</channel>
    <channel update="i" site="klack.de" site_id="47/history" xmltv_id="history">history</channel>
    <channel update="i" site="klack.de" site_id="174/planet" xmltv_id="Planet">Planet</channel>
    <channel update="i" site="klack.de" site_id="26/disney-cinemagic" xmltv_id="Disney Cinemagic">Disney Cinemagic</channel>
    <channel update="i" site="klack.de" site_id="28/disney-xd" xmltv_id="Disney XD">Disney XD</channel>
    <channel update="i" site="klack.de" site_id="178/disney-junior" xmltv_id="Disney Junior">Disney Junior</channel>
    <channel update="i" site="klack.de" site_id="50/junior" xmltv_id="Junior">Junior</channel>
    <channel update="i" site="klack.de" site_id="171/animax" xmltv_id="Animax">Animax</channel>
    <channel update="i" site="klack.de" site_id="175/boomerang" xmltv_id="Boomerang">Boomerang</channel>
    <channel update="i" site="klack.de" site_id="150/sat-1-emotions" xmltv_id="SAT.1 emotions">SAT.1 emotions</channel>
    <channel update="i" site="klack.de" site_id="134/rtl-passion" xmltv_id="RTL Passion">RTL Passion</channel>
    <channel update="i" site="klack.de" site_id="45/heimatkanal" xmltv_id="Heimatkanal">Heimatkanal</channel>
    <channel update="i" site="klack.de" site_id="93/silverline" xmltv_id="Silverline">Silverline</channel>
    <channel update="i" site="klack.de" site_id="57/mtv" xmltv_id="MTV">MTV</channel>
    <channel update="i" site="klack.de" site_id="21/classica" xmltv_id="Classica">Classica</channel>
    <channel update="i" site="klack.de" site_id="160/sport1-us-hd" xmltv_id="Sport1+ US HD">Sport1+ US HD</channel>
    <channel update="i" site="klack.de" site_id="157/pro7-fun" xmltv_id="Pro7 FUN">Pro7 FUN</channel>
    <channel update="i" site="klack.de" site_id="158/romance-tv" xmltv_id="Romance TV">Romance TV</channel>
    <channel update="i" site="klack.de" site_id="159/rtl-living" xmltv_id="RTL Living">RTL Living</channel>
    <channel update="i" site="klack.de" site_id="156/cartoon-network" xmltv_id="Cartoon Network">Cartoon Network</channel>
    <channel update="i" site="klack.de" site_id="44/goldstar-tv" xmltv_id="Goldstar TV">Goldstar TV</channel>
    <channel update="i" site="klack.de" site_id="176/e" xmltv_id="E!">E!</channel>
    <channel update="i" site="klack.de" site_id="74/playboy-tv" xmltv_id="Playboy TV">Playboy TV</channel>
    <channel update="i" site="klack.de" site_id="18/beate-uhse-tv" xmltv_id="Beate Uhse TV">Beate Uhse TV</channel>
    <channel update="i" site="klack.de" site_id="36/eurosport" xmltv_id="Eurosport">Eurosport</channel>
    <channel update="i" site="klack.de" site_id="33/sport-1" xmltv_id="Sport 1">Sport 1</channel>
    <channel update="i" site="klack.de" site_id="177/sport1" xmltv_id="Sport1+">Sport1+</channel>
    <channel update="i" site="klack.de" site_id="143/eurosport-2" xmltv_id="Eurosport 2">Eurosport 2</channel>
    <channel update="i" site="klack.de" site_id="139/orf-sport" xmltv_id="ORF Sport +">ORF Sport +</channel>
    <channel update="i" site="klack.de" site_id="125/viva" xmltv_id="VIVA">VIVA</channel>
    <channel update="i" site="klack.de" site_id="5/ard" xmltv_id="ARD">ARD</channel>
    <channel update="i" site="klack.de" site_id="129/zdf" xmltv_id="ZDF">ZDF</channel>
    <channel update="i" site="klack.de" site_id="86/rtl" xmltv_id="RTL">RTL</channel>
    <channel update="i" site="klack.de" site_id="92/sat-1" xmltv_id="SAT.1">SAT.1</channel>
    <channel update="i" site="klack.de" site_id="79/pro7" xmltv_id="Pro7">Pro7</channel>
    <channel update="i" site="klack.de" site_id="87/rtl-2" xmltv_id="RTL 2">RTL 2</channel>
    <channel update="i" site="klack.de" site_id="126/vox" xmltv_id="VOX">VOX</channel>
    <channel update="i" site="klack.de" site_id="51/kabel-eins" xmltv_id="Kabel eins">Kabel eins</channel>
    <channel update="i" site="klack.de" site_id="118/tele-5" xmltv_id="TELE 5">TELE 5</channel>
    <channel update="i" site="klack.de" site_id="6/arte" xmltv_id="ARTE">ARTE</channel>
    <channel update="i" site="klack.de" site_id="1/3sat" xmltv_id="3sat">3sat</channel>
    <channel update="i" site="klack.de" site_id="113/super-rtl" xmltv_id="Super RTL">Super RTL</channel>
    <channel update="i" site="klack.de" site_id="127/wdr" xmltv_id="WDR">WDR</channel>
    <channel update="i" site="klack.de" site_id="67/ndr" xmltv_id="NDR">NDR</channel>
    <channel update="i" site="klack.de" site_id="12/bayern" xmltv_id="Bayern">Bayern</channel>
    <channel update="i" site="klack.de" site_id="90/swr-bw" xmltv_id="SWR BW">SWR BW</channel>
    <channel update="i" site="klack.de" site_id="49/hr" xmltv_id="HR">HR</channel>
    <channel update="i" site="klack.de" site_id="55/mdr" xmltv_id="MDR">MDR</channel>
    <channel update="i" site="klack.de" site_id="83/rbb" xmltv_id="RBB">RBB</channel>
    <channel update="i" site="klack.de" site_id="172/swr-rp" xmltv_id="SWR RP">SWR RP</channel>
    <channel update="i" site="klack.de" site_id="154/nrw-tv" xmltv_id="NRW.TV">NRW.TV</channel>
    <channel update="i" site="klack.de" site_id="2/ard-alpha" xmltv_id="ARD ALPHA">ARD ALPHA</channel>
    <channel update="i" site="klack.de" site_id="111/spreekanal" xmltv_id="Spreekanal">Spreekanal</channel>
    <channel update="i" site="klack.de" site_id="58/muenchen-tv" xmltv_id="München TV">München TV</channel>
    <channel update="i" site="klack.de" site_id="117/tide-tv" xmltv_id="Tide TV">Tide TV</channel>
    <channel update="i" site="klack.de" site_id="123/tv-berlin" xmltv_id="TV Berlin">TV Berlin</channel>
    <channel update="i" site="klack.de" site_id="39/franken-tv" xmltv_id="Franken TV">Franken TV</channel>
    <channel update="i" site="klack.de" site_id="148/hamburg1" xmltv_id="Hamburg1">Hamburg1</channel>
    <channel update="i" site="klack.de" site_id="131/zdf-neo" xmltv_id="ZDF neo">ZDF neo</channel>
    <channel update="i" site="klack.de" site_id="133/sixx" xmltv_id="sixx">sixx</channel>
    <channel update="i" site="klack.de" site_id="153/pro7-maxx" xmltv_id="Pro7 MAXX">Pro7 MAXX</channel>
    <channel update="i" site="klack.de" site_id="142/rtl-nitro" xmltv_id="RTL NITRO">RTL NITRO</channel>
    <channel update="i" site="klack.de" site_id="151/sat-1-gold" xmltv_id="SAT.1 Gold">SAT.1 Gold</channel>
    <channel update="i" site="klack.de" site_id="135/servus-tv" xmltv_id="Servus TV">Servus TV</channel>
    <channel update="i" site="klack.de" site_id="4/anixe-hd" xmltv_id="Anixe HD">Anixe HD</channel>
    <channel update="i" site="klack.de" site_id="64/nick" xmltv_id="NICK">NICK</channel>
    <channel update="i" site="klack.de" site_id="54/kika" xmltv_id="KiKa">KiKa</channel>
    <channel update="i" site="klack.de" site_id="23/comedy-central" xmltv_id="Comedy Central">Comedy Central</channel>
    <channel update="i" site="klack.de" site_id="25/disney" xmltv_id="Disney">Disney</channel>
    <channel update="i" site="klack.de" site_id="30/dmax" xmltv_id="DMAX">DMAX</channel>
    <channel update="i" site="klack.de" site_id="155/tlc" xmltv_id="TLC">TLC</channel>
    <channel update="i" site="klack.de" site_id="59/eins-plus" xmltv_id="Eins Plus">Eins Plus</channel>
    <channel update="i" site="klack.de" site_id="38/einsfestival" xmltv_id="EinsFestival">EinsFestival</channel>
    <channel update="i" site="klack.de" site_id="132/zdfkultur" xmltv_id="ZDFkultur">ZDFkultur</channel>
    <channel update="i" site="klack.de" site_id="77/phoenix" xmltv_id="Phoenix">Phoenix</channel>
    <channel update="i" site="klack.de" site_id="60/n24" xmltv_id="N24">N24</channel>
    <channel update="i" site="klack.de" site_id="68/n-tv" xmltv_id="N-TV">N-TV</channel>
    <channel update="i" site="klack.de" site_id="37/tagesschau24" xmltv_id="Tagesschau24">Tagesschau24</channel>
    <channel update="i" site="klack.de" site_id="130/zdf-info" xmltv_id="ZDF info">ZDF info</channel>
    <channel update="i" site="klack.de" site_id="34/dw-europe" xmltv_id="DW (Europe)">DW (Europe)</channel>
    <channel update="i" site="klack.de" site_id="14/bbc-world" xmltv_id="BBC World">BBC World</channel>
    <channel update="i" site="klack.de" site_id="35/euronews" xmltv_id="Euronews">Euronews</channel>
    <channel update="i" site="klack.de" site_id="22/cnn" xmltv_id="CNN">CNN</channel>
    <channel update="i" site="klack.de" site_id="16/bibel-tv" xmltv_id="Bibel TV">Bibel TV</channel>
    <channel update="i" site="klack.de" site_id="48/hse24" xmltv_id="HSE24">HSE24</channel>
    <channel update="i" site="klack.de" site_id="81/qvc" xmltv_id="QVC">QVC</channel>
    <channel update="i" site="klack.de" site_id="109/sonnenklar-tv" xmltv_id="Sonnenklar TV">Sonnenklar TV</channel>
    <channel update="i" site="klack.de" site_id="71/orf-1" xmltv_id="ORF 1">ORF 1</channel>
    <channel update="i" site="klack.de" site_id="72/orf-2" xmltv_id="ORF 2">ORF 2</channel>
    <channel update="i" site="klack.de" site_id="137/orf-3" xmltv_id="ORF 3">ORF 3</channel>
    <channel update="i" site="klack.de" site_id="7/atv" xmltv_id="ATV">ATV</channel>
    <channel update="i" site="klack.de" site_id="138/atv-2" xmltv_id="ATV 2">ATV 2</channel>
    <channel update="i" site="klack.de" site_id="80/puls-4" xmltv_id="Puls 4">Puls 4</channel>
    <channel update="i" site="klack.de" site_id="32/schweiz-1" xmltv_id="Schweiz 1">Schweiz 1</channel>
    <channel update="i" site="klack.de" site_id="144/schweiz-2" xmltv_id="Schweiz 2">Schweiz 2</channel>
    <channel update="i" site="klack.de" site_id="145/france-2" xmltv_id="France 2">France 2</channel>
    <channel update="i" site="klack.de" site_id="42/france-3" xmltv_id="France 3">France 3</channel>
    <channel update="i" site="klack.de" site_id="15/bbc-entertainment" xmltv_id="BBC Entertainment">BBC Entertainment</channel>
    <channel update="i" site="klack.de" site_id="96/sky-cinema" xmltv_id="Sky Cinema">Sky Cinema</channel>
    <channel update="i" site="klack.de" site_id="97/sky-cinema-1" xmltv_id="Sky Cinema +1">Sky Cinema +1</channel>
    <channel update="i" site="klack.de" site_id="98/sky-cinema-24" xmltv_id="Sky Cinema +24">Sky Cinema +24</channel>
    <channel update="i" site="klack.de" site_id="99/sky-cinema-hits" xmltv_id="Sky Cinema Hits">Sky Cinema Hits</channel>
    <channel update="i" site="klack.de" site_id="94/sky-action" xmltv_id="Sky Action">Sky Action</channel>
    <channel update="i" site="klack.de" site_id="100/sky-comedy" xmltv_id="Sky Comedy">Sky Comedy</channel>
    <channel update="i" site="klack.de" site_id="101/sky-emotion" xmltv_id="Sky Emotion">Sky Emotion</channel>
    <channel update="i" site="klack.de" site_id="103/sky-nostalgie" xmltv_id="Sky Nostalgie">Sky Nostalgie</channel>
    <channel update="i" site="klack.de" site_id="102/sky-krimi" xmltv_id="Sky Krimi">Sky Krimi</channel>
    <channel update="i" site="klack.de" site_id="95/sky-fussball-bundesliga" xmltv_id="Sky Fußball Bundesliga">Sky Fußball Bundesliga</channel>
    <channel update="i" site="klack.de" site_id="104/sky-sport-1" xmltv_id="Sky Sport 1">Sky Sport 1</channel>
    <channel update="i" site="klack.de" site_id="105/sky-sport-2" xmltv_id="Sky Sport 2">Sky Sport 2</channel>
    <channel update="i" site="klack.de" site_id="106/sky-sport-austria" xmltv_id="Sky Sport Austria">Sky Sport Austria</channel>
    <channel update="i" site="klack.de" site_id="136/tnt-film" xmltv_id="TNT Film">TNT Film</channel>
    <channel update="i" site="klack.de" site_id="173/tnt-glitz" xmltv_id="TNT Glitz">TNT Glitz</channel>
    <channel update="i" site="klack.de" site_id="52/kabel-eins-classics" xmltv_id="Kabel eins Classics">Kabel eins Classics</channel>
    <channel update="i" site="klack.de" site_id="163/sky-3d" xmltv_id="Sky 3D">Sky 3D</channel>
    <channel update="i" site="klack.de" site_id="56/mgm" xmltv_id="MGM">MGM</channel>
    <channel update="i" site="klack.de" site_id="41/fox" xmltv_id="FOX">FOX</channel>
    <channel update="i" site="klack.de" site_id="120/tnt-serie" xmltv_id="TNT Serie">TNT Serie</channel>
    <channel update="i" site="klack.de" site_id="88/rtl-crime" xmltv_id="RTL Crime">RTL Crime</channel>
    <channel update="i" site="klack.de" site_id="162/sky-atlantic-hd" xmltv_id="Sky Atlantic HD">Sky Atlantic HD</channel>
    <channel update="i" site="klack.de" site_id="53/kinowelt" xmltv_id="Kinowelt">Kinowelt</channel>
    <channel update="i" site="klack.de" site_id="9/axn" xmltv_id="AXN">AXN</channel>
    <channel update="i" site="klack.de" site_id="170/a-e" xmltv_id="A&amp;E">A&amp;E</channel>
    <channel update="i" site="klack.de" site_id="112/13th-street" xmltv_id="13th Street">13th Street</channel>
    <channel update="i" site="klack.de" site_id="75/syfy" xmltv_id="Syfy">Syfy</channel>
    <channel update="i" site="klack.de" site_id="164/universal-channel" xmltv_id="Universal Channel">Universal Channel</channel>
    <channel update="i" site="klack.de" site_id="73/animal-planet" xmltv_id="Animal Planet">Animal Planet</channel>
    <channel update="i" site="klack.de" site_id="62/national-geographic" xmltv_id="National Geographic">National Geographic</channel>
    <channel update="i" site="klack.de" site_id="149/nat-geo-wild" xmltv_id="NAT GEO Wild">NAT GEO Wild</channel>
    <channel update="i" site="klack.de" site_id="27/discovery-channel" xmltv_id="Discovery Channel">Discovery Channel</channel>
    <channel update="i" site="klack.de" site_id="128/spiegel-tv-wissen" xmltv_id="Spiegel TV Wissen">Spiegel TV Wissen</channel>
    <channel update="i" site="klack.de" site_id="152/spiegel-tv-geschichte" xmltv_id="Spiegel TV Geschichte">Spiegel TV Geschichte</channel>
    <channel update="i" site="klack.de" site_id="47/history" xmltv_id="history">history</channel>
    <channel update="i" site="klack.de" site_id="174/planet" xmltv_id="Planet">Planet</channel>
    <channel update="i" site="klack.de" site_id="26/disney-cinemagic" xmltv_id="Disney Cinemagic">Disney Cinemagic</channel>
    <channel update="i" site="klack.de" site_id="28/disney-xd" xmltv_id="Disney XD">Disney XD</channel>
    <channel update="i" site="klack.de" site_id="178/disney-junior" xmltv_id="Disney Junior">Disney Junior</channel>
    <channel update="i" site="klack.de" site_id="50/junior" xmltv_id="Junior">Junior</channel>
    <channel update="i" site="klack.de" site_id="171/animax" xmltv_id="Animax">Animax</channel>
    <channel update="i" site="klack.de" site_id="175/boomerang" xmltv_id="Boomerang">Boomerang</channel>
    <channel update="i" site="klack.de" site_id="150/sat-1-emotions" xmltv_id="SAT.1 emotions">SAT.1 emotions</channel>
    <channel update="i" site="klack.de" site_id="134/rtl-passion" xmltv_id="RTL Passion">RTL Passion</channel>
    <channel update="i" site="klack.de" site_id="45/heimatkanal" xmltv_id="Heimatkanal">Heimatkanal</channel>
    <channel update="i" site="klack.de" site_id="93/silverline" xmltv_id="Silverline">Silverline</channel>
    <channel update="i" site="klack.de" site_id="57/mtv" xmltv_id="MTV">MTV</channel>
    <channel update="i" site="klack.de" site_id="21/classica" xmltv_id="Classica">Classica</channel>
    <channel update="i" site="klack.de" site_id="160/sport1-us-hd" xmltv_id="Sport1+ US HD">Sport1+ US HD</channel>
    <channel update="i" site="klack.de" site_id="157/pro7-fun" xmltv_id="Pro7 FUN">Pro7 FUN</channel>
    <channel update="i" site="klack.de" site_id="158/romance-tv" xmltv_id="Romance TV">Romance TV</channel>
    <channel update="i" site="klack.de" site_id="159/rtl-living" xmltv_id="RTL Living">RTL Living</channel>
    <channel update="i" site="klack.de" site_id="156/cartoon-network" xmltv_id="Cartoon Network">Cartoon Network</channel>
    <channel update="i" site="klack.de" site_id="44/goldstar-tv" xmltv_id="Goldstar TV">Goldstar TV</channel>
    <channel update="i" site="klack.de" site_id="176/e" xmltv_id="E!">E!</channel>
    <channel update="i" site="klack.de" site_id="74/playboy-tv" xmltv_id="Playboy TV">Playboy TV</channel>
    <channel update="i" site="klack.de" site_id="18/beate-uhse-tv" xmltv_id="Beate Uhse TV">Beate Uhse TV</channel>
    <channel update="i" site="klack.de" site_id="36/eurosport" xmltv_id="Eurosport">Eurosport</channel>
    <channel update="i" site="klack.de" site_id="33/sport-1" xmltv_id="Sport 1">Sport 1</channel>
    <channel update="i" site="klack.de" site_id="177/sport1" xmltv_id="Sport1+">Sport1+</channel>
    <channel update="i" site="klack.de" site_id="143/eurosport-2" xmltv_id="Eurosport 2">Eurosport 2</channel>
    <channel update="i" site="klack.de" site_id="139/orf-sport" xmltv_id="ORF Sport +">ORF Sport +</channel>
    <channel update="i" site="klack.de" site_id="125/viva" xmltv_id="VIVA">VIVA</channel>
  </channels>
</site>