﻿<?xml version="1.0" encoding="UTF-8"?>
<site generator-info-name="WebGrab+Plus/w MDB &amp; REX Postprocess -- version 1.1.1/55.27 -- Jan van Straaten" site="tvinfo.de">
  <channels>
    <channel update="i" site="tvinfo.de" site_id="/tv-programm/ard" xmltv_id="ARD - Das Erste">ARD - Das Erste</channel>
    <channel update="i" site="tvinfo.de" site_id="/tv-programm/zdf" xmltv_id="ZDF">ZDF</channel>
    <channel update="i" site="tvinfo.de" site_id="/tv-programm/rtl" xmltv_id="RTL">RTL</channel>
    <channel update="i" site="tvinfo.de" site_id="/tv-programm/pro7" xmltv_id="Pro7">Pro7</channel>
    <channel update="i" site="tvinfo.de" site_id="/tv-programm/sat1" xmltv_id="Sat1">Sat1</channel>
    <channel update="i" site="tvinfo.de" site_id="/tv-programm/vox" xmltv_id="VOX">VOX</channel>
    <channel update="i" site="tvinfo.de" site_id="/tv-programm/3sat" xmltv_id="3sat">3sat</channel>
    <channel update="i" site="tvinfo.de" site_id="/tv-programm/arte" xmltv_id="arte">arte</channel>
    <channel update="i" site="tvinfo.de" site_id="/tv-programm/kabel1" xmltv_id="Kabel1">Kabel1</channel>
    <channel update="i" site="tvinfo.de" site_id="/tv-programm/rtl2" xmltv_id="RTL2">RTL2</channel>
    <channel update="i" site="tvinfo.de" site_id="/tv-programm/srtl" xmltv_id="SRTL">SRTL</channel>
    <channel update="i" site="tvinfo.de" site_id="/tv-programm/tele-5" xmltv_id="Tele 5">Tele 5</channel>
    <channel update="i" site="tvinfo.de" site_id="/tv-programm/dmax" xmltv_id="DMAX">DMAX</channel>
    <channel update="i" site="tvinfo.de" site_id="/tv-programm/pro7-maxx" xmltv_id="ProSieben MAXX">ProSieben MAXX</channel>
    <channel update="i" site="tvinfo.de" site_id="/tv-programm/rtl-nitro" xmltv_id="RTL Nitro">RTL Nitro</channel>
    <channel update="i" site="tvinfo.de" site_id="/tv-programm/sixx" xmltv_id="sixx">sixx</channel>
    <channel update="i" site="tvinfo.de" site_id="/tv-programm/n24" xmltv_id="N24">N24</channel>
    <channel update="i" site="tvinfo.de" site_id="/tv-programm/n-tv" xmltv_id="n-tv">n-tv</channel>
    <channel update="i" site="tvinfo.de" site_id="/tv-programm/zdfneo" xmltv_id="ZDFneo">ZDFneo</channel>
    <channel update="i" site="tvinfo.de" site_id="/tv-programm/einsplus" xmltv_id="EinsPlus">EinsPlus</channel>
    <channel update="i" site="tvinfo.de" site_id="/tv-programm/einsfestival" xmltv_id="EinsFestival">EinsFestival</channel>
    <channel update="i" site="tvinfo.de" site_id="/tv-programm/zdfkultur" xmltv_id="ZDF Kultur">ZDF Kultur</channel>
    <channel update="i" site="tvinfo.de" site_id="/tv-programm/ard-alpha" xmltv_id="ARD-alpha">ARD-alpha</channel>
    <channel update="i" site="tvinfo.de" site_id="/tv-programm/phoenix" xmltv_id="Phoenix">Phoenix</channel>
    <channel update="i" site="tvinfo.de" site_id="/tv-programm/zdfinfokanal" xmltv_id="ZDFinfokanal">ZDFinfokanal</channel>
    <channel update="i" site="tvinfo.de" site_id="/tv-programm/sport1" xmltv_id="Sport1">Sport1</channel>
    <channel update="i" site="tvinfo.de" site_id="/tv-programm/eurosport" xmltv_id="Eurosport">Eurosport</channel>
    <channel update="i" site="tvinfo.de" site_id="/tv-programm/sat1gold" xmltv_id="Sat1 Gold">Sat1 Gold</channel>
    <channel update="i" site="tvinfo.de" site_id="/tv-programm/ki.ka" xmltv_id="Ki.Ka">Ki.Ka</channel>
    <channel update="i" site="tvinfo.de" site_id="/tv-programm/wdr" xmltv_id="WDR">WDR</channel>
    <channel update="i" site="tvinfo.de" site_id="/tv-programm/ndr" xmltv_id="NDR">NDR</channel>
    <channel update="i" site="tvinfo.de" site_id="/tv-programm/swr" xmltv_id="SWR">SWR</channel>
    <channel update="i" site="tvinfo.de" site_id="/tv-programm/br" xmltv_id="BR">BR</channel>
    <channel update="i" site="tvinfo.de" site_id="/tv-programm/hr" xmltv_id="HR">HR</channel>
    <channel update="i" site="tvinfo.de" site_id="/tv-programm/mdr" xmltv_id="MDR">MDR</channel>
    <channel update="i" site="tvinfo.de" site_id="/tv-programm/rbb" xmltv_id="RBB">RBB</channel>
  </channels>
</site>