﻿<?xml version="1.0" encoding="UTF-8"?>
<site generator-info-name="WebGrab+Plus/w MDB &amp; REX Postprocess -- version V2.1.5 -- Jan van Straaten" site="tvtoday.de">
  <channels>
    <channel update="i" site="tvtoday.de" site_id="0" xmltv_id="Das Erste">Das Erste</channel>
    <channel update="i" site="tvtoday.de" site_id="1" xmltv_id="ZDF">ZDF</channel>
    <channel update="i" site="tvtoday.de" site_id="2" xmltv_id="RTL">RTL</channel>
    <channel update="i" site="tvtoday.de" site_id="3" xmltv_id="SAT.1">SAT.1</channel>
    <channel update="i" site="tvtoday.de" site_id="4" xmltv_id="ProSieben">ProSieben</channel>
    <channel update="i" site="tvtoday.de" site_id="5" xmltv_id="kabel eins">kabel eins</channel>
    <channel update="i" site="tvtoday.de" site_id="6" xmltv_id="RTL II">RTL II</channel>
    <channel update="i" site="tvtoday.de" site_id="7" xmltv_id="VOX">VOX</channel>
    <channel update="i" site="tvtoday.de" site_id="8" xmltv_id="3sat">3sat</channel>
    <channel update="i" site="tvtoday.de" site_id="9" xmltv_id="ARTE">ARTE</channel>
    <channel update="i" site="tvtoday.de" site_id="10" xmltv_id="ZDFneo">ZDFneo</channel>
    <channel update="i" site="tvtoday.de" site_id="11" xmltv_id="ONE">ONE</channel>
    <channel update="i" site="tvtoday.de" site_id="12" xmltv_id="sixx">sixx</channel>
    <channel update="i" site="tvtoday.de" site_id="13" xmltv_id="DMAX">DMAX</channel>
    <channel update="i" site="tvtoday.de" site_id="14" xmltv_id="TELE 5">TELE 5</channel>
    <channel update="i" site="tvtoday.de" site_id="15" xmltv_id="ServusTV Deutschland">ServusTV Deutschland</channel>
    <channel update="i" site="tvtoday.de" site_id="16" xmltv_id="ProSieben MAXX">ProSieben MAXX</channel>
    <channel update="i" site="tvtoday.de" site_id="17" xmltv_id="NITRO">NITRO</channel>
    <channel update="i" site="tvtoday.de" site_id="18" xmltv_id="RTLplus">RTLplus</channel>
    <channel update="i" site="tvtoday.de" site_id="19" xmltv_id="SAT.1 Gold">SAT.1 Gold</channel>
    <channel update="i" site="tvtoday.de" site_id="20" xmltv_id="Zee.One">Zee.One</channel>
    <channel update="i" site="tvtoday.de" site_id="21" xmltv_id="COMEDY CENTRAL">COMEDY CENTRAL</channel>
    <channel update="i" site="tvtoday.de" site_id="22" xmltv_id="NDR">NDR</channel>
    <channel update="i" site="tvtoday.de" site_id="23" xmltv_id="WDR">WDR</channel>
    <channel update="i" site="tvtoday.de" site_id="24" xmltv_id="BR">BR</channel>
    <channel update="i" site="tvtoday.de" site_id="25" xmltv_id="SWR/SR">SWR/SR</channel>
    <channel update="i" site="tvtoday.de" site_id="26" xmltv_id="HR">HR</channel>
    <channel update="i" site="tvtoday.de" site_id="27" xmltv_id="MDR">MDR</channel>
    <channel update="i" site="tvtoday.de" site_id="28" xmltv_id="RBB">RBB</channel>
    <channel update="i" site="tvtoday.de" site_id="29" xmltv_id="SPORT1">SPORT1</channel>
    <channel update="i" site="tvtoday.de" site_id="30" xmltv_id="SPORT1+">SPORT1+</channel>
    <channel update="i" site="tvtoday.de" site_id="31" xmltv_id="SPORT1 US">SPORT1 US</channel>
    <channel update="i" site="tvtoday.de" site_id="32" xmltv_id="Eurosport 1">Eurosport 1</channel>
    <channel update="i" site="tvtoday.de" site_id="33" xmltv_id="Eurosport 2">Eurosport 2</channel>
    <channel update="i" site="tvtoday.de" site_id="34" xmltv_id="DAZN">DAZN</channel>
    <channel update="i" site="tvtoday.de" site_id="35" xmltv_id="Sky Sport News HD">Sky Sport News HD</channel>
    <channel update="i" site="tvtoday.de" site_id="36" xmltv_id="Sky Sport HD 1">Sky Sport HD 1</channel>
    <channel update="i" site="tvtoday.de" site_id="37" xmltv_id="Sky Sport HD 2">Sky Sport HD 2</channel>
    <channel update="i" site="tvtoday.de" site_id="38" xmltv_id="SKY Sport UHD">SKY Sport UHD</channel>
    <channel update="i" site="tvtoday.de" site_id="39" xmltv_id="EXTREME SPORTS">EXTREME SPORTS</channel>
    <channel update="i" site="tvtoday.de" site_id="40" xmltv_id="Sky Sport Austria">Sky Sport Austria</channel>
    <channel update="i" site="tvtoday.de" site_id="165" xmltv_id="Disney Cinemagic">Disney Cinemagic</channel>
    <channel update="i" site="tvtoday.de" site_id="166" xmltv_id="13TH STREET">13TH STREET</channel>
    <channel update="i" site="tvtoday.de" site_id="167" xmltv_id="Beate-Uhse.TV">Beate-Uhse.TV</channel>
    <channel update="i" site="tvtoday.de" site_id="168" xmltv_id="FOX">FOX</channel>
    <channel update="i" site="tvtoday.de" site_id="169" xmltv_id="kabel eins CLASSICS">kabel eins CLASSICS</channel>
    <channel update="i" site="tvtoday.de" site_id="170" xmltv_id="RTL Passion">RTL Passion</channel>
    <channel update="i" site="tvtoday.de" site_id="171" xmltv_id="ProSieben Fun">ProSieben Fun</channel>
    <channel update="i" site="tvtoday.de" site_id="172" xmltv_id="RTL Crime">RTL Crime</channel>
    <channel update="i" site="tvtoday.de" site_id="173" xmltv_id="Syfy">Syfy</channel>
    <channel update="i" site="tvtoday.de" site_id="174" xmltv_id="KinoweltTV">KinoweltTV</channel>
    <channel update="i" site="tvtoday.de" site_id="175" xmltv_id="TNT Comedy">TNT Comedy</channel>
    <channel update="i" site="tvtoday.de" site_id="176" xmltv_id="TNT Film">TNT Film</channel>
    <channel update="i" site="tvtoday.de" site_id="177" xmltv_id="TNT Serie">TNT Serie</channel>
    <channel update="i" site="tvtoday.de" site_id="178" xmltv_id="Motorvision TV">Motorvision TV</channel>
    <channel update="i" site="tvtoday.de" site_id="179" xmltv_id="Romance TV">Romance TV</channel>
    <channel update="i" site="tvtoday.de" site_id="180" xmltv_id="RTL Living">RTL Living</channel>
    <channel update="i" site="tvtoday.de" site_id="181" xmltv_id="Universal Channel HD">Universal Channel HD</channel>
    <channel update="i" site="tvtoday.de" site_id="182" xmltv_id="Blue Movie">Blue Movie</channel>
    <channel update="i" site="tvtoday.de" site_id="183" xmltv_id="Blue Movie 2">Blue Movie 2</channel>
    <channel update="i" site="tvtoday.de" site_id="184" xmltv_id="Blue Movie 3">Blue Movie 3</channel>
    <channel update="i" site="tvtoday.de" site_id="185" xmltv_id="Adult Channel">Adult Channel</channel>
    <channel update="i" site="tvtoday.de" site_id="186" xmltv_id="AXN">AXN</channel>
    <channel update="i" site="tvtoday.de" site_id="187" xmltv_id="BBC Entertainm.">BBC Entertainm.</channel>
    <channel update="i" site="tvtoday.de" site_id="188" xmltv_id="BonGusto">BonGusto</channel>
    <channel update="i" site="tvtoday.de" site_id="189" xmltv_id="Classica">Classica</channel>
    <channel update="i" site="tvtoday.de" site_id="190" xmltv_id="Wetter.com TV">Wetter.com TV</channel>
    <channel update="i" site="tvtoday.de" site_id="191" xmltv_id="Fashion TV">Fashion TV</channel>
    <channel update="i" site="tvtoday.de" site_id="192" xmltv_id="GoldStar TV">GoldStar TV</channel>
    <channel update="i" site="tvtoday.de" site_id="193" xmltv_id="Gute Laune TV">Gute Laune TV</channel>
    <channel update="i" site="tvtoday.de" site_id="194" xmltv_id="Jukebox">Jukebox</channel>
    <channel update="i" site="tvtoday.de" site_id="195" xmltv_id="LUST PUR">LUST PUR</channel>
    <channel update="i" site="tvtoday.de" site_id="196" xmltv_id="Mezzo">Mezzo</channel>
    <channel update="i" site="tvtoday.de" site_id="197" xmltv_id="Motors TV">Motors TV</channel>
    <channel update="i" site="tvtoday.de" site_id="198" xmltv_id="Nautical Channel">Nautical Channel</channel>
    <channel update="i" site="tvtoday.de" site_id="199" xmltv_id="NOW US">NOW US</channel>
    <channel update="i" site="tvtoday.de" site_id="200" xmltv_id="Playboy TV">Playboy TV</channel>
    <channel update="i" site="tvtoday.de" site_id="201" xmltv_id="RCK TV">RCK TV</channel>
    <channel update="i" site="tvtoday.de" site_id="202" xmltv_id="SAT.1 emotions">SAT.1 emotions</channel>
    <channel update="i" site="tvtoday.de" site_id="203" xmltv_id="Silverline">Silverline</channel>
    <channel update="i" site="tvtoday.de" site_id="204" xmltv_id="Sony Channel">Sony Channel</channel>
    <channel update="i" site="tvtoday.de" site_id="205" xmltv_id="Trace TV">Trace TV</channel>
    <channel update="i" site="tvtoday.de" site_id="125" xmltv_id="NAT GEO WILD">NAT GEO WILD</channel>
    <channel update="i" site="tvtoday.de" site_id="126" xmltv_id="PLANET">PLANET</channel>
    <channel update="i" site="tvtoday.de" site_id="127" xmltv_id="SPIEGEL TV WISSEN">SPIEGEL TV WISSEN</channel>
    <channel update="i" site="tvtoday.de" site_id="128" xmltv_id="SPIEGEL Geschichte">SPIEGEL Geschichte</channel>
    <channel update="i" site="tvtoday.de" site_id="129" xmltv_id="TLC">TLC</channel>
    <channel update="i" site="tvtoday.de" site_id="130" xmltv_id="Travel Channel">Travel Channel</channel>
    <channel update="i" site="tvtoday.de" site_id="131" xmltv_id="travelxp 4K">travelxp 4K</channel>
    <channel update="i" site="tvtoday.de" site_id="132" xmltv_id="Welt der Wunder">Welt der Wunder</channel>
    <channel update="i" site="tvtoday.de" site_id="133" xmltv_id="123.tv">123.tv</channel>
    <channel update="i" site="tvtoday.de" site_id="134" xmltv_id="Channel21">Channel21</channel>
    <channel update="i" site="tvtoday.de" site_id="135" xmltv_id="freenet SHOPPING">freenet SHOPPING</channel>
    <channel update="i" site="tvtoday.de" site_id="136" xmltv_id="HSE24">HSE24</channel>
    <channel update="i" site="tvtoday.de" site_id="137" xmltv_id="QVC">QVC</channel>
    <channel update="i" site="tvtoday.de" site_id="138" xmltv_id="QVC Beauty &amp; Style">QVC Beauty &amp; Style</channel>
    <channel update="i" site="tvtoday.de" site_id="139" xmltv_id="QVC2">QVC2</channel>
    <channel update="i" site="tvtoday.de" site_id="140" xmltv_id="sonnenklar.TV">sonnenklar.TV</channel>
    <channel update="i" site="tvtoday.de" site_id="141" xmltv_id="Belgien 1">Belgien 1</channel>
    <channel update="i" site="tvtoday.de" site_id="142" xmltv_id="DR1">DR1</channel>
    <channel update="i" site="tvtoday.de" site_id="143" xmltv_id="NL 1">NL 1</channel>
    <channel update="i" site="tvtoday.de" site_id="144" xmltv_id="NL 2">NL 2</channel>
    <channel update="i" site="tvtoday.de" site_id="145" xmltv_id="NL 3">NL 3</channel>
    <channel update="i" site="tvtoday.de" site_id="146" xmltv_id="TV2">TV2</channel>
    <channel update="i" site="tvtoday.de" site_id="147" xmltv_id="TV5 Monde">TV5 Monde</channel>
    <channel update="i" site="tvtoday.de" site_id="148" xmltv_id="Sky Cinema">Sky Cinema</channel>
    <channel update="i" site="tvtoday.de" site_id="149" xmltv_id="Sky Cinema+1">Sky Cinema+1</channel>
    <channel update="i" site="tvtoday.de" site_id="150" xmltv_id="Sky Cinema+24">Sky Cinema+24</channel>
    <channel update="i" site="tvtoday.de" site_id="151" xmltv_id="Sky Action">Sky Action</channel>
    <channel update="i" site="tvtoday.de" site_id="152" xmltv_id="Sky 1">Sky 1</channel>
    <channel update="i" site="tvtoday.de" site_id="153" xmltv_id="SKY Arts HD">SKY Arts HD</channel>
    <channel update="i" site="tvtoday.de" site_id="154" xmltv_id="Sky Atlantic HD">Sky Atlantic HD</channel>
    <channel update="i" site="tvtoday.de" site_id="155" xmltv_id="Sky Comedy">Sky Comedy</channel>
    <channel update="i" site="tvtoday.de" site_id="156" xmltv_id="Sky Emotion">Sky Emotion</channel>
    <channel update="i" site="tvtoday.de" site_id="157" xmltv_id="Sky Family">Sky Family</channel>
    <channel update="i" site="tvtoday.de" site_id="158" xmltv_id="Sky Cinema Hits HD">Sky Cinema Hits HD</channel>
    <channel update="i" site="tvtoday.de" site_id="159" xmltv_id="Sky Nostalgie">Sky Nostalgie</channel>
    <channel update="i" site="tvtoday.de" site_id="160" xmltv_id="Sky Select">Sky Select</channel>
    <channel update="i" site="tvtoday.de" site_id="161" xmltv_id="Sky Krimi">Sky Krimi</channel>
    <channel update="i" site="tvtoday.de" site_id="162" xmltv_id="E! Entertainm.">E! Entertainm.</channel>
    <channel update="i" site="tvtoday.de" site_id="163" xmltv_id="HISTORY HD">HISTORY HD</channel>
    <channel update="i" site="tvtoday.de" site_id="164" xmltv_id="Heimatkanal">Heimatkanal</channel>
	</channels>
</site>