﻿<?xml version="1.0" encoding="UTF-8"?>
<site generator-info-name="WebGrab+Plus/w MDB &amp; REX Postprocess -- version V2.1.11.1 -- Jan van Straaten" site="tvtv.de">
  <channels>
    <channel update="i" site="tvtv.de.EK" site_id="ard" xmltv_id="Das Erste">Das Erste</channel>
    <channel update="i" site="tvtv.de.EK" site_id="zdf" xmltv_id="ZDF">ZDF</channel>
    <channel update="i" site="tvtv.de.EK" site_id="rtl" xmltv_id="RTL">RTL</channel>
    <channel update="i" site="tvtv.de.EK" site_id="pro7" xmltv_id="Pro Sieben">Pro Sieben</channel>
    <channel update="i" site="tvtv.de.EK" site_id="sat1" xmltv_id="Sat.1">Sat.1</channel>
    <channel update="i" site="tvtv.de.EK" site_id="vox" xmltv_id="Vox">Vox</channel>
    <channel update="i" site="tvtv.de.EK" site_id="arte" xmltv_id="arte">arte</channel>
    <channel update="i" site="tvtv.de.EK" site_id="3sat" xmltv_id="3 Sat">3 Sat</channel>
    <channel update="i" site="tvtv.de.EK" site_id="rtl2" xmltv_id="RTL 2">RTL 2</channel>
    <channel update="i" site="tvtv.de.EK" site_id="kab" xmltv_id="Kabel 1">Kabel 1</channel>
    <channel update="i" site="tvtv.de.EK" site_id="tl5" xmltv_id="Tele 5">Tele 5</channel>
    <channel update="i" site="tvtv.de.EK" site_id="super" xmltv_id="Super RTL">Super RTL</channel>
    <channel update="i" site="tvtv.de.EK" site_id="dsrv" xmltv_id="ServusTV">ServusTV</channel>
    <channel update="i" site="tvtv.de.EK" site_id="wdr" xmltv_id="WDR Fernsehen">WDR Fernsehen</channel>
    <channel update="i" site="tvtv.de.EK" site_id="ba3" xmltv_id="BR Fernsehen">BR Fernsehen</channel>
    <channel update="i" site="tvtv.de.EK" site_id="no3" xmltv_id="NDR Fernsehen">NDR Fernsehen</channel>
    <channel update="i" site="tvtv.de.EK" site_id="hr3" xmltv_id="hr-fernsehen">hr-fernsehen</channel>
    <channel update="i" site="tvtv.de.EK" site_id="s3" xmltv_id="SWR">SWR</channel>
    <channel update="i" site="tvtv.de.EK" site_id="mdr" xmltv_id="MDR">MDR</channel>
    <channel update="i" site="tvtv.de.EK" site_id="rbb" xmltv_id="RBB Fernsehen">RBB Fernsehen</channel>
    <channel update="i" site="tvtv.de.EK" site_id="rnf" xmltv_id="RNFplus">RNFplus</channel>
    <channel update="i" site="tvtv.de.EK" site_id="hh1" xmltv_id="Hamburg 1">Hamburg 1</channel>
    <channel update="i" site="tvtv.de.EK" site_id="tvb" xmltv_id="TV Berlin">TV Berlin</channel>
    <channel update="i" site="tvtv.de.EK" site_id="mut" xmltv_id="München TV">München TV</channel>
    <channel update="i" site="tvtv.de.EK" site_id="rmt" xmltv_id="Rheinmain TV">Rheinmain TV</channel>
    <channel update="i" site="tvtv.de.EK" site_id="kka" xmltv_id="Kinderkanal">Kinderkanal</channel>
    <channel update="i" site="tvtv.de.EK" site_id="fes" xmltv_id="ONE">ONE</channel>
    <channel update="i" site="tvtv.de.EK" site_id="zdneo" xmltv_id="ZDFneo">ZDFneo</channel>
    <channel update="i" site="tvtv.de.EK" site_id="phx" xmltv_id="Phoenix">Phoenix</channel>
    <channel update="i" site="tvtv.de.EK" site_id="ext" xmltv_id="tagesschau 24">tagesschau 24</channel>
    <channel update="i" site="tvtv.de.EK" site_id="alp" xmltv_id="ARD-alpha">ARD-alpha</channel>
    <channel update="i" site="tvtv.de.EK" site_id="zdi" xmltv_id="ZDFinfo">ZDFinfo</channel>
    <channel update="i" site="tvtv.de.EK" site_id="sixx" xmltv_id="sixx">sixx</channel>
    <channel update="i" site="tvtv.de.EK" site_id="dmax" xmltv_id="DMAX">DMAX</channel>
    <channel update="i" site="tvtv.de.EK" site_id="rtln" xmltv_id="Nitro">Nitro</channel>
    <channel update="i" site="tvtv.de.EK" site_id="rtpl" xmltv_id="RTL plus">RTL plus</channel>
    <channel update="i" site="tvtv.de.EK" site_id="pr7m" xmltv_id="ProSieben Maxx">ProSieben Maxx</channel>
    <channel update="i" site="tvtv.de.EK" site_id="satg" xmltv_id="Sat.1 Gold">Sat.1 Gold</channel>
    <channel update="i" site="tvtv.de.EK" site_id="voxu" xmltv_id="VOXup">VOXup</channel>
    <channel update="i" site="tvtv.de.EK" site_id="dsf" xmltv_id="Sport1">Sport1</channel>
    <channel update="i" site="tvtv.de.EK" site_id="euro" xmltv_id="Eurosport">Eurosport</channel>
    <channel update="i" site="tvtv.de.EK" site_id="nick" xmltv_id="nick/MTV+">nick/MTV+</channel>
    <channel update="i" site="tvtv.de.EK" site_id="dic" xmltv_id="Disney Channel">Disney Channel</channel>
    <channel update="i" site="tvtv.de.EK" site_id="rtgp" xmltv_id="Toggo+">Toggo+</channel>
    <channel update="i" site="tvtv.de.EK" site_id="coce" xmltv_id="Comedy Central">Comedy Central</channel>
    <channel update="i" site="tvtv.de.EK" site_id="anixe" xmltv_id="Anixe HD">Anixe HD</channel>
    <channel update="i" site="tvtv.de.EK" site_id="tlcd" xmltv_id="TLC">TLC</channel>
    <channel update="i" site="tvtv.de.EK" site_id="zeon" xmltv_id="Zee One">Zee One</channel>
    <channel update="i" site="tvtv.de.EK" site_id="qvc" xmltv_id="QVC Deutschland">QVC Deutschland</channel>
    <channel update="i" site="tvtv.de.EK" site_id="hot" xmltv_id="HSE24">HSE24</channel>
    <channel update="i" site="tvtv.de.EK" site_id="bib" xmltv_id="Bibel TV">Bibel TV</channel>
    <channel update="i" site="tvtv.de.EK" site_id="sonne" xmltv_id="sonnenklar.TV">sonnenklar.TV</channel>
    <channel update="i" site="tvtv.de.EK" site_id="n24" xmltv_id="WELT">WELT</channel>
    <channel update="i" site="tvtv.de.EK" site_id="n24d" xmltv_id="N24 Doku">N24 Doku</channel>
    <channel update="i" site="tvtv.de.EK" site_id="ntv" xmltv_id="N-TV">N-TV</channel>
    <channel update="i" site="tvtv.de.EK" site_id="ka1d" xmltv_id="Kabel 1 Doku">Kabel 1 Doku</channel>
    <channel update="i" site="tvtv.de.EK" site_id="gsk1" xmltv_id="Sky 1">Sky 1</channel>
    <channel update="i" site="tvtv.de.EK" site_id="skyat" xmltv_id="SKY Atlantic HD">SKY Atlantic HD</channel>
    <channel update="i" site="tvtv.de.EK" site_id="skyc" xmltv_id="Sky Cinema">Sky Cinema</channel>
    <channel update="i" site="tvtv.de.EK" site_id="skyc1" xmltv_id="Sky Cinema +1">Sky Cinema +1</channel>
    <channel update="i" site="tvtv.de.EK" site_id="skyc2" xmltv_id="Sky Cinema +24">Sky Cinema +24</channel>
    <channel update="i" site="tvtv.de.EK" site_id="skyf" xmltv_id="Sky Cinema Family">Sky Cinema Family</channel>
    <channel update="i" site="tvtv.de.EK" site_id="skych" xmltv_id="Sky Cinema Hits">Sky Cinema Hits</channel>
    <channel update="i" site="tvtv.de.EK" site_id="skya" xmltv_id="Sky Action">Sky Action</channel>
    <channel update="i" site="tvtv.de.EK" site_id="skyco" xmltv_id="Sky Comedy">Sky Comedy</channel>
    <channel update="i" site="tvtv.de.EK" site_id="skye" xmltv_id="Sky Emotion">Sky Emotion</channel>
    <channel update="i" site="tvtv.de.EK" site_id="scsp" xmltv_id="Sky Cinema Special HD">Sky Cinema Special HD</channel>
    <channel update="i" site="tvtv.de.EK" site_id="skyk" xmltv_id="Sky Krimi">Sky Krimi</channel>
    <channel update="i" site="tvtv.de.EK" site_id="skyn" xmltv_id="Sky Nostalgie">Sky Nostalgie</channel>
    <channel update="i" site="tvtv.de.EK" site_id="sts" xmltv_id="Sky 13TH Street">Sky 13TH Street</channel>
    <channel update="i" site="tvtv.de.EK" site_id="pcf" xmltv_id="Sky Syfy">Sky Syfy</channel>
    <channel update="i" site="tvtv.de.EK" site_id="fox" xmltv_id="Sky FOX">Sky FOX</channel>
    <channel update="i" site="tvtv.de.EK" site_id="tnt" xmltv_id="TNT Serie">TNT Serie</channel>
    <channel update="i" site="tvtv.de.EK" site_id="tntc" xmltv_id="TNT Comedy">TNT Comedy</channel>
    <channel update="i" site="tvtv.de.EK" site_id="tcm" xmltv_id="TNT Film">TNT Film</channel>
    <channel update="i" site="tvtv.de.EK" site_id="tuc" xmltv_id="Universal Channel">Universal Channel</channel>
    <channel update="i" site="tvtv.de.EK" site_id="dis" xmltv_id="Discovery Channel">Discovery Channel</channel>
    <channel update="i" site="tvtv.de.EK" site_id="pap" xmltv_id="Animal Planet">Animal Planet</channel>
    <channel update="i" site="tvtv.de.EK" site_id="ngeo" xmltv_id="National Geographic">National Geographic</channel>
    <channel update="i" site="tvtv.de.EK" site_id="ngwi" xmltv_id="National Geographic Wildlife">National Geographic Wildlife</channel>
    <channel update="i" site="tvtv.de.EK" site_id="his" xmltv_id="History Channel">History Channel</channel>
    <channel update="i" site="tvtv.de.EK" site_id="sil" xmltv_id="Silverline">Silverline</channel>
    <channel update="i" site="tvtv.de.EK" site_id="kino" xmltv_id="Kinowelt.tv">Kinowelt.tv</channel>
    <channel update="i" site="tvtv.de.EK" site_id="axn" xmltv_id="AXN">AXN</channel>
    <channel update="i" site="tvtv.de.EK" site_id="sp1p" xmltv_id="Sport1 Plus">Sport1 Plus</channel>
    <channel update="i" site="tvtv.de.EK" site_id="spohd" xmltv_id="Sky Sport HD">Sky Sport HD</channel>
    <channel update="i" site="tvtv.de.EK" site_id="skys1" xmltv_id="Sky Sport 1">Sky Sport 1</channel>
    <channel update="i" site="tvtv.de.EK" site_id="skys2" xmltv_id="Sky Sport 2">Sky Sport 2</channel>
    <channel update="i" site="tvtv.de.EK" site_id="skybu" xmltv_id="Sky Fussball Bundesliga">Sky Fussball Bundesliga</channel>
    <channel update="i" site="tvtv.de.EK" site_id="euro2" xmltv_id="Eurosport 2">Eurosport 2</channel>
    <channel update="i" site="tvtv.de.EK" site_id="skysa" xmltv_id="Sky Sport Austria">Sky Sport Austria</channel>
    <channel update="i" site="tvtv.de.EK" site_id="movi" xmltv_id="Motorvision">Motorvision</channel>
    <channel update="i" site="tvtv.de.EK" site_id="pldi" xmltv_id="Disney Junior">Disney Junior</channel>
    <channel update="i" site="tvtv.de.EK" site_id="dixd" xmltv_id="Disney XD">Disney XD</channel>
    <channel update="i" site="tvtv.de.EK" site_id="jun" xmltv_id="Sky Junior">Sky Junior</channel>
    <channel update="i" site="tvtv.de.EK" site_id="sate" xmltv_id="Sat.1 Emotions">Sat.1 Emotions</channel>
    <channel update="i" site="tvtv.de.EK" site_id="kacl" xmltv_id="Kabel 1 Classics">Kabel 1 Classics</channel>
    <channel update="i" site="tvtv.de.EK" site_id="roma" xmltv_id="Romance TV">Romance TV</channel>
    <channel update="i" site="tvtv.de.EK" site_id="rtlp" xmltv_id="RTL Passion">RTL Passion</channel>
    <channel update="i" site="tvtv.de.EK" site_id="rtlc" xmltv_id="RTL Crime">RTL Crime</channel>
    <channel update="i" site="tvtv.de.EK" site_id="pr7f" xmltv_id="Pro7Fun">Pro7Fun</channel>
    <channel update="i" site="tvtv.de.EK" site_id="bogu" xmltv_id="BonGusto">BonGusto</channel>
    <channel update="i" site="tvtv.de.EK" site_id="mtv" xmltv_id="MTV">MTV</channel>
    <channel update="i" site="tvtv.de.EK" site_id="hek" xmltv_id="Sky Heimatkanal">Sky Heimatkanal</channel>
    <channel update="i" site="tvtv.de.EK" site_id="gst" xmltv_id="Sky GoldStar">Sky GoldStar</channel>
    <channel update="i" site="tvtv.de.EK" site_id="cla" xmltv_id="Sky Classica">Sky Classica</channel>
    <channel update="i" site="tvtv.de.EK" site_id="but" xmltv_id="Beate Uhse TV">Beate Uhse TV</channel>
    <channel update="i" site="tvtv.de.EK" site_id="bm1" xmltv_id="Blue Movie">Blue Movie</channel>
    <channel update="i" site="tvtv.de.EK" site_id="enw" xmltv_id="Euronews">Euronews</channel>
    <channel update="i" site="tvtv.de.EK" site_id="blo" xmltv_id="BLOOMBERG TV">BLOOMBERG TV</channel>
    <channel update="i" site="tvtv.de.EK" site_id="spge" xmltv_id="Spiegel Geschichte">Spiegel Geschichte</channel>
    <channel update="i" site="tvtv.de.EK" site_id="xxpd" xmltv_id="Spiegel TV Wissen">Spiegel TV Wissen</channel>
    <channel update="i" site="tvtv.de.EK" site_id="cnn" xmltv_id="CNN">CNN</channel>
    <channel update="i" site="tvtv.de.EK" site_id="cnb" xmltv_id="CNBC">CNBC</channel>
    <channel update="i" site="tvtv.de.EK" site_id="bb1" xmltv_id="BBC World">BBC World</channel>
    <channel update="i" site="tvtv.de.EK" site_id="bbce" xmltv_id="BBC entertainment">BBC entertainment</channel>
    <channel update="i" site="tvtv.de.EK" site_id="orf1" xmltv_id="ORF 1">ORF 1</channel>
    <channel update="i" site="tvtv.de.EK" site_id="orf2" xmltv_id="ORF 2">ORF 2</channel>
    <channel update="i" site="tvtv.de.EK" site_id="orf3" xmltv_id="ORF 3">ORF 3</channel>
    <channel update="i" site="tvtv.de.EK" site_id="orfsp" xmltv_id="ORF Sport+">ORF Sport+</channel>
    <channel update="i" site="tvtv.de.EK" site_id="atv" xmltv_id="ATV">ATV</channel>
    <channel update="i" site="tvtv.de.EK" site_id="atv2" xmltv_id="ATV 2">ATV 2</channel>
    <channel update="i" site="tvtv.de.EK" site_id="ptv" xmltv_id="Puls 4">Puls 4</channel>
    <channel update="i" site="tvtv.de.EK" site_id="okto" xmltv_id="OKTO">OKTO</channel>
    <channel update="i" site="tvtv.de.EK" site_id="got" xmltv_id="gotv">gotv</channel>
    <channel update="i" site="tvtv.de.EK" site_id="drs" xmltv_id="SRF 1">SRF 1</channel>
    <channel update="i" site="tvtv.de.EK" site_id="ch4" xmltv_id="SRF zwei">SRF zwei</channel>
    <channel update="i" site="tvtv.de.EK" site_id="t5f" xmltv_id="TV5 Monde Europe">TV5 Monde Europe</channel>
    <channel update="i" site="tvtv.de.EK" site_id="tf1" xmltv_id="France 1">France 1</channel>
    <channel update="i" site="tvtv.de.EK" site_id="an2" xmltv_id="France 2">France 2</channel>
    <channel update="i" site="tvtv.de.EK" site_id="fr3" xmltv_id="France 3">France 3</channel>
    <channel update="i" site="tvtv.de.EK" site_id="nl1" xmltv_id="Niederlande 1">Niederlande 1</channel>
    <channel update="i" site="tvtv.de.EK" site_id="nl2" xmltv_id="Niederlande 2">Niederlande 2</channel>
    <channel update="i" site="tvtv.de.EK" site_id="nl3" xmltv_id="Niederlande 3">Niederlande 3</channel>
    <channel update="i" site="tvtv.de.EK" site_id="dr1" xmltv_id="Dänemark 1">Dänemark 1</channel>
    <channel update="i" site="tvtv.de.EK" site_id="tv2" xmltv_id="TV 2">TV 2</channel>
    <channel update="i" site="tvtv.de.EK" site_id="tsr" xmltv_id="RTS Un (franz.)">RTS Un (franz.)</channel>
    <channel update="i" site="tvtv.de.EK" site_id="ts2" xmltv_id="RTS Deux (franz.)">RTS Deux (franz.)</channel>
  </channels>
</site>