<?xml version="1.0" encoding="UTF-8"?>
<site generator-info-name="WebGrab+Plus/w MDB &amp; REX Postprocess -- version V2.1.4 -- Jan van Straaten" site="mijn-tv-gids.be">
  <channels>
    <channel update="i" site="mijn-tv-gids.be" site_id="416" xmltv_id="11">11</channel>
    <channel update="i" site="mijn-tv-gids.be" site_id="74" xmltv_id="13EME RUE">13EME RUE</channel>
    <channel update="i" site="mijn-tv-gids.be" site_id="138" xmltv_id="AB MOTEURS">AB MOTEURS</channel>
    <channel update="i" site="mijn-tv-gids.be" site_id="14" xmltv_id="ARTE">ARTE</channel>
    <channel update="i" site="mijn-tv-gids.be" site_id="119" xmltv_id="BBC ENTERTAINMENT">BBC ENTERTAINMENT</channel>
    <channel update="i" site="mijn-tv-gids.be" site_id="129" xmltv_id="BBC1">BBC1</channel>
    <channel update="i" site="mijn-tv-gids.be" site_id="130" xmltv_id="BBC2">BBC2</channel>
    <channel update="i" site="mijn-tv-gids.be" site_id="269" xmltv_id="BOOMERANG">BOOMERANG</channel>
    <channel update="i" site="mijn-tv-gids.be" site_id="581" xmltv_id="CANVAS">CANVAS</channel>
    <channel update="i" site="mijn-tv-gids.be" site_id="93" xmltv_id="CARTOON NETWORK">CARTOON NETWORK</channel>
    <channel update="i" site="mijn-tv-gids.be" site_id="688" xmltv_id="CAZ">CAZ</channel>
    <channel update="i" site="mijn-tv-gids.be" site_id="67" xmltv_id="CLUB RTL">CLUB RTL</channel>
    <channel update="i" site="mijn-tv-gids.be" site_id="694" xmltv_id="CULTUUR 7">CULTUUR 7</channel>
    <channel update="i" site="mijn-tv-gids.be" site_id="292" xmltv_id="DISCOVERY CHANNEL">DISCOVERY CHANNEL</channel>
    <channel update="i" site="mijn-tv-gids.be" site_id="304" xmltv_id="E! ENTERTAINMENT">E! ENTERTAINMENT</channel>
    <channel update="i" site="mijn-tv-gids.be" site_id="313" xmltv_id="EEN">EEN</channel>
    <channel update="i" site="mijn-tv-gids.be" site_id="323" xmltv_id="EUROSPORT 2">EUROSPORT 2</channel>
    <channel update="i" site="mijn-tv-gids.be" site_id="618" xmltv_id="EUROSPORT NL">EUROSPORT NL</channel>
    <channel update="i" site="mijn-tv-gids.be" site_id="2" xmltv_id="FRANCE 2">FRANCE 2</channel>
    <channel update="i" site="mijn-tv-gids.be" site_id="3" xmltv_id="FRANCE 3">FRANCE 3</channel>
    <channel update="i" site="mijn-tv-gids.be" site_id="321" xmltv_id="FRANCE 4">FRANCE 4</channel>
    <channel update="i" site="mijn-tv-gids.be" site_id="69" xmltv_id="FRANCE 5">FRANCE 5</channel>
    <channel update="i" site="mijn-tv-gids.be" site_id="344" xmltv_id="FRANCE Ô">FRANCE Ô</channel>
    <channel update="i" site="mijn-tv-gids.be" site_id="164" xmltv_id="KETNET">KETNET</channel>
    <channel update="i" site="mijn-tv-gids.be" site_id="42" xmltv_id="LA DEUX">LA DEUX</channel>
    <channel update="i" site="mijn-tv-gids.be" site_id="717" xmltv_id="LA TROIS">LA TROIS</channel>
    <channel update="i" site="mijn-tv-gids.be" site_id="24" xmltv_id="LA UNE">LA UNE</channel>
    <channel update="i" site="mijn-tv-gids.be" site_id="86" xmltv_id="MEZZO">MEZZO</channel>
    <channel update="i" site="mijn-tv-gids.be" site_id="535" xmltv_id="MTV">MTV</channel>
    <channel update="i" site="mijn-tv-gids.be" site_id="539" xmltv_id="NATIONAL GEOGRAPHIC">NATIONAL GEOGRAPHIC</channel>
    <channel update="i" site="mijn-tv-gids.be" site_id="527" xmltv_id="NET 5">NET 5</channel>
    <channel update="i" site="mijn-tv-gids.be" site_id="528" xmltv_id="NICKELODEON">NICKELODEON</channel>
    <channel update="i" site="mijn-tv-gids.be" site_id="1167" xmltv_id="NJAM !">NJAM !</channel>
    <channel update="i" site="mijn-tv-gids.be" site_id="139" xmltv_id="NPO1">NPO1</channel>
    <channel update="i" site="mijn-tv-gids.be" site_id="140" xmltv_id="NPO2">NPO2</channel>
    <channel update="i" site="mijn-tv-gids.be" site_id="141" xmltv_id="NPO3">NPO3</channel>
    <channel update="i" site="mijn-tv-gids.be" site_id="1384" xmltv_id="PEBBLE TV">PEBBLE TV</channel>
    <channel update="i" site="mijn-tv-gids.be" site_id="258" xmltv_id="PLAYBOY TV">PLAYBOY TV</channel>
    <channel update="i" site="mijn-tv-gids.be" site_id="281" xmltv_id="PLUG RTL">PLUG RTL</channel>
    <channel update="i" site="mijn-tv-gids.be" site_id="536" xmltv_id="PRIME ACTION">PRIME ACTION</channel>
    <channel update="i" site="mijn-tv-gids.be" site_id="635" xmltv_id="PRIME FAMILY">PRIME FAMILY</channel>
    <channel update="i" site="mijn-tv-gids.be" site_id="636" xmltv_id="PRIME SERIE">PRIME SERIE</channel>
    <channel update="i" site="mijn-tv-gids.be" site_id="634" xmltv_id="PRIME STAR">PRIME STAR</channel>
    <channel update="i" site="mijn-tv-gids.be" site_id="467" xmltv_id="Q2">Q2</channel>
    <channel update="i" site="mijn-tv-gids.be" site_id="120" xmltv_id="RAI 1">RAI 1</channel>
    <channel update="i" site="mijn-tv-gids.be" site_id="41" xmltv_id="RTL">RTL</channel>
    <channel update="i" site="mijn-tv-gids.be" site_id="529" xmltv_id="RTL 4">RTL 4</channel>
    <channel update="i" site="mijn-tv-gids.be" site_id="530" xmltv_id="RTL 5">RTL 5</channel>
    <channel update="i" site="mijn-tv-gids.be" site_id="531" xmltv_id="RTL 7">RTL 7</channel>
    <channel update="i" site="mijn-tv-gids.be" site_id="532" xmltv_id="RTL 8">RTL 8</channel>
    <channel update="i" site="mijn-tv-gids.be" site_id="19" xmltv_id="RTL TVI">RTL TVI</channel>
    <channel update="i" site="mijn-tv-gids.be" site_id="533" xmltv_id="SBS 6">SBS 6</channel>
    <channel update="i" site="mijn-tv-gids.be" site_id="1168" xmltv_id="STUDIO100tv">STUDIO100tv</channel>
    <channel update="i" site="mijn-tv-gids.be" site_id="1" xmltv_id="TF1">TF1</channel>
    <channel update="i" site="mijn-tv-gids.be" site_id="845" xmltv_id="TRACE URBAN">TRACE URBAN</channel>
    <channel update="i" site="mijn-tv-gids.be" site_id="199" xmltv_id="TV BREIZH">TV BREIZH</channel>
    <channel update="i" site="mijn-tv-gids.be" site_id="150" xmltv_id="VIER">VIER</channel>
    <channel update="i" site="mijn-tv-gids.be" site_id="296" xmltv_id="VIJF">VIJF</channel>
    <channel update="i" site="mijn-tv-gids.be" site_id="541" xmltv_id="VITAYA">VITAYA</channel>
    <channel update="i" site="mijn-tv-gids.be" site_id="148" xmltv_id="VTM">VTM</channel>
    <channel update="i" site="mijn-tv-gids.be" site_id="1170" xmltv_id="VTM KZOOM">VTM KZOOM</channel>
    <channel update="i" site="mijn-tv-gids.be" site_id="1655" xmltv_id="ZES">ZES</channel>
    <channel update="i" site="mijn-tv-gids.be" site_id="416" xmltv_id="11">11</channel>
    <channel update="i" site="mijn-tv-gids.be" site_id="581" xmltv_id="CANVAS">CANVAS</channel>
    <channel update="i" site="mijn-tv-gids.be" site_id="93" xmltv_id="CARTOON NETWORK">CARTOON NETWORK</channel>
    <channel update="i" site="mijn-tv-gids.be" site_id="688" xmltv_id="CAZ">CAZ</channel>
    <channel update="i" site="mijn-tv-gids.be" site_id="694" xmltv_id="CULTUUR 7">CULTUUR 7</channel>
    <channel update="i" site="mijn-tv-gids.be" site_id="292" xmltv_id="DISCOVERY CHANNEL">DISCOVERY CHANNEL</channel>
    <channel update="i" site="mijn-tv-gids.be" site_id="313" xmltv_id="EEN">EEN</channel>
    <channel update="i" site="mijn-tv-gids.be" site_id="618" xmltv_id="EUROSPORT NL">EUROSPORT NL</channel>
    <channel update="i" site="mijn-tv-gids.be" site_id="164" xmltv_id="KETNET">KETNET</channel>
    <channel update="i" site="mijn-tv-gids.be" site_id="535" xmltv_id="MTV">MTV</channel>
    <channel update="i" site="mijn-tv-gids.be" site_id="539" xmltv_id="NATIONAL GEOGRAPHIC">NATIONAL GEOGRAPHIC</channel>
    <channel update="i" site="mijn-tv-gids.be" site_id="527" xmltv_id="NET 5">NET 5</channel>
    <channel update="i" site="mijn-tv-gids.be" site_id="528" xmltv_id="NICKELODEON">NICKELODEON</channel>
    <channel update="i" site="mijn-tv-gids.be" site_id="1167" xmltv_id="NJAM !">NJAM !</channel>
    <channel update="i" site="mijn-tv-gids.be" site_id="1384" xmltv_id="PEBBLE TV">PEBBLE TV</channel>
    <channel update="i" site="mijn-tv-gids.be" site_id="536" xmltv_id="PRIME ACTION">PRIME ACTION</channel>
    <channel update="i" site="mijn-tv-gids.be" site_id="635" xmltv_id="PRIME FAMILY">PRIME FAMILY</channel>
    <channel update="i" site="mijn-tv-gids.be" site_id="636" xmltv_id="PRIME SERIE">PRIME SERIE</channel>
    <channel update="i" site="mijn-tv-gids.be" site_id="634" xmltv_id="PRIME STAR">PRIME STAR</channel>
    <channel update="i" site="mijn-tv-gids.be" site_id="467" xmltv_id="Q2">Q2</channel>
    <channel update="i" site="mijn-tv-gids.be" site_id="41" xmltv_id="RTL">RTL</channel>
    <channel update="i" site="mijn-tv-gids.be" site_id="529" xmltv_id="RTL 4">RTL 4</channel>
    <channel update="i" site="mijn-tv-gids.be" site_id="530" xmltv_id="RTL 5">RTL 5</channel>
    <channel update="i" site="mijn-tv-gids.be" site_id="531" xmltv_id="RTL 7">RTL 7</channel>
    <channel update="i" site="mijn-tv-gids.be" site_id="532" xmltv_id="RTL 8">RTL 8</channel>
    <channel update="i" site="mijn-tv-gids.be" site_id="533" xmltv_id="SBS 6">SBS 6</channel>
    <channel update="i" site="mijn-tv-gids.be" site_id="1168" xmltv_id="STUDIO100tv">STUDIO100tv</channel>
    <channel update="i" site="mijn-tv-gids.be" site_id="150" xmltv_id="VIER">VIER</channel>
    <channel update="i" site="mijn-tv-gids.be" site_id="296" xmltv_id="VIJF">VIJF</channel>
    <channel update="i" site="mijn-tv-gids.be" site_id="541" xmltv_id="VITAYA">VITAYA</channel>
    <channel update="i" site="mijn-tv-gids.be" site_id="148" xmltv_id="VTM">VTM</channel>
    <channel update="i" site="mijn-tv-gids.be" site_id="1170" xmltv_id="VTM KZOOM">VTM KZOOM</channel>
    <channel update="i" site="mijn-tv-gids.be" site_id="1655" xmltv_id="ZES">ZES</channel>
    <channel update="i" site="mijn-tv-gids.be" site_id="74" xmltv_id="13EME RUE">13EME RUE</channel>
    <channel update="i" site="mijn-tv-gids.be" site_id="138" xmltv_id="AB MOTEURS">AB MOTEURS</channel>
    <channel update="i" site="mijn-tv-gids.be" site_id="14" xmltv_id="ARTE">ARTE</channel>
    <channel update="i" site="mijn-tv-gids.be" site_id="269" xmltv_id="BOOMERANG">BOOMERANG</channel>
    <channel update="i" site="mijn-tv-gids.be" site_id="67" xmltv_id="CLUB RTL">CLUB RTL</channel>
    <channel update="i" site="mijn-tv-gids.be" site_id="304" xmltv_id="E! ENTERTAINMENT">E! ENTERTAINMENT</channel>
    <channel update="i" site="mijn-tv-gids.be" site_id="83" xmltv_id="EUROSPORT">EUROSPORT</channel>
    <channel update="i" site="mijn-tv-gids.be" site_id="323" xmltv_id="EUROSPORT 2">EUROSPORT 2</channel>
    <channel update="i" site="mijn-tv-gids.be" site_id="2" xmltv_id="FRANCE 2">FRANCE 2</channel>
    <channel update="i" site="mijn-tv-gids.be" site_id="3" xmltv_id="FRANCE 3">FRANCE 3</channel>
    <channel update="i" site="mijn-tv-gids.be" site_id="321" xmltv_id="FRANCE 4">FRANCE 4</channel>
    <channel update="i" site="mijn-tv-gids.be" site_id="69" xmltv_id="FRANCE 5">FRANCE 5</channel>
    <channel update="i" site="mijn-tv-gids.be" site_id="344" xmltv_id="FRANCE Ô">FRANCE Ô</channel>
    <channel update="i" site="mijn-tv-gids.be" site_id="42" xmltv_id="LA DEUX">LA DEUX</channel>
    <channel update="i" site="mijn-tv-gids.be" site_id="717" xmltv_id="LA TROIS">LA TROIS</channel>
    <channel update="i" site="mijn-tv-gids.be" site_id="24" xmltv_id="LA UNE">LA UNE</channel>
    <channel update="i" site="mijn-tv-gids.be" site_id="86" xmltv_id="MEZZO">MEZZO</channel>
    <channel update="i" site="mijn-tv-gids.be" site_id="281" xmltv_id="PLUG RTL">PLUG RTL</channel>
    <channel update="i" site="mijn-tv-gids.be" site_id="19" xmltv_id="RTL TVI">RTL TVI</channel>
    <channel update="i" site="mijn-tv-gids.be" site_id="1" xmltv_id="TF1">TF1</channel>
    <channel update="i" site="mijn-tv-gids.be" site_id="845" xmltv_id="TRACE URBAN">TRACE URBAN</channel>
    <channel update="i" site="mijn-tv-gids.be" site_id="199" xmltv_id="TV BREIZH">TV BREIZH</channel>
  </channels>
</site>
