<?xml version="1.0" encoding="UTF-8"?>
<site generator-info-name="WebGrab+Plus/w MDB &amp; REX Postprocess -- version V2.1.4 -- Jan van Straaten" site="mon-programme-tv.be">
  <channels>
    <channel update="i" site="mon-programme-tv.be" site_id="416" xmltv_id="11">11</channel>
    <channel update="i" site="mon-programme-tv.be" site_id="74" xmltv_id="13EME RUE">13EME RUE</channel>
    <channel update="i" site="mon-programme-tv.be" site_id="138" xmltv_id="AB MOTEURS">AB MOTEURS</channel>
    <channel update="i" site="mon-programme-tv.be" site_id="229" xmltv_id="AB3">AB3</channel>
    <channel update="i" site="mon-programme-tv.be" site_id="253" xmltv_id="AB4">AB4</channel>
    <channel update="i" site="mon-programme-tv.be" site_id="63" xmltv_id="ACTION">ACTION</channel>
    <channel update="i" site="mon-programme-tv.be" site_id="1723" xmltv_id="ALTICE STUDIO">ALTICE STUDIO</channel>
    <channel update="i" site="mon-programme-tv.be" site_id="89" xmltv_id="ANIMAUX">ANIMAUX</channel>
    <channel update="i" site="mon-programme-tv.be" site_id="14" xmltv_id="ARTE">ARTE</channel>
    <channel update="i" site="mon-programme-tv.be" site_id="119" xmltv_id="BBC ENTERTAINMENT">BBC ENTERTAINMENT</channel>
    <channel update="i" site="mon-programme-tv.be" site_id="129" xmltv_id="BBC1">BBC1</channel>
    <channel update="i" site="mon-programme-tv.be" site_id="130" xmltv_id="BBC2">BBC2</channel>
    <channel update="i" site="mon-programme-tv.be" site_id="298" xmltv_id="BE 1">BE 1</channel>
    <channel update="i" site="mon-programme-tv.be" site_id="300" xmltv_id="BE CINE">BE CINE</channel>
    <channel update="i" site="mon-programme-tv.be" site_id="393" xmltv_id="BE SERIES">BE SERIES</channel>
    <channel update="i" site="mon-programme-tv.be" site_id="363" xmltv_id="BFM TV">BFM TV</channel>
    <channel update="i" site="mon-programme-tv.be" site_id="766" xmltv_id="BOING">BOING</channel>
    <channel update="i" site="mon-programme-tv.be" site_id="269" xmltv_id="BOOMERANG">BOOMERANG</channel>
    <channel update="i" site="mon-programme-tv.be" site_id="87" xmltv_id="CANAL J">CANAL J</channel>
    <channel update="i" site="mon-programme-tv.be" site_id="581" xmltv_id="CANVAS">CANVAS</channel>
    <channel update="i" site="mon-programme-tv.be" site_id="93" xmltv_id="CARTOON NETWORK">CARTOON NETWORK</channel>
    <channel update="i" site="mon-programme-tv.be" site_id="127" xmltv_id="CHASSE &amp; PECHE">CHASSE &amp; PECHE</channel>
    <channel update="i" site="mon-programme-tv.be" site_id="312" xmltv_id="CINE + CLASSIC BE">CINE + CLASSIC BE</channel>
    <channel update="i" site="mon-programme-tv.be" site_id="266" xmltv_id="CINE + FRISSON BE">CINE + FRISSON BE</channel>
    <channel update="i" site="mon-programme-tv.be" site_id="265" xmltv_id="CINE + PREMIER BE">CINE + PREMIER BE</channel>
    <channel update="i" site="mon-programme-tv.be" site_id="67" xmltv_id="CLUB RTL">CLUB RTL</channel>
    <channel update="i" site="mon-programme-tv.be" site_id="179" xmltv_id="CNEWS">CNEWS</channel>
    <channel update="i" site="mon-programme-tv.be" site_id="73" xmltv_id="COMEDIE +">COMEDIE +</channel>
    <channel update="i" site="mon-programme-tv.be" site_id="1033" xmltv_id="CSTAR">CSTAR</channel>
    <channel update="i" site="mon-programme-tv.be" site_id="292" xmltv_id="DISCOVERY CHANNEL">DISCOVERY CHANNEL</channel>
    <channel update="i" site="mon-programme-tv.be" site_id="64" xmltv_id="DISNEY CHANNEL">DISNEY CHANNEL</channel>
    <channel update="i" site="mon-programme-tv.be" site_id="1200" xmltv_id="DISNEY CINEMA">DISNEY CINEMA</channel>
    <channel update="i" site="mon-programme-tv.be" site_id="871" xmltv_id="DISNEY JUNIOR">DISNEY JUNIOR</channel>
    <channel update="i" site="mon-programme-tv.be" site_id="658" xmltv_id="DISNEY XD">DISNEY XD</channel>
    <channel update="i" site="mon-programme-tv.be" site_id="304" xmltv_id="E! ENTERTAINMENT">E! ENTERTAINMENT</channel>
    <channel update="i" site="mon-programme-tv.be" site_id="313" xmltv_id="EEN">EEN</channel>
    <channel update="i" site="mon-programme-tv.be" site_id="1376" xmltv_id="ELEVEN">ELEVEN</channel>
    <channel update="i" site="mon-programme-tv.be" site_id="1377" xmltv_id="ELEVEN SPORTS">ELEVEN SPORTS</channel>
    <channel update="i" site="mon-programme-tv.be" site_id="884" xmltv_id="EQUIDIA">EQUIDIA</channel>
    <channel update="i" site="mon-programme-tv.be" site_id="83" xmltv_id="EUROSPORT">EUROSPORT</channel>
    <channel update="i" site="mon-programme-tv.be" site_id="323" xmltv_id="EUROSPORT 2">EUROSPORT 2</channel>
    <channel update="i" site="mon-programme-tv.be" site_id="618" xmltv_id="EUROSPORT NL">EUROSPORT NL</channel>
    <channel update="i" site="mon-programme-tv.be" site_id="2" xmltv_id="FRANCE 2">FRANCE 2</channel>
    <channel update="i" site="mon-programme-tv.be" site_id="3" xmltv_id="FRANCE 3">FRANCE 3</channel>
    <channel update="i" site="mon-programme-tv.be" site_id="321" xmltv_id="FRANCE 4">FRANCE 4</channel>
    <channel update="i" site="mon-programme-tv.be" site_id="69" xmltv_id="FRANCE 5">FRANCE 5</channel>
    <channel update="i" site="mon-programme-tv.be" site_id="344" xmltv_id="FRANCE Ô">FRANCE Ô</channel>
    <channel update="i" site="mon-programme-tv.be" site_id="178" xmltv_id="GAME ONE">GAME ONE</channel>
    <channel update="i" site="mon-programme-tv.be" site_id="361" xmltv_id="GULLI">GULLI</channel>
    <channel update="i" site="mon-programme-tv.be" site_id="1045" xmltv_id="HD1">HD1</channel>
    <channel update="i" site="mon-programme-tv.be" site_id="79" xmltv_id="HISTOIRE">HISTOIRE</channel>
    <channel update="i" site="mon-programme-tv.be" site_id="180" xmltv_id="INFO SPORT">INFO SPORT</channel>
    <channel update="i" site="mon-programme-tv.be" site_id="685" xmltv_id="JUNE">JUNE</channel>
    <channel update="i" site="mon-programme-tv.be" site_id="164" xmltv_id="KETNET">KETNET</channel>
    <channel update="i" site="mon-programme-tv.be" site_id="42" xmltv_id="LA DEUX">LA DEUX</channel>
    <channel update="i" site="mon-programme-tv.be" site_id="717" xmltv_id="LA TROIS">LA TROIS</channel>
    <channel update="i" site="mon-programme-tv.be" site_id="24" xmltv_id="LA UNE">LA UNE</channel>
    <channel update="i" site="mon-programme-tv.be" site_id="155" xmltv_id="LCI">LCI</channel>
    <channel update="i" site="mon-programme-tv.be" site_id="13" xmltv_id="M6">M6</channel>
    <channel update="i" site="mon-programme-tv.be" site_id="115" xmltv_id="M6 MUSIC">M6 MUSIC</channel>
    <channel update="i" site="mon-programme-tv.be" site_id="88" xmltv_id="MANGAS">MANGAS</channel>
    <channel update="i" site="mon-programme-tv.be" site_id="584" xmltv_id="MCS">MCS</channel>
    <channel update="i" site="mon-programme-tv.be" site_id="381" xmltv_id="MELODY">MELODY</channel>
    <channel update="i" site="mon-programme-tv.be" site_id="86" xmltv_id="MEZZO">MEZZO</channel>
    <channel update="i" site="mon-programme-tv.be" site_id="96" xmltv_id="MTV">MTV</channel>
    <channel update="i" site="mon-programme-tv.be" site_id="411" xmltv_id="MTV IDOL">MTV IDOL</channel>
    <channel update="i" site="mon-programme-tv.be" site_id="410" xmltv_id="MTV PULSE">MTV PULSE</channel>
    <channel update="i" site="mon-programme-tv.be" site_id="228" xmltv_id="NATIONAL GEOGRAPHIC CHANNEL">NATIONAL GEOGRAPHIC CHANNEL</channel>
    <channel update="i" site="mon-programme-tv.be" site_id="637" xmltv_id="NATIONAL GEOGRAPHIC WILD">NATIONAL GEOGRAPHIC WILD</channel>
    <channel update="i" site="mon-programme-tv.be" site_id="911" xmltv_id="NAUTICAL CHANNEL">NAUTICAL CHANNEL</channel>
    <channel update="i" site="mon-programme-tv.be" site_id="377" xmltv_id="NICKELODEON">NICKELODEON</channel>
    <channel update="i" site="mon-programme-tv.be" site_id="1167" xmltv_id="NJAM !">NJAM !</channel>
    <channel update="i" site="mon-programme-tv.be" site_id="139" xmltv_id="NPO1">NPO1</channel>
    <channel update="i" site="mon-programme-tv.be" site_id="140" xmltv_id="NPO2">NPO2</channel>
    <channel update="i" site="mon-programme-tv.be" site_id="141" xmltv_id="NPO3">NPO3</channel>
    <channel update="i" site="mon-programme-tv.be" site_id="279" xmltv_id="PIWI +">PIWI +</channel>
    <channel update="i" site="mon-programme-tv.be" site_id="21" xmltv_id="PLANETE +">PLANETE +</channel>
    <channel update="i" site="mon-programme-tv.be" site_id="251" xmltv_id="PLANETE + THALASSA">PLANETE + THALASSA</channel>
    <channel update="i" site="mon-programme-tv.be" site_id="414" xmltv_id="PLANETE+ AE">PLANETE+ AE</channel>
    <channel update="i" site="mon-programme-tv.be" site_id="446" xmltv_id="PLANETE+ CI">PLANETE+ CI</channel>
    <channel update="i" site="mon-programme-tv.be" site_id="258" xmltv_id="PLAYBOY TV">PLAYBOY TV</channel>
    <channel update="i" site="mon-programme-tv.be" site_id="281" xmltv_id="PLUG RTL">PLUG RTL</channel>
    <channel update="i" site="mon-programme-tv.be" site_id="467" xmltv_id="Q2">Q2</channel>
    <channel update="i" site="mon-programme-tv.be" site_id="120" xmltv_id="RAI 1">RAI 1</channel>
    <channel update="i" site="mon-programme-tv.be" site_id="19" xmltv_id="RTL TVI">RTL TVI</channel>
    <channel update="i" site="mon-programme-tv.be" site_id="968" xmltv_id="RTS DEUX">RTS DEUX</channel>
    <channel update="i" site="mon-programme-tv.be" site_id="967" xmltv_id="RTS UN">RTS UN</channel>
    <channel update="i" site="mon-programme-tv.be" site_id="1199" xmltv_id="SCIENCE &amp; VIE TV">SCIENCE &amp; VIE TV</channel>
    <channel update="i" site="mon-programme-tv.be" site_id="82" xmltv_id="SEASONS +">SEASONS +</channel>
    <channel update="i" site="mon-programme-tv.be" site_id="1168" xmltv_id="STUDIO100tv">STUDIO100tv</channel>
    <channel update="i" site="mon-programme-tv.be" site_id="362" xmltv_id="SYFY">SYFY</channel>
    <channel update="i" site="mon-programme-tv.be" site_id="172" xmltv_id="TCM CINEMA">TCM CINEMA</channel>
    <channel update="i" site="mon-programme-tv.be" site_id="90" xmltv_id="TELETOON +">TELETOON +</channel>
    <channel update="i" site="mon-programme-tv.be" site_id="1" xmltv_id="TF1">TF1</channel>
    <channel update="i" site="mon-programme-tv.be" site_id="212" xmltv_id="TIJI">TIJI</channel>
    <channel update="i" site="mon-programme-tv.be" site_id="70" xmltv_id="TMC">TMC</channel>
    <channel update="i" site="mon-programme-tv.be" site_id="255" xmltv_id="TOUTE L'HISTOIRE">TOUTE L'HISTOIRE</channel>
    <channel update="i" site="mon-programme-tv.be" site_id="845" xmltv_id="TRACE URBAN">TRACE URBAN</channel>
    <channel update="i" site="mon-programme-tv.be" site_id="199" xmltv_id="TV BREIZH">TV BREIZH</channel>
    <channel update="i" site="mon-programme-tv.be" site_id="27" xmltv_id="TV5 MONDE">TV5 MONDE</channel>
    <channel update="i" site="mon-programme-tv.be" site_id="345" xmltv_id="USHUAIA TV">USHUAIA TV</channel>
    <channel update="i" site="mon-programme-tv.be" site_id="150" xmltv_id="VIER">VIER</channel>
    <channel update="i" site="mon-programme-tv.be" site_id="296" xmltv_id="VIJF">VIJF</channel>
    <channel update="i" site="mon-programme-tv.be" site_id="541" xmltv_id="VITAYA">VITAYA</channel>
    <channel update="i" site="mon-programme-tv.be" site_id="463" xmltv_id="VIVOLTA">VIVOLTA</channel>
    <channel update="i" site="mon-programme-tv.be" site_id="302" xmltv_id="VOOsport World 1">VOOsport World 1</channel>
    <channel update="i" site="mon-programme-tv.be" site_id="303" xmltv_id="VOOsport World 2">VOOsport World 2</channel>
    <channel update="i" site="mon-programme-tv.be" site_id="1574" xmltv_id="VOOsport World 3">VOOsport World 3</channel>
    <channel update="i" site="mon-programme-tv.be" site_id="71" xmltv_id="VOYAGE">VOYAGE</channel>
    <channel update="i" site="mon-programme-tv.be" site_id="148" xmltv_id="VTM">VTM</channel>
    <channel update="i" site="mon-programme-tv.be" site_id="1170" xmltv_id="VTM KZOOM">VTM KZOOM</channel>
    <channel update="i" site="mon-programme-tv.be" site_id="1655" xmltv_id="ZES">ZES</channel>
    <channel update="i" site="mon-programme-tv.be" site_id="416" xmltv_id="11">11</channel>
    <channel update="i" site="mon-programme-tv.be" site_id="74" xmltv_id="13EME RUE">13EME RUE</channel>
    <channel update="i" site="mon-programme-tv.be" site_id="138" xmltv_id="AB MOTEURS">AB MOTEURS</channel>
    <channel update="i" site="mon-programme-tv.be" site_id="229" xmltv_id="AB3">AB3</channel>
    <channel update="i" site="mon-programme-tv.be" site_id="253" xmltv_id="AB4">AB4</channel>
    <channel update="i" site="mon-programme-tv.be" site_id="63" xmltv_id="ACTION">ACTION</channel>
    <channel update="i" site="mon-programme-tv.be" site_id="1723" xmltv_id="ALTICE STUDIO">ALTICE STUDIO</channel>
    <channel update="i" site="mon-programme-tv.be" site_id="89" xmltv_id="ANIMAUX">ANIMAUX</channel>
    <channel update="i" site="mon-programme-tv.be" site_id="14" xmltv_id="ARTE">ARTE</channel>
    <channel update="i" site="mon-programme-tv.be" site_id="298" xmltv_id="BE 1">BE 1</channel>
    <channel update="i" site="mon-programme-tv.be" site_id="300" xmltv_id="BE CINE">BE CINE</channel>
    <channel update="i" site="mon-programme-tv.be" site_id="393" xmltv_id="BE SERIES">BE SERIES</channel>
    <channel update="i" site="mon-programme-tv.be" site_id="363" xmltv_id="BFM TV">BFM TV</channel>
    <channel update="i" site="mon-programme-tv.be" site_id="766" xmltv_id="BOING">BOING</channel>
    <channel update="i" site="mon-programme-tv.be" site_id="269" xmltv_id="BOOMERANG">BOOMERANG</channel>
    <channel update="i" site="mon-programme-tv.be" site_id="87" xmltv_id="CANAL J">CANAL J</channel>
    <channel update="i" site="mon-programme-tv.be" site_id="93" xmltv_id="CARTOON NETWORK">CARTOON NETWORK</channel>
    <channel update="i" site="mon-programme-tv.be" site_id="127" xmltv_id="CHASSE &amp; PECHE">CHASSE &amp; PECHE</channel>
    <channel update="i" site="mon-programme-tv.be" site_id="312" xmltv_id="CINE + CLASSIC BE">CINE + CLASSIC BE</channel>
    <channel update="i" site="mon-programme-tv.be" site_id="266" xmltv_id="CINE + FRISSON BE">CINE + FRISSON BE</channel>
    <channel update="i" site="mon-programme-tv.be" site_id="265" xmltv_id="CINE + PREMIER BE">CINE + PREMIER BE</channel>
    <channel update="i" site="mon-programme-tv.be" site_id="67" xmltv_id="CLUB RTL">CLUB RTL</channel>
    <channel update="i" site="mon-programme-tv.be" site_id="179" xmltv_id="CNEWS">CNEWS</channel>
    <channel update="i" site="mon-programme-tv.be" site_id="73" xmltv_id="COMEDIE +">COMEDIE +</channel>
    <channel update="i" site="mon-programme-tv.be" site_id="1033" xmltv_id="CSTAR">CSTAR</channel>
    <channel update="i" site="mon-programme-tv.be" site_id="292" xmltv_id="DISCOVERY CHANNEL">DISCOVERY CHANNEL</channel>
    <channel update="i" site="mon-programme-tv.be" site_id="64" xmltv_id="DISNEY CHANNEL">DISNEY CHANNEL</channel>
    <channel update="i" site="mon-programme-tv.be" site_id="1200" xmltv_id="DISNEY CINEMA">DISNEY CINEMA</channel>
    <channel update="i" site="mon-programme-tv.be" site_id="871" xmltv_id="DISNEY JUNIOR">DISNEY JUNIOR</channel>
    <channel update="i" site="mon-programme-tv.be" site_id="658" xmltv_id="DISNEY XD">DISNEY XD</channel>
    <channel update="i" site="mon-programme-tv.be" site_id="304" xmltv_id="E! ENTERTAINMENT">E! ENTERTAINMENT</channel>
    <channel update="i" site="mon-programme-tv.be" site_id="884" xmltv_id="EQUIDIA">EQUIDIA</channel>
    <channel update="i" site="mon-programme-tv.be" site_id="1376" xmltv_id="ELEVEN">ELEVEN</channel>
    <channel update="i" site="mon-programme-tv.be" site_id="1377" xmltv_id="ELEVEN SPORTS">ELEVEN SPORTS</channel>
    <channel update="i" site="mon-programme-tv.be" site_id="83" xmltv_id="EUROSPORT">EUROSPORT</channel>
    <channel update="i" site="mon-programme-tv.be" site_id="323" xmltv_id="EUROSPORT 2">EUROSPORT 2</channel>
    <channel update="i" site="mon-programme-tv.be" site_id="2" xmltv_id="FRANCE 2">FRANCE 2</channel>
    <channel update="i" site="mon-programme-tv.be" site_id="3" xmltv_id="FRANCE 3">FRANCE 3</channel>
    <channel update="i" site="mon-programme-tv.be" site_id="321" xmltv_id="FRANCE 4">FRANCE 4</channel>
    <channel update="i" site="mon-programme-tv.be" site_id="69" xmltv_id="FRANCE 5">FRANCE 5</channel>
    <channel update="i" site="mon-programme-tv.be" site_id="344" xmltv_id="FRANCE Ô">FRANCE Ô</channel>
    <channel update="i" site="mon-programme-tv.be" site_id="178" xmltv_id="GAME ONE">GAME ONE</channel>
    <channel update="i" site="mon-programme-tv.be" site_id="361" xmltv_id="GULLI">GULLI</channel>
    <channel update="i" site="mon-programme-tv.be" site_id="1045" xmltv_id="HD1">HD1</channel>
    <channel update="i" site="mon-programme-tv.be" site_id="79" xmltv_id="HISTOIRE">HISTOIRE</channel>
    <channel update="i" site="mon-programme-tv.be" site_id="180" xmltv_id="INFO SPORT">INFO SPORT</channel>
    <channel update="i" site="mon-programme-tv.be" site_id="685" xmltv_id="JUNE">JUNE</channel>
    <channel update="i" site="mon-programme-tv.be" site_id="42" xmltv_id="LA DEUX">LA DEUX</channel>
    <channel update="i" site="mon-programme-tv.be" site_id="717" xmltv_id="LA TROIS">LA TROIS</channel>
    <channel update="i" site="mon-programme-tv.be" site_id="24" xmltv_id="LA UNE">LA UNE</channel>
    <channel update="i" site="mon-programme-tv.be" site_id="155" xmltv_id="LCI">LCI</channel>
    <channel update="i" site="mon-programme-tv.be" site_id="13" xmltv_id="M6">M6</channel>
    <channel update="i" site="mon-programme-tv.be" site_id="115" xmltv_id="M6 MUSIC">M6 MUSIC</channel>
    <channel update="i" site="mon-programme-tv.be" site_id="88" xmltv_id="MANGAS">MANGAS</channel>
    <channel update="i" site="mon-programme-tv.be" site_id="584" xmltv_id="MCS">MCS</channel>
    <channel update="i" site="mon-programme-tv.be" site_id="381" xmltv_id="MELODY">MELODY</channel>
    <channel update="i" site="mon-programme-tv.be" site_id="86" xmltv_id="MEZZO">MEZZO</channel>
    <channel update="i" site="mon-programme-tv.be" site_id="96" xmltv_id="MTV">MTV</channel>
    <channel update="i" site="mon-programme-tv.be" site_id="411" xmltv_id="MTV IDOL">MTV IDOL</channel>
    <channel update="i" site="mon-programme-tv.be" site_id="410" xmltv_id="MTV PULSE">MTV PULSE</channel>
    <channel update="i" site="mon-programme-tv.be" site_id="228" xmltv_id="NATIONAL GEOGRAPHIC CHANNEL">NATIONAL GEOGRAPHIC CHANNEL</channel>
    <channel update="i" site="mon-programme-tv.be" site_id="637" xmltv_id="NATIONAL GEOGRAPHIC WILD">NATIONAL GEOGRAPHIC WILD</channel>
    <channel update="i" site="mon-programme-tv.be" site_id="911" xmltv_id="NAUTICAL CHANNEL">NAUTICAL CHANNEL</channel>
    <channel update="i" site="mon-programme-tv.be" site_id="377" xmltv_id="NICKELODEON">NICKELODEON</channel>
    <channel update="i" site="mon-programme-tv.be" site_id="279" xmltv_id="PIWI +">PIWI +</channel>
    <channel update="i" site="mon-programme-tv.be" site_id="21" xmltv_id="PLANETE +">PLANETE +</channel>
    <channel update="i" site="mon-programme-tv.be" site_id="251" xmltv_id="PLANETE + THALASSA">PLANETE + THALASSA</channel>
    <channel update="i" site="mon-programme-tv.be" site_id="414" xmltv_id="PLANETE+ AE">PLANETE+ AE</channel>
    <channel update="i" site="mon-programme-tv.be" site_id="446" xmltv_id="PLANETE+ CI">PLANETE+ CI</channel>
    <channel update="i" site="mon-programme-tv.be" site_id="281" xmltv_id="PLUG RTL">PLUG RTL</channel>
    <channel update="i" site="mon-programme-tv.be" site_id="19" xmltv_id="RTL TVI">RTL TVI</channel>
    <channel update="i" site="mon-programme-tv.be" site_id="968" xmltv_id="RTS DEUX">RTS DEUX</channel>
    <channel update="i" site="mon-programme-tv.be" site_id="967" xmltv_id="RTS UN">RTS UN</channel>
    <channel update="i" site="mon-programme-tv.be" site_id="1199" xmltv_id="SCIENCE &amp; VIE TV">SCIENCE &amp; VIE TV</channel>
    <channel update="i" site="mon-programme-tv.be" site_id="82" xmltv_id="SEASONS +">SEASONS +</channel>
    <channel update="i" site="mon-programme-tv.be" site_id="362" xmltv_id="SYFY">SYFY</channel>
    <channel update="i" site="mon-programme-tv.be" site_id="172" xmltv_id="TCM CINEMA">TCM CINEMA</channel>
    <channel update="i" site="mon-programme-tv.be" site_id="90" xmltv_id="TELETOON +">TELETOON +</channel>
    <channel update="i" site="mon-programme-tv.be" site_id="1" xmltv_id="TF1">TF1</channel>
    <channel update="i" site="mon-programme-tv.be" site_id="212" xmltv_id="TIJI">TIJI</channel>
    <channel update="i" site="mon-programme-tv.be" site_id="70" xmltv_id="TMC">TMC</channel>
    <channel update="i" site="mon-programme-tv.be" site_id="255" xmltv_id="TOUTE L'HISTOIRE">TOUTE L'HISTOIRE</channel>
    <channel update="i" site="mon-programme-tv.be" site_id="845" xmltv_id="TRACE URBAN">TRACE URBAN</channel>
    <channel update="i" site="mon-programme-tv.be" site_id="199" xmltv_id="TV BREIZH">TV BREIZH</channel>
    <channel update="i" site="mon-programme-tv.be" site_id="27" xmltv_id="TV5 MONDE">TV5 MONDE</channel>
    <channel update="i" site="mon-programme-tv.be" site_id="345" xmltv_id="USHUAIA TV">USHUAIA TV</channel>
    <channel update="i" site="mon-programme-tv.be" site_id="302" xmltv_id="VOOsport World 1">VOOsport World 1</channel>
    <channel update="i" site="mon-programme-tv.be" site_id="303" xmltv_id="VOOsport World 2">VOOsport World 2</channel>
    <channel update="i" site="mon-programme-tv.be" site_id="1574" xmltv_id="VOOsport World 3">VOOsport World 3</channel>
    <channel update="i" site="mon-programme-tv.be" site_id="463" xmltv_id="VIVOLTA">VIVOLTA</channel>
    <channel update="i" site="mon-programme-tv.be" site_id="71" xmltv_id="VOYAGE">VOYAGE</channel>
    <channel update="i" site="mon-programme-tv.be" site_id="581" xmltv_id="CANVAS">CANVAS</channel>
    <channel update="i" site="mon-programme-tv.be" site_id="313" xmltv_id="EEN">EEN</channel>
    <channel update="i" site="mon-programme-tv.be" site_id="164" xmltv_id="KETNET">KETNET</channel>
    <channel update="i" site="mon-programme-tv.be" site_id="1167" xmltv_id="NJAM !">NJAM !</channel>
    <channel update="i" site="mon-programme-tv.be" site_id="467" xmltv_id="Q2">Q2</channel>
    <channel update="i" site="mon-programme-tv.be" site_id="1168" xmltv_id="STUDIO100tv">STUDIO100tv</channel>
    <channel update="i" site="mon-programme-tv.be" site_id="150" xmltv_id="VIER">VIER</channel>
    <channel update="i" site="mon-programme-tv.be" site_id="296" xmltv_id="VIJF">VIJF</channel>
    <channel update="i" site="mon-programme-tv.be" site_id="541" xmltv_id="VITAYA">VITAYA</channel>
    <channel update="i" site="mon-programme-tv.be" site_id="148" xmltv_id="VTM">VTM</channel>
    <channel update="i" site="mon-programme-tv.be" site_id="1170" xmltv_id="VTM KZOOM">VTM KZOOM</channel>
    <channel update="i" site="mon-programme-tv.be" site_id="1655" xmltv_id="ZES">ZES</channel>
  </channels>
</site>
