﻿<?xml version="1.0" encoding="UTF-8"?>
<site generator-info-name="WebGrab+Plus/w MDB &amp; REX Postprocess -- version  V3.0.0.0 -- Jan van Straaten" site="tv.telepro.be">
  <channels>
    <channel update="i" site="tv.telepro.be.E" site_id="2/13eme-rue" xmltv_id="13eme RUE">13eme RUE</channel>
    <channel update="i" site="tv.telepro.be.E" site_id="254/ab-3" xmltv_id="AB 3">AB 3</channel>
    <channel update="i" site="tv.telepro.be.E" site_id="303/abxplore" xmltv_id="ABXPLORE">ABXPLORE</channel>
    <channel update="i" site="tv.telepro.be.E" site_id="897/acht" xmltv_id="Acht">Acht</channel>
    <channel update="i" site="tv.telepro.be.E" site_id="10/action" xmltv_id="Action">Action</channel>
    <channel update="i" site="tv.telepro.be.E" site_id="388/actv" xmltv_id="ACTV">ACTV</channel>
    <channel update="i" site="tv.telepro.be.E" site_id="12/animaux" xmltv_id="Animaux">Animaux</channel>
    <channel update="i" site="tv.telepro.be.E" site_id="2544/arte-belgique" xmltv_id="Arte Belgique">Arte Belgique</channel>
    <channel update="i" site="tv.telepro.be.E" site_id="15/automoto" xmltv_id="Automoto">Automoto</channel>
    <channel update="i" site="tv.telepro.be.E" site_id="23/een" xmltv_id="één">één</channel>
    <channel update="i" site="tv.telepro.be.E" site_id="16/bbc-1" xmltv_id="BBC 1">BBC 1</channel>
    <channel update="i" site="tv.telepro.be.E" site_id="17/bbc-2" xmltv_id="BBC 2">BBC 2</channel>
    <channel update="i" site="tv.telepro.be.E" site_id="29/be-1" xmltv_id="BE 1">BE 1</channel>
    <channel update="i" site="tv.telepro.be.E" site_id="417/be-cine" xmltv_id="Be Ciné">Be Ciné</channel>
    <channel update="i" site="tv.telepro.be.E" site_id="418/be-series" xmltv_id="Be Séries">Be Séries</channel>
    <channel update="i" site="tv.telepro.be.E" site_id="941/bruzz" xmltv_id="BRUZZ">BRUZZ</channel>
    <channel update="i" site="tv.telepro.be.E" site_id="382/bx1" xmltv_id="BX1">BX1</channel>
    <channel update="i" site="tv.telepro.be.E" site_id="445/c8" xmltv_id="C8">C8</channel>
    <channel update="i" site="tv.telepro.be.E" site_id="389/canal-c" xmltv_id="Canal C">Canal C</channel>
    <channel update="i" site="tv.telepro.be.E" site_id="386/canal-zoom" xmltv_id="Canal Zoom">Canal Zoom</channel>
    <channel update="i" site="tv.telepro.be.E" site_id="34/canal" xmltv_id="Canal+">Canal+</channel>
    <channel update="i" site="tv.telepro.be.E" site_id="24/canvas" xmltv_id="Canvas">Canvas</channel>
    <channel update="i" site="tv.telepro.be.E" site_id="36/cartoon-network" xmltv_id="Cartoon Network">Cartoon Network</channel>
    <channel update="i" site="tv.telepro.be.E" site_id="437/cine-classic-belgique" xmltv_id="Ciné+ Classic Belgique">Ciné+ Classic Belgique</channel>
    <channel update="i" site="tv.telepro.be.E" site_id="317/cine-frisson-belgique" xmltv_id="Ciné+ Frisson Belgique">Ciné+ Frisson Belgique</channel>
    <channel update="i" site="tv.telepro.be.E" site_id="294/cine-premier-belgique" xmltv_id="Ciné+ Premier Belgique">Ciné+ Premier Belgique</channel>
    <channel update="i" site="tv.telepro.be.E" site_id="50/club-rtl" xmltv_id="Club RTL">Club RTL</channel>
    <channel update="i" site="tv.telepro.be.E" site_id="54/comedie" xmltv_id="Comédie+">Comédie+</channel>
    <channel update="i" site="tv.telepro.be.E" site_id="458/cstar" xmltv_id="CSTAR">CSTAR</channel>
    <channel update="i" site="tv.telepro.be.E" site_id="13/das-erste" xmltv_id="Das Erste">Das Erste</channel>
    <channel update="i" site="tv.telepro.be.E" site_id="400/discovery-channel" xmltv_id="Discovery Channel">Discovery Channel</channel>
    <channel update="i" site="tv.telepro.be.E" site_id="1967/disney-channel-wallonia" xmltv_id="Disney Channel Wallonia">Disney Channel Wallonia</channel>
    <channel update="i" site="tv.telepro.be.E" site_id="2024/eleven-sports-1" xmltv_id="Eleven Sports 1">Eleven Sports 1</channel>
    <channel update="i" site="tv.telepro.be.E" site_id="2025/eleven-sports-2" xmltv_id="Eleven Sports 2">Eleven Sports 2</channel>
    <channel update="i" site="tv.telepro.be.E" site_id="2381/eleven-sports-3" xmltv_id="Eleven Sports 3">Eleven Sports 3</channel>
    <channel update="i" site="tv.telepro.be.E" site_id="76/eurosport-1" xmltv_id="Eurosport 1">Eurosport 1</channel>
    <channel update="i" site="tv.telepro.be.E" site_id="4/france-2" xmltv_id="France 2">France 2</channel>
    <channel update="i" site="tv.telepro.be.E" site_id="80/france-3" xmltv_id="France 3">France 3</channel>
    <channel update="i" site="tv.telepro.be.E" site_id="78/france-4" xmltv_id="France 4">France 4</channel>
    <channel update="i" site="tv.telepro.be.E" site_id="47/france-5" xmltv_id="France 5">France 5</channel>
    <channel update="i" site="tv.telepro.be.E" site_id="160/france-o" xmltv_id="France Ô">France Ô</channel>
    <channel update="i" site="tv.telepro.be.E" site_id="482/gulli" xmltv_id="Gulli">Gulli</channel>
    <channel update="i" site="tv.telepro.be.E" site_id="88/histoire" xmltv_id="Histoire">Histoire</channel>
    <channel update="i" site="tv.telepro.be.E" site_id="1280/ketnet" xmltv_id="Ketnet">Ketnet</channel>
    <channel update="i" site="tv.telepro.be.E" site_id="110/kto" xmltv_id="KTO">KTO</channel>
    <channel update="i" site="tv.telepro.be.E" site_id="187/la-deux" xmltv_id="La Deux">La Deux</channel>
    <channel update="i" site="tv.telepro.be.E" site_id="892/la-trois" xmltv_id="La Trois">La Trois</channel>
    <channel update="i" site="tv.telepro.be.E" site_id="164/la-une" xmltv_id="La Une">La Une</channel>
    <channel update="i" site="tv.telepro.be.E" site_id="118/m6" xmltv_id="M6">M6</channel>
    <channel update="i" site="tv.telepro.be.E" site_id="393/matele" xmltv_id="MAtélé">MAtélé</channel>
    <channel update="i" site="tv.telepro.be.E" site_id="265/melody" xmltv_id="Melody">Melody</channel>
    <channel update="i" site="tv.telepro.be.E" site_id="125/mezzo" xmltv_id="Mezzo">Mezzo</channel>
    <channel update="i" site="tv.telepro.be.E" site_id="907/mezzo-live-hd" xmltv_id="Mezzo Live HD">Mezzo Live HD</channel>
    <channel update="i" site="tv.telepro.be.E" site_id="2215/mtv-wallonia" xmltv_id="MTV Wallonia">MTV Wallonia</channel>
    <channel update="i" site="tv.telepro.be.E" site_id="243/national-geographic" xmltv_id="National Geographic">National Geographic</channel>
    <channel update="i" site="tv.telepro.be.E" site_id="719/national-geographic-wild" xmltv_id="National Geographic Wild">National Geographic Wild</channel>
    <channel update="i" site="tv.telepro.be.E" site_id="1968/nickelodeon-wallonia" xmltv_id="Nickelodéon Wallonia">Nickelodéon Wallonia</channel>
    <channel update="i" site="tv.telepro.be.E" site_id="1833/notele" xmltv_id="NoTélé">NoTélé</channel>
    <channel update="i" site="tv.telepro.be.E" site_id="910/npo1" xmltv_id="NPO1">NPO1</channel>
    <channel update="i" site="tv.telepro.be.E" site_id="911/npo2" xmltv_id="NPO2">NPO2</channel>
    <channel update="i" site="tv.telepro.be.E" site_id="912/npo3" xmltv_id="NPO3">NPO3</channel>
    <channel update="i" site="tv.telepro.be.E" site_id="147/planete" xmltv_id="Planète+">Planète+</channel>
    <channel update="i" site="tv.telepro.be.E" site_id="377/plug-rtl" xmltv_id="Plug RTL">Plug RTL</channel>
    <channel update="i" site="tv.telepro.be.E" site_id="108/q2" xmltv_id="Q2">Q2</channel>
    <channel update="i" site="tv.telepro.be.E" site_id="156/rai-uno" xmltv_id="Rai Uno">Rai Uno</channel>
    <channel update="i" site="tv.telepro.be.E" site_id="390/rtc-tele-liege" xmltv_id="RTC Télé Liège">RTC Télé Liège</channel>
    <channel update="i" site="tv.telepro.be.E" site_id="115/rtl-9" xmltv_id="RTL 9">RTL 9</channel>
    <channel update="i" site="tv.telepro.be.E" site_id="166/rtl-television" xmltv_id="RTL Télévision">RTL Télévision</channel>
    <channel update="i" site="tv.telepro.be.E" site_id="168/rtl-tvi" xmltv_id="RTL TVI">RTL TVI</channel>
    <channel update="i" site="tv.telepro.be.E" site_id="169/rtpi" xmltv_id="RTPI">RTPI</channel>
    <channel update="i" site="tv.telepro.be.E" site_id="182/swr" xmltv_id="SWR">SWR</channel>
    <channel update="i" site="tv.telepro.be.E" site_id="479/syfy" xmltv_id="Syfy">Syfy</channel>
    <channel update="i" site="tv.telepro.be.E" site_id="387/tele-mb" xmltv_id="Télé MB">Télé MB</channel>
    <channel update="i" site="tv.telepro.be.E" site_id="383/tele-sambre" xmltv_id="Télé Sambre">Télé Sambre</channel>
    <channel update="i" site="tv.telepro.be.E" site_id="185/tcm-cinema" xmltv_id="TCM Cinéma">TCM Cinéma</channel>
    <channel update="i" site="tv.telepro.be.E" site_id="192/tf1" xmltv_id="TF1">TF1</channel>
    <channel update="i" site="tv.telepro.be.E" site_id="1404/tf1-series-films" xmltv_id="TF1 Séries Films">TF1 Séries Films</channel>
    <channel update="i" site="tv.telepro.be.E" site_id="195/tmc" xmltv_id="TMC">TMC</channel>
    <channel update="i" site="tv.telepro.be.E" site_id="7/toute-l-histoire" xmltv_id="Toute l histoire">Toute l histoire</channel>
    <channel update="i" site="tv.telepro.be.E" site_id="385/tv-com" xmltv_id="TV COM">TV COM</channel>
    <channel update="i" site="tv.telepro.be.E" site_id="392/tv-lux" xmltv_id="TV Lux">TV Lux</channel>
    <channel update="i" site="tv.telepro.be.E" site_id="205/tv5monde" xmltv_id="TV5MONDE">TV5MONDE</channel>
    <channel update="i" site="tv.telepro.be.E" site_id="232/tv5monde-europe" xmltv_id="TV5MONDE Europe">TV5MONDE Europe</channel>
    <channel update="i" site="tv.telepro.be.E" site_id="225/tvbreizh" xmltv_id="TvBreizh">TvBreizh</channel>
    <channel update="i" site="tv.telepro.be.E" site_id="208/tve" xmltv_id="TVE">TVE</channel>
    <channel update="i" site="tv.telepro.be.E" site_id="875/tvp-polonia" xmltv_id="TVP Polonia">TVP Polonia</channel>
    <channel update="i" site="tv.telepro.be.E" site_id="451/ushuaia-tv" xmltv_id="Ushuaïa TV">Ushuaïa TV</channel>
    <channel update="i" site="tv.telepro.be.E" site_id="391/vedia" xmltv_id="Vedia">Vedia</channel>
    <channel update="i" site="tv.telepro.be.E" site_id="214/vier" xmltv_id="Vier">Vier</channel>
    <channel update="i" site="tv.telepro.be.E" site_id="691/vijf" xmltv_id="Vijf">Vijf</channel>
    <channel update="i" site="tv.telepro.be.E" site_id="914/vitaya" xmltv_id="Vitaya">Vitaya</channel>
    <channel update="i" site="tv.telepro.be.E" site_id="413/voosport-world-1" xmltv_id="VOOsport World 1">VOOsport World 1</channel>
    <channel update="i" site="tv.telepro.be.E" site_id="414/voosport-world-2" xmltv_id="VOOsport World 2">VOOsport World 2</channel>
    <channel update="i" site="tv.telepro.be.E" site_id="212/voyage" xmltv_id="Voyage">Voyage</channel>
    <channel update="i" site="tv.telepro.be.E" site_id="215/vtm" xmltv_id="VTM">VTM</channel>
    <channel update="i" site="tv.telepro.be.E" site_id="1292/vtmkzoom" xmltv_id="VTMKZOOM">VTMKZOOM</channel>
    <channel update="i" site="tv.telepro.be.E" site_id="119/w9" xmltv_id="W9">W9</channel>
    <channel update="i" site="tv.telepro.be.E" site_id="217/wdr" xmltv_id="WDR">WDR</channel>
    <channel update="i" site="tv.telepro.be.E" site_id="219/zdf" xmltv_id="ZDF">ZDF</channel>
    <channel update="i" site="tv.telepro.be.E" site_id="2362/zes" xmltv_id="Zes">Zes</channel>
  </channels>
</site>