﻿<?xml version="1.0" encoding="UTF-8"?>
<site generator-info-name="WebGrab+Plus/w MDB &amp; REX Postprocess -- version V2.1.10.2 -- Jan van Straaten" site="mncvision.id.E">
  <channels>
    <channel update="i" site="mncvision.id.E" site_id="6" xmltv_id="HBO Signature">HBO Signature</channel>
    <channel update="i" site="mncvision.id.E" site_id="7" xmltv_id="HBO">HBO</channel>
    <channel update="i" site="mncvision.id.E" site_id="8" xmltv_id="CINEMAX">CINEMAX</channel>
    <channel update="i" site="mncvision.id.E" site_id="9" xmltv_id="HBO Family">HBO Family</channel>
    <channel update="i" site="mncvision.id.E" site_id="10" xmltv_id="HBO Hits">HBO Hits</channel>
    <channel update="i" site="mncvision.id.E" site_id="11" xmltv_id="HITS Movies">HITS Movies</channel>
    <channel update="i" site="mncvision.id.E" site_id="14" xmltv_id="FOX Movies">FOX Movies</channel>
    <channel update="i" site="mncvision.id.E" site_id="15" xmltv_id="FOX Family Movies">FOX Family Movies</channel>
    <channel update="i" site="mncvision.id.E" site_id="16" xmltv_id="FOX Action Movies">FOX Action Movies</channel>
    <channel update="i" site="mncvision.id.E" site_id="17" xmltv_id="Premiere">Premiere</channel>
    <channel update="i" site="mncvision.id.E" site_id="18" xmltv_id="SCM">SCM</channel>
    <channel update="i" site="mncvision.id.E" site_id="19" xmltv_id="Thrill">Thrill</channel>
    <channel update="i" site="mncvision.id.E" site_id="20" xmltv_id="Celestial Movies">Celestial Movies</channel>
    <channel update="i" site="mncvision.id.E" site_id="22" xmltv_id="CCM">CCM</channel>
    <channel update="i" site="mncvision.id.E" site_id="23" xmltv_id="Zee">Zee</channel>
    <channel update="i" site="mncvision.id.E" site_id="24" xmltv_id="SCM Legend">SCM Legend</channel>
    <channel update="i" site="mncvision.id.E" site_id="25" xmltv_id="TVN Movies">TVN Movies</channel>
    <channel update="i" site="mncvision.id.E" site_id="37" xmltv_id="Nickelodeon Jr">Nickelodeon Jr</channel>
    <channel update="i" site="mncvision.id.E" site_id="38" xmltv_id="Miao Mi">Miao Mi</channel>
    <channel update="i" site="mncvision.id.E" site_id="39" xmltv_id="Boomerang">Boomerang</channel>
    <channel update="i" site="mncvision.id.E" site_id="40" xmltv_id="BabyTV">BabyTV</channel>
    <channel update="i" site="mncvision.id.E" site_id="41" xmltv_id="CBeebies">CBeebies</channel>
    <channel update="i" site="mncvision.id.E" site_id="43" xmltv_id="Disney Junior">Disney Junior</channel>
    <channel update="i" site="mncvision.id.E" site_id="44" xmltv_id="Disney XD">Disney XD</channel>
    <channel update="i" site="mncvision.id.E" site_id="45" xmltv_id="Disney Channel">Disney Channel</channel>
    <channel update="i" site="mncvision.id.E" site_id="46" xmltv_id="Kids Channel">Kids Channel</channel>
    <channel update="i" site="mncvision.id.E" site_id="47" xmltv_id="Cartoon Network">Cartoon Network</channel>
    <channel update="i" site="mncvision.id.E" site_id="49" xmltv_id="Nickelodeon">Nickelodeon</channel>
    <channel update="i" site="mncvision.id.E" site_id="78" xmltv_id="Indosiar">Indosiar</channel>
    <channel update="i" site="mncvision.id.E" site_id="79" xmltv_id="MNC Shop Smart">MNC Shop Smart</channel>
    <channel update="i" site="mncvision.id.E" site_id="80" xmltv_id="RCTI">RCTI</channel>
    <channel update="i" site="mncvision.id.E" site_id="81" xmltv_id="Global TV">Global TV</channel>
    <channel update="i" site="mncvision.id.E" site_id="82" xmltv_id="MNC TV">MNC TV</channel>
    <channel update="i" site="mncvision.id.E" site_id="83" xmltv_id="iNews">iNews</channel>
    <channel update="i" site="mncvision.id.E" site_id="84" xmltv_id="MNC News">MNC News</channel>
    <channel update="i" site="mncvision.id.E" site_id="85" xmltv_id="A&amp;G (Auto&amp;Gadget)">A&amp;G (Auto&amp;Gadget)</channel>
    <channel update="i" site="mncvision.id.E" site_id="86" xmltv_id="MNC Entertainment">MNC Entertainment</channel>
    <channel update="i" site="mncvision.id.E" site_id="87" xmltv_id="Trans TV">Trans TV</channel>
    <channel update="i" site="mncvision.id.E" site_id="88" xmltv_id="MNC Shop Trendy">MNC Shop Trendy</channel>
    <channel update="i" site="mncvision.id.E" site_id="89" xmltv_id="SCTV">SCTV</channel>
    <channel update="i" site="mncvision.id.E" site_id="90" xmltv_id="Lifestyle&amp;Fashion">Lifestyle&amp;Fashion</channel>
    <channel update="i" site="mncvision.id.E" site_id="91" xmltv_id="LIFE">LIFE</channel>
    <channel update="i" site="mncvision.id.E" site_id="92" xmltv_id="Hidayah">Hidayah</channel>
    <channel update="i" site="mncvision.id.E" site_id="93" xmltv_id="Al Quran Al Kareem">Al Quran Al Kareem</channel>
    <channel update="i" site="mncvision.id.E" site_id="94" xmltv_id="MNC Drama">MNC Drama</channel>
    <channel update="i" site="mncvision.id.E" site_id="95" xmltv_id="MNC International">MNC International</channel>
    <channel update="i" site="mncvision.id.E" site_id="96" xmltv_id="MNC Infotainment">MNC Infotainment</channel>
    <channel update="i" site="mncvision.id.E" site_id="97" xmltv_id="TVONE">TVONE</channel>
    <channel update="i" site="mncvision.id.E" site_id="98" xmltv_id="Travel&amp;Homes">Travel&amp;Homes</channel>
    <channel update="i" site="mncvision.id.E" site_id="99" xmltv_id="Movie Channel">Movie Channel</channel>
    <channel update="i" site="mncvision.id.E" site_id="100" xmltv_id="IDX">IDX</channel>
    <channel update="i" site="mncvision.id.E" site_id="101" xmltv_id="Soccer Channel">Soccer Channel</channel>
    <channel update="i" site="mncvision.id.E" site_id="102" xmltv_id="MNC Sports">MNC Sports</channel>
    <channel update="i" site="mncvision.id.E" site_id="103" xmltv_id="Berita Satu">Berita Satu</channel>
    <channel update="i" site="mncvision.id.E" site_id="104" xmltv_id="Comedy Channel">Comedy Channel</channel>
    <channel update="i" site="mncvision.id.E" site_id="107" xmltv_id="Metro TV">Metro TV</channel>
    <channel update="i" site="mncvision.id.E" site_id="110" xmltv_id="Trans 7">Trans 7</channel>
    <channel update="i" site="mncvision.id.E" site_id="111" xmltv_id="Music channel">Music channel</channel>
    <channel update="i" site="mncvision.id.E" site_id="112" xmltv_id="besmart">besmart</channel>
    <channel update="i" site="mncvision.id.E" site_id="113" xmltv_id="Jak TV">Jak TV</channel>
    <channel update="i" site="mncvision.id.E" site_id="114" xmltv_id="RTV">RTV</channel>
    <channel update="i" site="mncvision.id.E" site_id="115" xmltv_id="ANTV">ANTV</channel>
    <channel update="i" site="mncvision.id.E" site_id="116" xmltv_id="Net TV">Net TV</channel>
    <channel update="i" site="mncvision.id.E" site_id="118" xmltv_id="TVRI">TVRI</channel>
    <channel update="i" site="mncvision.id.E" site_id="150" xmltv_id="FMN">FMN</channel>
    <channel update="i" site="mncvision.id.E" site_id="152" xmltv_id="FOXCrime">FOXCrime</channel>
    <channel update="i" site="mncvision.id.E" site_id="153" xmltv_id="FOX">FOX</channel>
    <channel update="i" site="mncvision.id.E" site_id="154" xmltv_id="AXN">AXN</channel>
    <channel update="i" site="mncvision.id.E" site_id="156" xmltv_id="Fox Life">Fox Life</channel>
    <channel update="i" site="mncvision.id.E" site_id="157" xmltv_id="Animax">Animax</channel>
    <channel update="i" site="mncvision.id.E" site_id="158" xmltv_id="TVN">TVN</channel>
    <channel update="i" site="mncvision.id.E" site_id="159" xmltv_id="FX">FX</channel>
    <channel update="i" site="mncvision.id.E" site_id="160" xmltv_id="Hits">Hits</channel>
    <channel update="i" site="mncvision.id.E" site_id="161" xmltv_id="KIX">KIX</channel>
    <channel update="i" site="mncvision.id.E" site_id="162" xmltv_id="DIVA Universal">DIVA Universal</channel>
    <channel update="i" site="mncvision.id.E" site_id="163" xmltv_id="WarnerTV">WarnerTV</channel>
    <channel update="i" site="mncvision.id.E" site_id="164" xmltv_id="One Channel">One Channel</channel>
    <channel update="i" site="mncvision.id.E" site_id="167" xmltv_id="Lifetime">Lifetime</channel>
    <channel update="i" site="mncvision.id.E" site_id="168" xmltv_id="WAKUWAKU JAPAN">WAKUWAKU JAPAN</channel>
    <channel update="i" site="mncvision.id.E" site_id="200" xmltv_id="BBC Earth">BBC Earth</channel>
    <channel update="i" site="mncvision.id.E" site_id="201" xmltv_id="Discovery Channel">Discovery Channel</channel>
    <channel update="i" site="mncvision.id.E" site_id="202" xmltv_id="National Geographic Channel">National Geographic Channel</channel>
    <channel update="i" site="mncvision.id.E" site_id="203" xmltv_id="Animal Planet">Animal Planet</channel>
    <channel update="i" site="mncvision.id.E" site_id="204" xmltv_id="National Geographic Wild">National Geographic Wild</channel>
    <channel update="i" site="mncvision.id.E" site_id="206" xmltv_id="History">History</channel>
    <channel update="i" site="mncvision.id.E" site_id="207" xmltv_id="Crime Investigation">Crime Investigation</channel>
    <channel update="i" site="mncvision.id.E" site_id="240" xmltv_id="Asian Food Channel">Asian Food Channel</channel>
    <channel update="i" site="mncvision.id.E" site_id="241" xmltv_id="Food Network">Food Network</channel>
    <channel update="i" site="mncvision.id.E" site_id="242" xmltv_id="E! Entertainment">E! Entertainment</channel>
    <channel update="i" site="mncvision.id.E" site_id="245" xmltv_id="HGTV">HGTV</channel>
    <channel update="i" site="mncvision.id.E" site_id="247" xmltv_id="National Geographic People">National Geographic People</channel>
    <channel update="i" site="mncvision.id.E" site_id="248" xmltv_id="TLC">TLC</channel>
    <channel update="i" site="mncvision.id.E" site_id="272" xmltv_id="Channel [V]">Channel [V]</channel>
    <channel update="i" site="mncvision.id.E" site_id="301" xmltv_id="FOX Sports">FOX Sports</channel>
    <channel update="i" site="mncvision.id.E" site_id="302" xmltv_id="FOX Sports 2">FOX Sports 2</channel>
    <channel update="i" site="mncvision.id.E" site_id="303" xmltv_id="FOX Sports 3">FOX Sports 3</channel>
    <channel update="i" site="mncvision.id.E" site_id="304" xmltv_id="Fight Sports">Fight Sports</channel>
    <channel update="i" site="mncvision.id.E" site_id="305" xmltv_id="beIN Sports 1">beIN Sports 1</channel>
    <channel update="i" site="mncvision.id.E" site_id="306" xmltv_id="beIN Sports 2">beIN Sports 2</channel>
    <channel update="i" site="mncvision.id.E" site_id="330" xmltv_id="Channel News Asia">Channel News Asia</channel>
    <channel update="i" site="mncvision.id.E" site_id="331" xmltv_id="Al Jazeera English">Al Jazeera English</channel>
    <channel update="i" site="mncvision.id.E" site_id="332" xmltv_id="BBC World News">BBC World News</channel>
    <channel update="i" site="mncvision.id.E" site_id="333" xmltv_id="CNN International">CNN International</channel>
    <channel update="i" site="mncvision.id.E" site_id="334" xmltv_id="Euronews">Euronews</channel>
    <channel update="i" site="mncvision.id.E" site_id="335" xmltv_id="FOX News">FOX News</channel>
    <channel update="i" site="mncvision.id.E" site_id="336" xmltv_id="Sky News">Sky News</channel>
    <channel update="i" site="mncvision.id.E" site_id="337" xmltv_id="CNBC">CNBC</channel>
    <channel update="i" site="mncvision.id.E" site_id="338" xmltv_id="Bloomberg">Bloomberg</channel>
    <channel update="i" site="mncvision.id.E" site_id="350" xmltv_id="ABC Australia">ABC Australia</channel>
    <channel update="i" site="mncvision.id.E" site_id="351" xmltv_id="Arirang">Arirang</channel>
    <channel update="i" site="mncvision.id.E" site_id="352" xmltv_id="France 24 English">France 24 English</channel>
    <channel update="i" site="mncvision.id.E" site_id="354" xmltv_id="NHK World Premium">NHK World Premium</channel>
    <channel update="i" site="mncvision.id.E" site_id="355" xmltv_id="NHK World">NHK World</channel>
    <channel update="i" site="mncvision.id.E" site_id="357" xmltv_id="DW">DW</channel>
    <channel update="i" site="mncvision.id.E" site_id="401" xmltv_id="HBO HD">HBO HD</channel>
    <channel update="i" site="mncvision.id.E" site_id="402" xmltv_id="CineMax HD">CineMax HD</channel>
    <channel update="i" site="mncvision.id.E" site_id="403" xmltv_id="HBO Family HD">HBO Family HD</channel>
    <channel update="i" site="mncvision.id.E" site_id="404" xmltv_id="HBO Hits HD">HBO Hits HD</channel>
    <channel update="i" site="mncvision.id.E" site_id="405" xmltv_id="HBO Signature HD">HBO Signature HD</channel>
    <channel update="i" site="mncvision.id.E" site_id="409" xmltv_id="FOX Movies Premium HD">FOX Movies Premium HD</channel>
    <channel update="i" site="mncvision.id.E" site_id="410" xmltv_id="FOX Family Movies HD">FOX Family Movies HD</channel>
    <channel update="i" site="mncvision.id.E" site_id="411" xmltv_id="FOX Action Movies HD">FOX Action Movies HD</channel>
    <channel update="i" site="mncvision.id.E" site_id="421" xmltv_id="FOX Sports HD">FOX Sports HD</channel>
    <channel update="i" site="mncvision.id.E" site_id="422" xmltv_id="FOX Sports 2 HD">FOX Sports 2 HD</channel>
    <channel update="i" site="mncvision.id.E" site_id="425" xmltv_id="beIN Sports 1 HD">beIN Sports 1 HD</channel>
    <channel update="i" site="mncvision.id.E" site_id="426" xmltv_id="beIN Sports 2 HD">beIN Sports 2 HD</channel>
    <channel update="i" site="mncvision.id.E" site_id="430" xmltv_id="RCTI HD">RCTI HD</channel>
    <channel update="i" site="mncvision.id.E" site_id="436" xmltv_id="Diva HD">Diva HD</channel>
    <channel update="i" site="mncvision.id.E" site_id="437" xmltv_id="FOX HD">FOX HD</channel>
    <channel update="i" site="mncvision.id.E" site_id="438" xmltv_id="AXN HD">AXN HD</channel>
    <channel update="i" site="mncvision.id.E" site_id="439" xmltv_id="Fox Life HD">Fox Life HD</channel>
    <channel update="i" site="mncvision.id.E" site_id="440" xmltv_id="Sony One HD">Sony One HD</channel>
    <channel update="i" site="mncvision.id.E" site_id="450" xmltv_id="National Geographic Channel HD">National Geographic Channel HD</channel>
    <channel update="i" site="mncvision.id.E" site_id="471" xmltv_id="Disney HD">Disney HD</channel>
  </channels>
</site>