﻿<?xml version="1.0" encoding="UTF-8"?>
<site generator-info-name="WebGrab+Plus/w MDB &amp; REX Postprocess -- version V3.0.2.1 -- Jan van Straaten" site="transvision.co.id">
  <channels>
    <channel update="i" site="transvision.co.id" site_id="TRIS" xmltv_id="!nsert">!nsert</channel>
    <channel update="i" site="transvision.co.id" site_id="AFCK" xmltv_id="AFC (Asian Food Channel) HD">AFC (Asian Food Channel) HD</channel>
    <channel update="i" site="transvision.co.id" site_id="ALZA" xmltv_id="Al Jazeera">Al Jazeera</channel>
    <channel update="i" site="transvision.co.id" site_id="AQAK" xmltv_id="Al Quran Al Kareem TV">Al Quran Al Kareem TV</channel>
    <channel update="i" site="transvision.co.id" site_id="ANI" xmltv_id="Animax">Animax</channel>
    <channel update="i" site="transvision.co.id" site_id="ANIP" xmltv_id="AniPlus">AniPlus</channel>
    <channel update="i" site="transvision.co.id" site_id="ANTV" xmltv_id="ANTV">ANTV</channel>
    <channel update="i" site="transvision.co.id" site_id="AXN" xmltv_id="AXN HD">AXN HD</channel>
    <channel update="i" site="transvision.co.id" site_id="BBF" xmltv_id="BabyFirst TV">BabyFirst TV</channel>
    <channel update="i" site="transvision.co.id" site_id="BST" xmltv_id="BeritaSatu">BeritaSatu</channel>
    <channel update="i" site="transvision.co.id" site_id="TRBI" xmltv_id="Bioskop Indonesia">Bioskop Indonesia</channel>
    <channel update="i" site="transvision.co.id" site_id="BLO" xmltv_id="Bloomberg TV Asia">Bloomberg TV Asia</channel>
    <channel update="i" site="transvision.co.id" site_id="RTLK" xmltv_id="BlueAnt Entertainment HD">BlueAnt Entertainment HD</channel>
    <channel update="i" site="transvision.co.id" site_id="BOOM" xmltv_id="Boomerang HD">Boomerang HD</channel>
    <channel update="i" site="transvision.co.id" site_id="CAR" xmltv_id="Cartoon Network HD">Cartoon Network HD</channel>
    <channel update="i" site="transvision.co.id" site_id="CCTV" xmltv_id="CCTV-4">CCTV-4</channel>
    <channel update="i" site="transvision.co.id" site_id="CELE" xmltv_id="Celestial Movies">Celestial Movies</channel>
    <channel update="i" site="transvision.co.id" site_id="CCNE" xmltv_id="CGTN">CGTN</channel>
    <channel update="i" site="transvision.co.id" site_id="CC9" xmltv_id="CGTN Documentary">CGTN Documentary</channel>
    <channel update="i" site="transvision.co.id" site_id="CHNV" xmltv_id="Channel [V] HD">Channel [V] HD</channel>
    <channel update="i" site="transvision.co.id" site_id="CIWO" xmltv_id="Cinema World HD">Cinema World HD</channel>
    <channel update="i" site="transvision.co.id" site_id="CMX" xmltv_id="CINEMAX HD">CINEMAX HD</channel>
    <channel update="i" site="transvision.co.id" site_id="NAC" xmltv_id="CNA">CNA</channel>
    <channel update="i" site="transvision.co.id" site_id="CNBC" xmltv_id="CNBC Asia">CNBC Asia</channel>
    <channel update="i" site="transvision.co.id" site_id="CNI" xmltv_id="CNN Indonesia HD">CNN Indonesia HD</channel>
    <channel update="i" site="transvision.co.id" site_id="CNN" xmltv_id="CNN International HD">CNN International HD</channel>
    <channel update="i" site="transvision.co.id" site_id="COMC" xmltv_id="Comedy Central">Comedy Central</channel>
    <channel update="i" site="transvision.co.id" site_id="CI" xmltv_id="Crime &amp; Investigation HD">Crime &amp; Investigation HD</channel>
    <channel update="i" site="transvision.co.id" site_id="DVL" xmltv_id="Da Vinci Learning">Da Vinci Learning</channel>
    <channel update="i" site="transvision.co.id" site_id="DAAI" xmltv_id="DAAI TV">DAAI TV</channel>
    <channel update="i" site="transvision.co.id" site_id="DI" xmltv_id="Disney Channel HD">Disney Channel HD</channel>
    <channel update="i" site="transvision.co.id" site_id="DIJU" xmltv_id="Disney Junior">Disney Junior</channel>
    <channel update="i" site="transvision.co.id" site_id="DUCK" xmltv_id="Duck TV">Duck TV</channel>
    <channel update="i" site="transvision.co.id" site_id="AND" xmltv_id="Dunia Anak">Dunia Anak</channel>
    <channel update="i" site="transvision.co.id" site_id="TRDU" xmltv_id="Dunia Lain">Dunia Lain</channel>
    <channel update="i" site="transvision.co.id" site_id="DWT" xmltv_id="DW">DW</channel>
    <channel update="i" site="transvision.co.id" site_id="TREA" xmltv_id="Eat N Go">Eat N Go</channel>
    <channel update="i" site="transvision.co.id" site_id="EURO" xmltv_id="Euronews">Euronews</channel>
    <channel update="i" site="transvision.co.id" site_id="F1KU" xmltv_id="Fashion One HD">Fashion One HD</channel>
    <channel update="i" site="transvision.co.id" site_id="FTV" xmltv_id="Fashion TV HD">Fashion TV HD</channel>
    <channel update="i" site="transvision.co.id" site_id="FSP" xmltv_id="Fight Sports HD">Fight Sports HD</channel>
    <channel update="i" site="transvision.co.id" site_id="FAM" xmltv_id="FOX Action Movies HD">FOX Action Movies HD</channel>
    <channel update="i" site="transvision.co.id" site_id="FOXC" xmltv_id="FOX Crime HD">FOX Crime HD</channel>
    <channel update="i" site="transvision.co.id" site_id="FFM" xmltv_id="FOX Family Movies HD">FOX Family Movies HD</channel>
    <channel update="i" site="transvision.co.id" site_id="FOX" xmltv_id="FOX HD">FOX HD</channel>
    <channel update="i" site="transvision.co.id" site_id="FLI" xmltv_id="FOX Life">FOX Life</channel>
    <channel update="i" site="transvision.co.id" site_id="FMP" xmltv_id="FOX Movies">FOX Movies</channel>
    <channel update="i" site="transvision.co.id" site_id="FXSP" xmltv_id="FOX Sports  HD">FOX Sports  HD</channel>
    <channel update="i" site="transvision.co.id" site_id="FSP2" xmltv_id="FOX Sports 2 HD">FOX Sports 2 HD</channel>
    <channel update="i" site="transvision.co.id" site_id="FSPL" xmltv_id="FOX Sports 3 HD">FOX Sports 3 HD</channel>
    <channel update="i" site="transvision.co.id" site_id="FRC" xmltv_id="France24">France24</channel>
    <channel update="i" site="transvision.co.id" site_id="FX" xmltv_id="FX HD">FX HD</channel>
    <channel update="i" site="transvision.co.id" site_id="BIO" xmltv_id="Fyi, HD">Fyi, HD</channel>
    <channel update="i" site="transvision.co.id" site_id="GEM" xmltv_id="GEM">GEM</channel>
    <channel update="i" site="transvision.co.id" site_id="GINX" xmltv_id="GINX TV">GINX TV</channel>
    <channel update="i" site="transvision.co.id" site_id="GLO" xmltv_id="Global TV">Global TV</channel>
    <channel update="i" site="transvision.co.id" site_id="GPLU" xmltv_id="GOLF+ HD">GOLF+ HD</channel>
    <channel update="i" site="transvision.co.id" site_id="HBF" xmltv_id="HBO Family HD">HBO Family HD</channel>
    <channel update="i" site="transvision.co.id" site_id="HBO" xmltv_id="HBO HD">HBO HD</channel>
    <channel update="i" site="transvision.co.id" site_id="HBH" xmltv_id="HBO Hits HD">HBO Hits HD</channel>
    <channel update="i" site="transvision.co.id" site_id="HBOS" xmltv_id="HBO Signature HD">HBO Signature HD</channel>
    <channel update="i" site="transvision.co.id" site_id="HIS" xmltv_id="History HD">History HD</channel>
    <channel update="i" site="transvision.co.id" site_id="IDS" xmltv_id="Indosiar">Indosiar</channel>
    <channel update="i" site="transvision.co.id" site_id="JAK" xmltv_id="JakTV">JakTV</channel>
    <channel update="i" site="transvision.co.id" site_id="JDL" xmltv_id="JENDELA">JENDELA</channel>
    <channel update="i" site="transvision.co.id" site_id="KBS" xmltv_id="KBS World HD">KBS World HD</channel>
    <channel update="i" site="transvision.co.id" site_id="TRKH" xmltv_id="Khazanah">Khazanah</channel>
    <channel update="i" site="transvision.co.id" site_id="KIX" xmltv_id="KIX HD">KIX HD</channel>
    <channel update="i" site="transvision.co.id" site_id="KOM" xmltv_id="Kompas TV">Kompas TV</channel>
    <channel update="i" site="transvision.co.id" site_id="LIFT" xmltv_id="Lifetime HD">Lifetime HD</channel>
    <channel update="i" site="transvision.co.id" site_id="LUKU" xmltv_id="Luxe TV HD">Luxe TV HD</channel>
    <channel update="i" site="transvision.co.id" site_id="MET" xmltv_id="Metro TV">Metro TV</channel>
    <channel update="i" site="transvision.co.id" site_id="MNC" xmltv_id="MNCTV">MNCTV</channel>
    <channel update="i" site="transvision.co.id" site_id="MTLU" xmltv_id="MTV Live">MTV Live</channel>
    <channel update="i" site="transvision.co.id" site_id="NGC" xmltv_id="National Geographic HD">National Geographic HD</channel>
    <channel update="i" site="transvision.co.id" site_id="NGP" xmltv_id="National Geographic People HD">National Geographic People HD</channel>
    <channel update="i" site="transvision.co.id" site_id="NGW" xmltv_id="National Geographic Wild HD">National Geographic Wild HD</channel>
    <channel update="i" site="transvision.co.id" site_id="NHP" xmltv_id="NHK World Premium">NHK World Premium</channel>
    <channel update="i" site="transvision.co.id" site_id="NCJ" xmltv_id="Nick Jr.">Nick Jr.</channel>
    <channel update="i" site="transvision.co.id" site_id="NCK" xmltv_id="Nickelodeon">Nickelodeon</channel>
    <channel update="i" site="transvision.co.id" site_id="OHKU" xmltv_id="Oh!K HD">Oh!K HD</channel>
    <channel update="i" site="transvision.co.id" site_id="OUT" xmltv_id="Outdoor Channel">Outdoor Channel</channel>
    <channel update="i" site="transvision.co.id" site_id="RCTI" xmltv_id="RCTI">RCTI</channel>
    <channel update="i" site="transvision.co.id" site_id="BCH" xmltv_id="RTV">RTV</channel>
    <channel update="i" site="transvision.co.id" site_id="ONE" xmltv_id="S-ONE HD">S-ONE HD</channel>
    <channel update="i" site="transvision.co.id" site_id="SCML" xmltv_id="SCM Legend">SCM Legend</channel>
    <channel update="i" site="transvision.co.id" site_id="SCTV" xmltv_id="SCTV">SCTV</channel>
    <channel update="i" site="transvision.co.id" site_id="TRSH" xmltv_id="Showcase">Showcase</channel>
    <channel update="i" site="transvision.co.id" site_id="STCH" xmltv_id="STAR Chinese Channel">STAR Chinese Channel</channel>
    <channel update="i" site="transvision.co.id" site_id="STCM" xmltv_id="STAR Chinese Movies HD">STAR Chinese Movies HD</channel>
    <channel update="i" site="transvision.co.id" site_id="CMTV" xmltv_id="Stingray CMusic">Stingray CMusic</channel>
    <channel update="i" site="transvision.co.id" site_id="TRTT" xmltv_id="Tahan Tawa">Tahan Tawa</channel>
    <channel update="i" site="transvision.co.id" site_id="THR" xmltv_id="Thrill">Thrill</channel>
    <channel update="i" site="transvision.co.id" site_id="TRTV" xmltv_id="TRANS TV HD">TRANS TV HD</channel>
    <channel update="i" site="transvision.co.id" site_id="TR7" xmltv_id="TRANS7 HD">TRANS7 HD</channel>
    <channel update="i" site="transvision.co.id" site_id="TVN" xmltv_id="tvN HD">tvN HD</channel>
    <channel update="i" site="transvision.co.id" site_id="TV1" xmltv_id="tvOne">tvOne</channel>
    <channel update="i" site="transvision.co.id" site_id="TVRI" xmltv_id="TVRI">TVRI</channel>
    <channel update="i" site="transvision.co.id" site_id="WAKU" xmltv_id="WakuWaku Japan">WakuWaku Japan</channel>
    <channel update="i" site="transvision.co.id" site_id="WAR" xmltv_id="Warner TV HD">Warner TV HD</channel>
    <channel update="i" site="transvision.co.id" site_id="ZBIO" xmltv_id="Z Bioskop">Z Bioskop</channel>
  </channels>
</site>